show_id,type,title,date_added,release_year,rating,monthly_code,duration
s1,Movie,Dick Johnson Is Dead,Sep-25-2021,2020,PG-13,Sep,90 min
s21,TV Show,Monsters Inside: The 24 Faces of Billy Milligan,Sep-22-2021,2021,TV-14,Sep,1 Season
s22,TV Show,Resurrection: Ertugrul,Sep-22-2021,2018,TV-14,Sep,5 Seasons
s23,Movie,Avvai Shanmughi,Sep-21-2021,1996,TV-PG,Sep,161 min
s24,Movie,Go! Go! Cory Carson: Chrissy Takes the Wheel,Sep-21-2021,2021,TV-Y,Sep,61 min
s25,Movie,Jeans,Sep-21-2021,1998,TV-14,Sep,166 min
s26,TV Show,Love on the Spectrum,Sep-21-2021,2021,TV-14,Sep,2 Seasons
s27,Movie,Minsara Kanavu,Sep-21-2021,1997,TV-PG,Sep,147 min
s28,Movie,Grown Ups,Sep-20-2021,2010,PG-13,Sep,103 min
s29,Movie,Dark Skies,Sep-19-2021,2013,PG-13,Sep,97 min
s30,Movie,Paranoia,Sep-19-2021,2013,PG-13,Sep,106 min
s31,Movie,Ankahi Kahaniya,Sep-17-2021,2021,TV-14,Sep,111 min
s32,TV Show,Chicago Party Aunt,Sep-17-2021,2021,TV-MA,Sep,1 Season
s33,TV Show,Sex Education,Sep-17-2021,2020,TV-MA,Sep,3 Seasons
s34,TV Show,Squid Game,Sep-17-2021,2021,TV-MA,Sep,1 Season
s35,TV Show,Tayo and Little Wizards,Sep-17-2021,2020,TV-Y7,Sep,1 Season
s36,Movie,The Father Who Moves Mountains,Sep-17-2021,2021,TV-MA,Sep,110 min
s37,Movie,The Stronghold,Sep-17-2021,2021,TV-MA,Sep,105 min
s38,TV Show,Angry Birds,Sep-16-2021,2018,TV-Y7,Sep,1 Season
s39,Movie,Birth of the Dragon,Sep-16-2021,2017,PG-13,Sep,96 min
s40,TV Show,Chhota Bheem,Sep-16-2021,2021,TV-Y7,Sep,3 Seasons
s41,TV Show,He-Man and the Masters of the Universe,Sep-16-2021,2021,TV-Y7,Sep,1 Season
s42,Movie,Jaws,Sep-16-2021,1975,PG,Sep,124 min
s43,Movie,Jaws 2,Sep-16-2021,1978,PG,Sep,116 min
s44,Movie,Jaws 3,Sep-16-2021,1983,PG,Sep,98 min
s45,Movie,Jaws: The Revenge,Sep-16-2021,1987,PG-13,Sep,91 min
s46,Movie,My Heroes Were Cowboys,Sep-16-2021,2021,PG,Sep,23 min
s47,Movie,Safe House,Sep-16-2021,2012,R,Sep,115 min
s48,TV Show,The Smart Money Woman,Sep-16-2021,2020,TV-MA,Sep,1 Season
s49,Movie,Training Day,Sep-16-2021,2001,R,Sep,122 min
s50,TV Show,Castle and Castle,Sep-15-2021,2021,TV-MA,Sep,2 Seasons
s51,TV Show,Dharmakshetra,Sep-15-2021,2014,TV-PG,Sep,1 Season
s52,Movie,InuYasha the Movie 2: The Castle Beyond the Looking Glass,Sep-15-2021,2002,TV-14,Sep,99 min
s53,Movie,InuYasha the Movie 3: Swords of an Honorable Ruler,Sep-15-2021,2003,TV-14,Sep,99 min
s54,Movie,InuYasha the Movie 4: Fire on the Mystic Island,Sep-15-2021,2004,TV-PG,Sep,88 min
s55,Movie,InuYasha the Movie: Affections Touching Across Time,Sep-15-2021,2001,TV-PG,Sep,100 min
s56,TV Show,Nailed It,Sep-15-2021,2021,TV-PG,Sep,6 Seasons
s57,Movie,Naruto Shippuden the Movie: Blood Prison,Sep-15-2021,2011,TV-14,Sep,102 min
s58,Movie,Naruto Shippûden the Movie: Bonds,Sep-15-2021,2008,TV-PG,Sep,93 min
s59,Movie,Naruto Shippûden the Movie: The Will of Fire,Sep-15-2021,2009,TV-PG,Sep,96 min
s60,Movie,Naruto Shippuden: The Movie,Sep-15-2021,2007,TV-PG,Sep,95 min
s61,Movie,Naruto Shippuden: The Movie: The Lost Tower,Sep-15-2021,2010,TV-14,Sep,85 min
s62,Movie,Naruto the Movie 2: Legend of the Stone of Gelel,Sep-15-2021,2005,TV-PG,Sep,97 min
s63,Movie,Naruto the Movie 3: Guardians of the Crescent Moon Kingdom,Sep-15-2021,2006,TV-PG,Sep,95 min
s64,Movie,Naruto the Movie: Ninja Clash in the Land of Snow,Sep-15-2021,2004,TV-PG,Sep,83 min
s65,Movie,Nightbooks,Sep-15-2021,2021,TV-PG,Sep,103 min
s66,TV Show,Numberblocks,Sep-15-2021,2021,TV-Y,Sep,6 Seasons
s67,TV Show,Raja Rasoi Aur Anya Kahaniyan,Sep-15-2021,2014,TV-G,Sep,1 Season
s68,TV Show,Saved by the Bell,Sep-15-2021,1994,TV-PG,Sep,9 Seasons
s69,Movie,Schumacher,Sep-15-2021,2021,TV-14,Sep,113 min
s70,TV Show,Stories by Rabindranath Tagore,Sep-15-2021,2015,TV-PG,Sep,1 Season
s71,TV Show,Too Hot To Handle: Latino,Sep-15-2021,2021,TV-MA,Sep,1 Season
s72,Movie,A StoryBots Space Adventure,Sep-14-2021,2021,TV-Y,Sep,13 min
s73,TV Show,Jack Whitehall: Travels with My Father,Sep-14-2021,2021,TV-MA,Sep,5 Seasons
s74,Movie,King of Boys,Sep-14-2021,2018,TV-MA,Sep,182 min
s75,TV Show,The World's Most Amazing Vacation Rentals,Sep-14-2021,2021,TV-PG,Sep,2 Seasons
s76,Movie,You vs. Wild: Out Cold,Sep-14-2021,2021,TV-G,Sep,106 min
s77,TV Show,Yowamushi Pedal,Sep-14-2021,2013,TV-14,Sep,1 Season
s78,Movie,Little Singham - Black Shadow,Sep-11-2021,2021,TV-Y7,Sep,48 min
s79,Movie,Tughlaq Durbar,Sep-11-2021,2020,TV-14,Sep,145 min
s80,Movie,Tughlaq Durbar (Telugu),Sep-11-2021,2021,TV-14,Sep,145 min
s81,Movie,Firedrake the Silver Dragon,Sep-10-2021,2021,TV-Y7,Sep,93 min
s82,Movie,Kate,Sep-10-2021,2021,R,Sep,106 min
s83,TV Show,Lucifer,Sep-10-2021,2021,TV-14,Sep,6 Seasons
s84,TV Show,Metal Shop Masters,Sep-10-2021,2021,TV-MA,Sep,1 Season
s85,Movie,Omo Ghetto: the Saga,Sep-10-2021,2020,TV-MA,Sep,147 min
s86,TV Show,Pokémon Master Journeys: The Series,Sep-10-2021,2021,TV-Y7,Sep,1 Season
s87,Movie,Prey,Sep-10-2021,2021,TV-MA,Sep,87 min
s88,TV Show,Titipo Titipo,Sep-10-2021,2019,TV-Y,Sep,2 Seasons
s89,Movie,Blood Brothers: Malcolm X & Muhammad Ali,Sep-9-2021,2021,PG-13,Sep,96 min
s90,TV Show,Mighty Raju,Sep-9-2021,2017,TV-Y7,Sep,4 Seasons
s91,Movie,Paradise Hills,Sep-9-2021,2019,TV-MA,Sep,95 min
s92,Movie,The Women and the Murderer,Sep-9-2021,2021,TV-14,Sep,92 min
s93,TV Show,Into the Night,Sep-8-2021,2021,TV-MA,Sep,2 Seasons
s94,Movie,JJ+E,Sep-8-2021,2021,TV-MA,Sep,91 min
s95,Movie,Show Dogs,Sep-8-2021,2018,PG,Sep,90 min
s96,TV Show,The Circle,Sep-8-2021,2021,TV-MA,Sep,3 Seasons
s97,Movie,If I Leave Here Tomorrow: A Film About Lynyrd Skynyrd,Sep-7-2021,2018,TV-MA,Sep,97 min
s98,TV Show,Kid Cosmic,Sep-7-2021,2021,TV-Y7,Sep,2 Seasons
s99,TV Show,Octonauts: Above & Beyond,Sep-7-2021,2021,TV-Y,Sep,1 Season
s100,TV Show,On the Verge,Sep-7-2021,2021,TV-MA,Sep,1 Season
s101,TV Show,Tobot Galaxy Detectives,Sep-7-2021,2019,TV-Y7,Sep,2 Seasons
s102,Movie,Untold: Breaking Point,Sep-7-2021,2021,TV-MA,Sep,80 min
s103,TV Show,Countdown: Inspiration4 Mission to Space,Sep-6-2021,2021,TV-14,Sep,1 Season
s104,Movie,Shadow Parties,Sep-6-2021,2020,TV-MA,Sep,117 min
s105,TV Show,Tayo the Little Bus,Sep-6-2021,2016,TV-Y,Sep,2 Seasons
s106,Movie,Angamaly Diaries,Sep-5-2021,2017,TV-14,Sep,128 min
s107,TV Show,Bunk'd,Sep-5-2021,2021,TV-G,Sep,5 Seasons
s108,Movie,A Champion Heart,Sep-4-2021,2018,G,Sep,90 min
s109,TV Show,Dive Club,Sep-3-2021,2021,TV-G,Sep,1 Season
s110,TV Show,La casa de papel,Sep-3-2021,2021,TV-MA,Sep,5 Seasons
s111,TV Show,Money Heist: From Tokyo to Berlin,Sep-3-2021,2021,TV-MA,Sep,1 Season
s112,TV Show,Sharkdog,Sep-3-2021,2021,TV-Y,Sep,1 Season
s113,Movie,Worth,Sep-3-2021,2021,PG-13,Sep,119 min
s114,Movie,Afterlife of the Party,Sep-2-2021,2021,TV-PG,Sep,110 min
s115,Movie,Anjaam,Sep-2-2021,1994,TV-14,Sep,143 min
s116,Movie,Bright Star,Sep-2-2021,2009,PG,Sep,119 min
s117,Movie,Dhanak,Sep-2-2021,2015,TV-PG,Sep,114 min
s118,Movie,Final Account,Sep-2-2021,2021,PG-13,Sep,94 min
s119,Movie,Gurgaon,Sep-2-2021,2017,TV-14,Sep,106 min
s120,Movie,Here and There,Sep-2-2021,2020,TV-MA,Sep,99 min
s121,TV Show,Heroes of Goo Jit Zu,Sep-2-2021,2021,TV-Y7,Sep,1 Season
s122,TV Show,Hotel Del Luna,Sep-2-2021,2019,TV-14,Sep,1 Season
s123,Movie,In the Cut,Sep-2-2021,2003,R,Sep,118 min
s124,TV Show,Luv Kushh,Sep-2-2021,2012,TV-Y7,Sep,1 Season
s125,TV Show,Pororo - The Little Penguin,Sep-2-2021,2013,TV-Y7,Sep,3 Seasons
s126,TV Show,Q-Force,Sep-2-2021,2021,TV-MA,Sep,1 Season
s127,Movie,Shikara,Sep-2-2021,2020,TV-14,Sep,115 min
s128,Movie,A Cinderella Story,Sep-1-2021,2004,PG,Sep,95 min
s129,Movie,Agatha Christie's Crooked House,Sep-1-2021,2017,PG-13,Sep,115 min
s130,Movie,An Unfinished Life,Sep-1-2021,2005,PG-13,Sep,108 min
s131,Movie,Barbie Big City Big Dreams,Sep-1-2021,2021,TV-Y,Sep,63 min
s132,Movie,Blade Runner: The Final Cut,Sep-1-2021,1982,R,Sep,117 min
s133,TV Show,Brave Animated Series,Sep-1-2021,2021,TV-MA,Sep,1 Season
s134,Movie,Chappie,Sep-1-2021,2015,R,Sep,121 min
s135,Movie,Clear and Present Danger,Sep-1-2021,1994,PG-13,Sep,142 min
s136,Movie,Cliffhanger,Sep-1-2021,1993,R,Sep,113 min
s137,Movie,Cold Mountain,Sep-1-2021,2003,R,Sep,154 min
s138,Movie,Crocodile Dundee in Los Angeles,Sep-1-2021,2001,PG,Sep,95 min
s139,Movie,Dear John,Sep-1-2021,2010,PG-13,Sep,108 min
s140,Movie,Do the Right Thing,Sep-1-2021,1989,R,Sep,120 min
s141,Movie,"El patrón, radiografía de un crimen",Sep-1-2021,2014,TV-MA,Sep,100 min
s142,Movie,Extraction,Sep-1-2021,2015,R,Sep,82 min
s143,Movie,Freedom Writers,Sep-1-2021,2007,PG-13,Sep,124 min
s144,Movie,Green Lantern,Sep-1-2021,2011,PG-13,Sep,114 min
s145,Movie,House Party,Sep-1-2021,1990,R,Sep,104 min
s146,Movie,House Party 2,Sep-1-2021,1991,R,Sep,94 min
s147,Movie,House Party 3,Sep-1-2021,1994,R,Sep,94 min
s148,TV Show,How to Be a Cowboy,Sep-1-2021,2021,TV-PG,Sep,1 Season
s149,TV Show,HQ Barbers,Sep-1-2021,2020,TV-14,Sep,1 Season
s150,Movie,I Got the Hook Up,Sep-1-2021,1998,R,Sep,93 min
s151,Movie,In Too Deep,Sep-1-2021,1999,R,Sep,97 min
s152,Movie,Initial D,Sep-1-2021,2005,TV-14,Sep,109 min
s153,Movie,Janoskians: Untold and Untrue,Sep-1-2021,2016,TV-MA,Sep,88 min
s154,TV Show,Kid-E-Cats,Sep-1-2021,2016,TV-Y,Sep,2 Seasons
s155,TV Show,Kuroko's Basketball,Sep-1-2021,2015,TV-MA,Sep,3 Seasons
s156,Movie,Labyrinth,Sep-1-2021,1986,PG,Sep,101 min
s157,Movie,Letters to Juliet,Sep-1-2021,2010,PG,Sep,105 min
s158,Movie,Level 16,Sep-1-2021,2018,TV-14,Sep,102 min
s159,Movie,Love Don't Cost a Thing,Sep-1-2021,2003,PG-13,Sep,101 min
s160,Movie,Love in a Puff,Sep-1-2021,2010,TV-MA,Sep,103 min
s161,TV Show,Major Dad,Sep-1-2021,1992,TV-PG,Sep,4 Seasons
s162,Movie,Mars Attacks!,Sep-1-2021,1996,PG-13,Sep,106 min
s163,Movie,Marshall,Sep-1-2021,2017,PG-13,Sep,118 min
s164,Movie,My Boss's Daughter,Sep-1-2021,2003,R,Sep,86 min
s165,Movie,Mystery Men,Sep-1-2021,1999,PG-13,Sep,121 min
s166,TV Show,Oldsters,Sep-1-2021,2019,TV-MA,Sep,1 Season
s167,Movie,Once Upon a Time in America,Sep-1-2021,1984,R,Sep,229 min
s168,Movie,Open Season 2,Sep-1-2021,2008,PG,Sep,76 min
s169,Movie,Osmosis Jones,Sep-1-2021,2001,PG,Sep,95 min
s170,Movie,Poseidon,Sep-1-2021,2006,PG-13,Sep,98 min
s171,Movie,Rhyme & Reason,Sep-1-2021,1997,R,Sep,89 min
s172,Movie,Same Kind of Different as Me,Sep-1-2021,2017,PG-13,Sep,120 min
s173,Movie,School of Rock,Sep-1-2021,2003,PG-13,Sep,110 min
s174,Movie,Snervous Tyler Oakley,Sep-1-2021,2015,PG-13,Sep,83 min
s175,Movie,Tears of the Sun,Sep-1-2021,2003,R,Sep,121 min
s176,Movie,The Blue Lagoon,Sep-1-2021,1980,R,Sep,105 min
s177,Movie,The Golden Child,Sep-1-2021,1986,PG-13,Sep,94 min
s178,Movie,The Guns of Navarone,Sep-1-2021,1961,TV-14,Sep,156 min
s179,Movie,The Interview,Sep-1-2021,2014,R,Sep,112 min
s180,Movie,The Nutty Professor,Sep-1-2021,1996,PG-13,Sep,95 min
s181,Movie,The Nutty Professor II: The Klumps,Sep-1-2021,2000,PG-13,Sep,107 min
s182,TV Show,Turning Point: 9/11 and the War on Terror,Sep-1-2021,2021,TV-14,Sep,1 Season
s183,Movie,Welcome Home Roscoe Jenkins,Sep-1-2021,2008,PG-13,Sep,114 min
s184,Movie,In the Line of Fire,Aug-31-2021,1993,R,Aug,129 min
s185,TV Show,Sparking Joy,Aug-31-2021,2021,TV-PG,Aug,1 Season
s186,Movie,Untold: Crime & Penalties,Aug-31-2021,2021,TV-MA,Aug,86 min
s187,TV Show,Hometown Cha-Cha-Cha,Aug-29-2021,2021,TV-14,Aug,1 Season
s188,TV Show,The Ingenuity of the Househusband,Aug-29-2021,2021,TV-G,Aug,1 Season
s189,Movie,2 Alone in Paris,Aug-28-2021,2008,TV-MA,Aug,97 min
s190,TV Show,Bread Barbershop,Aug-28-2021,2020,TV-Y,Aug,2 Seasons
s191,Movie,Thimmarusu,Aug-28-2021,2021,TV-14,Aug,125 min
s192,Movie,Wind River,Aug-28-2021,2017,R,Aug,107 min
s193,Movie,C Kkompany,Aug-27-2021,2008,TV-14,Aug,127 min
s194,TV Show,D.P.,Aug-27-2021,2021,TV-MA,Aug,1 Season
s195,TV Show,Deadly Sins,Aug-27-2021,2002,TV-MA,Aug,1 Season
s196,Movie,EMI: Liya Hai To Chukana Padega,Aug-27-2021,2008,TV-14,Aug,128 min
s197,Movie,He's All That,Aug-27-2021,2021,TV-14,Aug,92 min
s198,TV Show,I Heart Arlo,Aug-27-2021,2021,TV-Y7,Aug,1 Season
s199,TV Show,King of Boys: The Return of the King,Aug-27-2021,2021,TV-MA,Aug,1 Season
s200,Movie,Koi Aap Sa,Aug-27-2021,2006,TV-14,Aug,135 min
s201,Movie,Krishna Cottage,Aug-27-2021,2004,TV-14,Aug,124 min
s202,Movie,Kucch To Hai,Aug-27-2021,2003,TV-14,Aug,136 min
s203,Movie,Kyaa Kool Hai Hum,Aug-27-2021,2005,TV-MA,Aug,165 min
s204,Movie,Kyaa Kool Hain Hum 3,Aug-27-2021,2016,TV-MA,Aug,124 min
s205,Movie,Kyaa Super Kool Hain Hum,Aug-27-2021,2012,TV-MA,Aug,136 min
s206,Movie,Kyo Kii... Main Jhuth Nahin Bolta,Aug-27-2021,2001,TV-14,Aug,150 min
s207,Movie,"LSD: Love, Sex Aur Dhokha",Aug-27-2021,2010,TV-MA,Aug,112 min
s208,Movie,Mission Istaanbul: Darr Ke Aagey Jeet Hai,Aug-27-2021,2008,TV-14,Aug,119 min
s209,Movie,Once Upon a Time in Mumbaai,Aug-27-2021,2010,TV-14,Aug,133 min
s210,Movie,Once Upon a Time in Mumbai Dobaara!,Aug-27-2021,2013,TV-14,Aug,142 min
s211,Movie,Ragini MMS,Aug-27-2021,2011,TV-MA,Aug,93 min
s212,Movie,Ragini MMS 2,Aug-27-2021,2014,TV-MA,Aug,113 min
s213,TV Show,Rebellion,Aug-27-2021,2016,TV-MA,Aug,2 Seasons
s214,TV Show,RIDE ON TIME,Aug-27-2021,2021,TV-PG,Aug,3 Seasons
s215,Movie,SAS: Rise of the Black Swan,Aug-27-2021,2021,R,Aug,124 min
s216,Movie,Shootout at Lokhandwala,Aug-27-2021,2007,TV-MA,Aug,116 min
s217,Movie,Shor In the City,Aug-27-2021,2011,TV-14,Aug,106 min
s218,Movie,The Dirty Picture,Aug-27-2021,2011,TV-14,Aug,145 min
s219,TV Show,Titletown High,Aug-27-2021,2021,TV-14,Aug,1 Season
s220,TV Show,EDENS ZERO,Aug-26-2021,2021,TV-14,Aug,1 Season
s221,TV Show,Family Reunion,Aug-26-2021,2021,TV-PG,Aug,4 Seasons
s222,Movie,"Bob Ross: Happy Accidents, Betrayal & Greed",Aug-25-2021,2021,TV-14,Aug,93 min
s223,TV Show,Clickbait,Aug-25-2021,2021,TV-MA,Aug,1 Season
s224,TV Show,John of God: The Crimes of a Spiritual Healer,Aug-25-2021,2021,TV-MA,Aug,1 Season
s225,TV Show,Motel Makeover,Aug-25-2021,2021,TV-14,Aug,1 Season
s226,TV Show,Open Your Eyes,Aug-25-2021,2021,TV-MA,Aug,1 Season
s227,TV Show,Post Mortem: No One Dies in Skarnes,Aug-25-2021,2021,TV-MA,Aug,1 Season
s228,Movie,Really Love,Aug-25-2021,2020,TV-MA,Aug,95 min
s229,Movie,The November Man,Aug-25-2021,2014,R,Aug,108 min
s230,Movie,The Old Ways,Aug-25-2021,2020,TV-MA,Aug,90 min
s231,Movie,The River Runner,Aug-25-2021,2021,TV-MA,Aug,86 min
s232,Movie,The Water Man,Aug-25-2021,2021,PG,Aug,92 min
s233,TV Show,Wheel of Fortune,Aug-25-2021,2019,TV-G,Aug,3 Seasons
s234,Movie,Count Me In,Aug-24-2021,2021,TV-MA,Aug,82 min
s235,TV Show,Oggy Oggy,Aug-24-2021,2021,TV-Y,Aug,1 Season
s236,Movie,Untold: Caitlyn Jenner,Aug-24-2021,2021,TV-PG,Aug,70 min
s237,Movie,Boomika,Aug-23-2021,2021,TV-14,Aug,122 min
s238,Movie,Boomika (Hindi),Aug-23-2021,2021,TV-14,Aug,122 min
s239,Movie,Boomika (Malayalam),Aug-23-2021,2021,TV-14,Aug,122 min
s240,Movie,Boomika (Telugu),Aug-23-2021,2021,TV-14,Aug,122 min
s241,Movie,The Witcher: Nightmare of the Wolf,Aug-23-2021,2021,TV-MA,Aug,84 min
s242,TV Show,Manifest,Aug-21-2021,2021,TV-14,Aug,3 Seasons
s243,TV Show,Comedy Premium League,Aug-20-2021,2021,TV-MA,Aug,1 Season
s244,TV Show,Everything Will Be Fine,Aug-20-2021,2021,TV-MA,Aug,1 Season
s245,Movie,Gunshot,Aug-20-2021,2018,TV-14,Aug,96 min
s246,TV Show,Korean Cold Noodle Rhapsody,Aug-20-2021,2021,TV-PG,Aug,1 Season
s247,Movie,Man in Love,Aug-20-2021,2021,TV-MA,Aug,115 min
s248,Movie,Sweet Girl,Aug-20-2021,2021,R,Aug,110 min
s249,TV Show,The Chair,Aug-20-2021,2021,TV-MA,Aug,1 Season
s250,Movie,The Loud House Movie,Aug-20-2021,2021,TV-Y7,Aug,88 min
s251,Movie,A Faraway Land,Aug-19-2021,2020,TV-PG,Aug,102 min
s252,Movie,Like Crazy,Aug-19-2021,2011,PG-13,Aug,91 min
s253,Movie,Black Island,Aug-18-2021,2021,TV-MA,Aug,105 min
s254,Movie,Bombay,Aug-18-2021,1995,TV-14,Aug,135 min
s255,TV Show,Go! Go! Cory Carson,Aug-18-2021,2021,TV-Y,Aug,5 Seasons
s256,Movie,Memories of a Murderer: The Nilsen Tapes,Aug-18-2021,2021,TV-MA,Aug,86 min
s257,Movie,Nneka The Pretty Serpent,Aug-18-2021,2020,TV-14,Aug,140 min
s258,Movie,O Kadhal Kanmani,Aug-18-2021,2015,TV-14,Aug,133 min
s259,Movie,Out of my league,Aug-18-2021,2020,TV-MA,Aug,92 min
s260,Movie,Pahuna,Aug-18-2021,2018,TV-PG,Aug,82 min
s261,TV Show,The Defeated,Aug-18-2021,2020,TV-MA,Aug,1 Season
s262,Movie,The Secret Diary of an Exchange Student,Aug-18-2021,2021,TV-14,Aug,97 min
s263,Movie,Untold: Deal With the Devil,Aug-18-2021,2021,TV-MA,Aug,78 min
s264,TV Show,Mother Goose Club,Aug-16-2021,2016,TV-Y,Aug,2 Seasons
s265,Movie,Walk of Shame,Aug-16-2021,2014,R,Aug,94 min
s266,TV Show,Rascal Does Not Dream of Bunny Girl Senpai,Aug-15-2021,2018,TV-14,Aug,1 Season
s267,TV Show,The Creative Indians,Aug-15-2021,2020,TV-MA,Aug,1 Season
s268,Movie,The Piano,Aug-15-2021,1993,R,Aug,121 min
s269,Movie,Unroyal,Aug-15-2021,2020,TV-MA,Aug,97 min
s270,TV Show,Winx Club,Aug-15-2021,2015,TV-Y7,Aug,2 Seasons
s271,Movie,Beckett,Aug-13-2021,2021,TV-MA,Aug,110 min
s272,TV Show,Brand New Cherry Flavor,Aug-13-2021,2021,TV-MA,Aug,1 Season
s273,TV Show,Fast & Furious Spy Racers,Aug-13-2021,2021,TV-Y7,Aug,5 Seasons
s274,TV Show,Gone for Good,Aug-13-2021,2021,TV-MA,Aug,1 Season
s275,TV Show,Grace and Frankie,Aug-13-2021,2021,TV-MA,Aug,7 Seasons
s276,TV Show,The Kingdom,Aug-13-2021,2021,TV-MA,Aug,1 Season
s277,TV Show,Valeria,Aug-13-2021,2021,TV-MA,Aug,2 Seasons
s278,TV Show,AlRawabi School for Girls,Aug-12-2021,2021,TV-14,Aug,1 Season
s279,Movie,Lokillo: Nothing's the Same,Aug-12-2021,2021,TV-MA,Aug,64 min
s280,Movie,Monster Hunter: Legends of the Guild,Aug-12-2021,2021,TV-PG,Aug,59 min
s281,TV Show,Bake Squad,Aug-11-2021,2021,TV-PG,Aug,1 Season
s282,Movie,Brother Jekwu,Aug-11-2021,2016,TV-14,Aug,101 min
s283,Movie,La diosa del asfalto,Aug-11-2021,2020,TV-MA,Aug,127 min
s284,Movie,Misha and the Wolves,Aug-11-2021,2021,PG-13,Aug,90 min
s285,Movie,The Kissing Booth 3,Aug-11-2021,2021,TV-14,Aug,114 min
s286,Movie,The Railway Man,Aug-11-2021,2013,R,Aug,108 min
s287,TV Show,Gabby's Dollhouse,Aug-10-2021,2021,TV-Y,Aug,2 Seasons
s288,TV Show,I Need Romance,Aug-10-2021,2021,TV-14,Aug,1 Season
s289,TV Show,Las muñecas de la mafia,Aug-10-2021,2018,TV-MA,Aug,1 Season
s290,TV Show,The Crowned Clown,Aug-10-2021,2019,TV-14,Aug,1 Season
s291,Movie,Untold: Malice at the Palace,Aug-10-2021,2021,TV-MA,Aug,70 min
s292,TV Show,SHAMAN KING,Aug-9-2021,2021,TV-14,Aug,1 Season
s293,Movie,Quartet,Aug-8-2021,2012,PG-13,Aug,98 min
s294,Movie,Slay,Aug-8-2021,2021,TV-MA,Aug,86 min
s295,Movie,Takizawa Kabuki ZERO 2020 The Movie,Aug-7-2021,2020,TV-PG,Aug,139 min
s296,Movie,The Paper Tigers,Aug-7-2021,2021,PG-13,Aug,111 min
s297,TV Show,Hit & Run,Aug-6-2021,2021,TV-MA,Aug,1 Season
s298,TV Show,Navarasa,Aug-6-2021,2021,TV-MA,Aug,1 Season
s299,Movie,Quam's Money,Aug-6-2021,2020,TV-MA,Aug,115 min
s300,Movie,The Swarm,Aug-6-2021,2021,TV-14,Aug,102 min
s301,Movie,Vivo,Aug-6-2021,2021,PG,Aug,100 min
s302,Movie,Chennai Express,Aug-5-2021,2013,TV-14,Aug,135 min
s303,Movie,City of God: 10 Years Later,Aug-5-2021,2013,TV-MA,Aug,69 min
s304,Movie,Esperando la carroza,Aug-5-2021,1985,TV-MA,Aug,95 min
s305,Movie,Lady Boss: The Jackie Collins Story,Aug-5-2021,2021,TV-14,Aug,97 min
s306,Movie,Tango Feroz,Aug-5-2021,1993,TV-MA,Aug,124 min
s307,Movie,'76,Aug-4-2021,2016,TV-PG,Aug,118 min
s308,Movie,Aftermath,Aug-4-2021,2021,TV-MA,Aug,115 min
s309,Movie,American Masters: Inventing David Geffen,Aug-4-2021,2012,TV-MA,Aug,115 min
s310,TV Show,Car Masters: Rust to Riches,Aug-4-2021,2021,TV-PG,Aug,3 Seasons
s311,TV Show,Cocaine Cowboys: The Kings of Miami,Aug-4-2021,2021,TV-MA,Aug,1 Season
s312,TV Show,Control Z,Aug-4-2021,2021,TV-MA,Aug,2 Seasons
s313,TV Show,Cooking With Paris,Aug-4-2021,2021,TV-MA,Aug,1 Season
s314,TV Show,Autumn's Concerto,Aug-3-2021,2009,TV-14,Aug,1 Season
s315,Movie,Heavy,Aug-3-2021,1995,R,Aug,104 min
s316,Movie,Ije: The Journey,Aug-3-2021,2010,TV-MA,Aug,106 min
s317,TV Show,Office Girls,Aug-3-2021,2011,TV-14,Aug,1 Season
s318,Movie,Pray Away,Aug-3-2021,2021,PG-13,Aug,102 min
s319,Movie,Shiny_Flakes: The Teenage Drug Lord,Aug-3-2021,2021,TV-MA,Aug,97 min
s320,TV Show,The Prince Who Turns into a Frog,Aug-3-2021,2005,TV-14,Aug,1 Season
s321,TV Show,Top Secret UFO Projects: Declassified,Aug-3-2021,2021,TV-PG,Aug,1 Season
s322,TV Show,Two Fathers,Aug-3-2021,2013,TV-14,Aug,1 Season
s323,TV Show,You're My Destiny,Aug-3-2021,2008,TV-MA,Aug,1 Season
s324,TV Show,30 Rock,Aug-1-2021,2012,TV-14,Aug,7 Seasons
s325,TV Show,44 Cats,Aug-1-2021,2020,TV-Y7,Aug,3 Seasons
s326,Movie,Beethoven,Aug-1-2021,1992,PG,Aug,87 min
s327,Movie,Beethoven's 2nd,Aug-1-2021,1993,PG,Aug,88 min
s328,Movie,Beowulf,Aug-1-2021,2007,PG-13,Aug,114 min
s329,Movie,Boyka: Undisputed,Aug-1-2021,2016,R,Aug,90 min
s330,Movie,Catch Me If You Can,Aug-1-2021,2002,PG-13,Aug,142 min
s331,Movie,Cloudy with a Chance of Meatballs,Aug-1-2021,2009,PG,Aug,90 min
s332,TV Show,Darwin’s Game,Aug-1-2021,2020,TV-MA,Aug,1 Season
s333,Movie,Deep Blue Sea,Aug-1-2021,1999,R,Aug,105 min
s334,Movie,Ferris Bueller's Day Off,Aug-1-2021,1986,PG-13,Aug,103 min
s335,Movie,Five Feet Apart,Aug-1-2021,2019,PG-13,Aug,116 min
s336,Movie,Freedomland,Aug-1-2021,2006,R,Aug,113 min
s337,TV Show,Friday Night Lights,Aug-1-2021,2010,TV-14,Aug,5 Seasons
s338,Movie,Good Luck Chuck,Aug-1-2021,2007,R,Aug,99 min
s339,TV Show,Hunter X Hunter (2011),Aug-1-2021,2014,TV-14,Aug,6 Seasons
s340,Movie,I missed you: Director's Cut,Aug-1-2021,2021,TV-14,Aug,96 min
s341,Movie,Inception,Aug-1-2021,2010,PG-13,Aug,148 min
s342,Movie,Magnolia,Aug-1-2021,1999,R,Aug,189 min
s343,Movie,Major Payne,Aug-1-2021,1995,PG-13,Aug,97 min
s344,Movie,My Girl,Aug-1-2021,1991,PG-13,Aug,102 min
s345,Movie,My Girl 2,Aug-1-2021,1994,PG,Aug,99 min
s346,Movie,Open Season: Scared Silly,Aug-1-2021,2015,PG,Aug,85 min
s347,Movie,Pineapple Express,Aug-1-2021,2008,R,Aug,112 min
s348,Movie,Planet 51,Aug-1-2021,2009,PG,Aug,91 min
s349,Movie,Poms,Aug-1-2021,2019,PG-13,Aug,91 min
s350,Movie,Seabiscuit,Aug-1-2021,2003,PG-13,Aug,141 min
s351,Movie,Space Cowboys,Aug-1-2021,2000,PG-13,Aug,130 min
s352,Movie,Team America: World Police,Aug-1-2021,2004,R,Aug,98 min
s353,Movie,The Edge of Seventeen,Aug-1-2021,2016,R,Aug,105 min
s354,Movie,The Haunting in Connecticut 2: Ghosts of Georgia,Aug-1-2021,2013,R,Aug,101 min
s355,Movie,The Last Boy Scout,Aug-1-2021,1991,R,Aug,105 min
s356,Movie,The Lincoln Lawyer,Aug-1-2021,2011,R,Aug,118 min
s357,Movie,The Losers,Aug-1-2021,2010,PG-13,Aug,97 min
s358,Movie,The Machinist,Aug-1-2021,2004,R,Aug,102 min
s359,Movie,The Net,Aug-1-2021,1995,PG-13,Aug,114 min
s360,Movie,The Original Kings of Comedy,Aug-1-2021,2000,R,Aug,111 min
s361,Movie,Valentine's Day,Aug-1-2021,2010,PG-13,Aug,125 min
s362,TV Show,Charmed,Jul-31-2021,2021,TV-14,Jul,3 Seasons
s363,Movie,The Lost Café,Jul-31-2021,2018,TV-14,Jul,76 min
s364,Movie,The Vault,Jul-31-2021,2021,R,Jul,118 min
s365,TV Show,Centaurworld,Jul-30-2021,2021,TV-Y7,Jul,1 Season
s366,Movie,Eyes of a Thief,Jul-30-2021,2014,TV-14,Jul,103 min
s367,TV Show,Glow Up,Jul-30-2021,2021,TV-14,Jul,3 Seasons
s368,Movie,I'm Glad I Did,Jul-30-2021,2020,TV-14,Jul,114 min
s369,TV Show,Khawatir,Jul-30-2021,2009,TV-14,Jul,1 Season
s370,TV Show,Myth & Mogul: John DeLorean,Jul-30-2021,2021,TV-14,Jul,1 Season
s371,TV Show,Outer Banks,Jul-30-2021,2021,TV-MA,Jul,2 Seasons
s372,Movie,Pomegranates and Myrrh,Jul-30-2021,2009,TV-14,Jul,95 min
s373,Movie,Rurouni Kenshin: The Beginning,Jul-30-2021,2021,TV-MA,Jul,138 min
s374,Movie,The Last Mercenary,Jul-30-2021,2021,TV-MA,Jul,112 min
s375,Movie,Flower Girl,Jul-29-2021,2013,TV-PG,Jul,94 min
s376,Movie,Resort to Love,Jul-29-2021,2021,TV-14,Jul,102 min
s377,TV Show,Transformers: War for Cybertron: Kingdom,Jul-29-2021,2021,TV-Y7,Jul,1 Season
s378,Movie,Bartkowiak,Jul-28-2021,2021,TV-MA,Jul,92 min
s379,Movie,Fantastic Fungi,Jul-28-2021,2019,TV-14,Jul,81 min
s380,TV Show,Tattoo Redo,Jul-28-2021,2021,TV-MA,Jul,1 Season
s381,TV Show,The Flash,Jul-28-2021,2021,TV-14,Jul,7 Seasons
s382,TV Show,The Snitch Cartel: Origins,Jul-28-2021,2021,TV-MA,Jul,1 Season
s383,TV Show,All American,Jul-27-2021,2021,TV-14,Jul,3 Seasons
s384,Movie,Department,Jul-27-2021,2012,TV-MA,Jul,143 min
s385,Movie,Hostage House,Jul-27-2021,2021,TV-14,Jul,86 min
s386,TV Show,How to Sell Drugs Online (Fast),Jul-27-2021,2021,TV-MA,Jul,3 Seasons
s387,TV Show,Mighty Express,Jul-27-2021,2021,TV-Y,Jul,4 Seasons
s388,Movie,Mimi,Jul-27-2021,2021,TV-14,Jul,132 min
s389,TV Show,Plastic Cup Boyz: Laughing My Mask Off!,Jul-27-2021,2021,TV-MA,Jul,1 Season
s390,Movie,The Operative,Jul-27-2021,2019,TV-MA,Jul,117 min
s391,TV Show,The Walking Dead,Jul-26-2021,2019,TV-MA,Jul,10 Seasons
s392,TV Show,Wynonna Earp,Jul-26-2021,2020,TV-MA,Jul,4 Seasons
s393,Movie,Django Unchained,Jul-24-2021,2012,R,Jul,165 min
s394,Movie,A Second Chance:  Rivals!,Jul-23-2021,2021,PG,Jul,91 min
s395,Movie,African America,Jul-23-2021,2021,TV-MA,Jul,97 min
s396,Movie,Bankrolled,Jul-23-2021,2021,TV-MA,Jul,97 min
s397,Movie,Blood Red Sky,Jul-23-2021,2021,TV-MA,Jul,123 min
s398,TV Show,Feels Like Ishq,Jul-23-2021,2021,TV-MA,Jul,1 Season
s399,Movie,Kingdom: Ashin of the North,Jul-23-2021,2021,TV-MA,Jul,94 min
s400,TV Show,Masters of the Universe: Revelation,Jul-23-2021,2021,TV-PG,Jul,1 Season
s401,TV Show,Revelations: The Masters of the Universe: Revelation Aftershow,Jul-23-2021,2021,TV-PG,Jul,1 Season
s402,TV Show,Sky Rojo,Jul-23-2021,2021,TV-MA,Jul,2 Seasons
s403,Movie,The Last Letter From Your Lover,Jul-23-2021,2021,TV-MA,Jul,111 min
s404,TV Show,The Movies That Made Us,Jul-23-2021,2021,TV-MA,Jul,2 Seasons
s405,Movie,9to5: The Story of a Movement,Jul-22-2021,2021,TV-MA,Jul,85 min
s406,Movie,Chhota Bheem - Dinosaur World,Jul-22-2021,2015,TV-Y,Jul,65 min
s407,Movie,Chhota Bheem - Neeli Pahaadi,Jul-22-2021,2013,TV-Y7,Jul,64 min
s408,Movie,Chhota Bheem & Ganesh,Jul-22-2021,2009,TV-Y7,Jul,68 min
s409,Movie,Chhota Bheem & Krishna: Mayanagari,Jul-22-2021,2011,TV-Y7,Jul,67 min
s410,Movie,Chhota Bheem & Krishna: Pataliputra- City of the Dead,Jul-22-2021,2010,TV-Y7,Jul,66 min
s411,Movie,Chhota Bheem And The Broken Amulet,Jul-22-2021,2013,TV-Y7,Jul,64 min
s412,Movie,Chhota Bheem And The Crown of Valhalla,Jul-22-2021,2013,TV-Y7,Jul,64 min
s413,Movie,Chhota Bheem and the Incan Adventure,Jul-22-2021,2013,TV-Y7,Jul,65 min
s414,Movie,Chhota Bheem and The ShiNobi Secret,Jul-22-2021,2013,TV-Y7,Jul,64 min
s415,Movie,Chhota Bheem Aur Hanuman,Jul-22-2021,2012,TV-Y7,Jul,68 min
s416,Movie,Chhota Bheem aur Krishna,Jul-22-2021,2009,TV-Y7,Jul,68 min
s417,Movie,Chhota Bheem aur Krishna vs Zimbara,Jul-22-2021,2013,TV-Y7,Jul,64 min
s418,Movie,Chhota Bheem in African Safari,Jul-22-2021,2015,TV-Y7,Jul,62 min
s419,Movie,Chhota Bheem Ka Roosi Romanch,Jul-22-2021,2019,TV-Y,Jul,63 min
s420,Movie,Chhota Bheem: Bheem vs Aliens,Jul-22-2021,2010,TV-Y7,Jul,69 min
s421,Movie,Chhota Bheem: Dholakpur to Kathmandu,Jul-22-2021,2012,TV-Y7,Jul,70 min
s422,Movie,Chhota Bheem: Dus Pe Dus,Jul-22-2021,2014,TV-Y7,Jul,63 min
s423,Movie,Chhota Bheem: Journey to Petra,Jul-22-2021,2011,TV-Y7,Jul,68 min
s424,Movie,Chhota Bheem: Master of Shaolin,Jul-22-2021,2011,TV-Y7,Jul,74 min
s425,Movie,Chhota Bheem: The Rise of Kirmada,Jul-22-2021,2012,TV-Y7,Jul,68 min
s426,TV Show,Chicago Med,Jul-22-2021,2019,TV-14,Jul,5 Seasons
s427,Movie,Cousins,Jul-22-2021,2021,TV-MA,Jul,99 min
s428,Movie,Wannabe Courageous,Jul-22-2021,2019,TV-14,Jul,90 min
s429,Movie,Words Bubble Up Like Soda Pop,Jul-22-2021,2021,TV-G,Jul,87 min
s430,Movie,Sanitation Day,Jul-21-2021,2020,TV-14,Jul,105 min
s431,TV Show,Sexy Beasts,Jul-21-2021,2021,TV-14,Jul,1 Season
s432,TV Show,Too Hot to Handle: Brazil,Jul-21-2021,2021,TV-MA,Jul,1 Season
s433,Movie,Trollhunters: Rise of the Titans,Jul-21-2021,2021,TV-Y7,Jul,106 min
s434,Movie,Milkwater,Jul-20-2021,2020,TV-MA,Jul,102 min
s435,TV Show,Okupas,Jul-20-2021,2020,TV-MA,Jul,1 Season
s436,TV Show,Touch Your Heart,Jul-20-2021,2019,TV-MA,Jul,1 Season
s437,Movie,The Tambour of Retribution,Jul-19-2021,2021,TV-14,Jul,91 min
s438,Movie,Cosmic Sin,Jul-17-2021,2021,R,Jul,88 min
s439,Movie,2 Weeks in Lagos,Jul-16-2021,2020,TV-PG,Jul,107 min
s440,Movie,Deep,Jul-16-2021,2021,TV-MA,Jul,101 min
s441,TV Show,Explained,Jul-16-2021,2021,TV-MA,Jul,3 Seasons
s442,Movie,Fear Street Part 3: 1666,Jul-16-2021,2021,R,Jul,114 min
s443,TV Show,Johnny Test,Jul-16-2021,2021,TV-Y7,Jul,1 Season
s444,Movie,La ley de Herodes,Jul-16-2021,1999,R,Jul,123 min
s445,TV Show,Naomi Osaka,Jul-16-2021,2021,TV-14,Jul,1 Season
s446,Movie,The Beguiled,Jul-16-2021,2017,R,Jul,94 min
s447,Movie,The Book of Henry,Jul-16-2021,2017,PG-13,Jul,105 min
s448,Movie,The Twilight Saga: Breaking Dawn: Part 1,Jul-16-2021,2011,PG-13,Jul,117 min
s449,Movie,The Twilight Saga: Breaking Dawn: Part 2,Jul-16-2021,2012,PG-13,Jul,115 min
s450,Movie,The Twilight Saga: Eclipse,Jul-16-2021,2010,PG-13,Jul,124 min
s451,Movie,The Twilight Saga: New Moon,Jul-16-2021,2009,PG-13,Jul,131 min
s452,Movie,Twilight,Jul-16-2021,2008,PG-13,Jul,122 min
s453,Movie,A Perfect Fit,Jul-15-2021,2021,TV-PG,Jul,113 min
s454,TV Show,BEASTARS,Jul-15-2021,2021,TV-MA,Jul,2 Seasons
s455,Movie,Cheech & Chong's Still Smokin,Jul-15-2021,1983,TV-MA,Jul,91 min
s456,Movie,Emicida: AmarElo - Live in São Paulo,Jul-15-2021,2021,TV-MA,Jul,100 min
s457,TV Show,Her Private Life,Jul-15-2021,2019,TV-14,Jul,1 Season
s458,Movie,Lift Like a Girl,Jul-15-2021,2021,TV-PG,Jul,93 min
s459,Movie,My Amanda,Jul-15-2021,2021,TV-14,Jul,90 min
s460,TV Show,Never Have I Ever,Jul-15-2021,2021,TV-14,Jul,2 Seasons
s461,Movie,Surf's Up,Jul-15-2021,2007,PG,Jul,86 min
s462,Movie,The Unknown Saint,Jul-15-2021,2019,TV-14,Jul,100 min
s463,Movie,This Changes Everything,Jul-15-2021,2019,TV-MA,Jul,96 min
s464,Movie,A Classic Horror Story,Jul-14-2021,2021,TV-MA,Jul,95 min
s465,Movie,Gunpowder Milkshake,Jul-14-2021,2021,R,Jul,115 min
s466,TV Show,Heist,Jul-14-2021,2021,TV-MA,Jul,1 Season
s467,TV Show,My Unorthodox Life,Jul-14-2021,2021,TV-MA,Jul,1 Season
s468,Movie,Private Network: Who Killed Manuel Buendía?,Jul-14-2021,2021,TV-MA,Jul,100 min
s469,Movie,The Guide to the Perfect Family,Jul-14-2021,2021,TV-MA,Jul,102 min
s470,Movie,American Woman,Jul-13-2021,2019,TV-MA,Jul,87 min
s471,Movie,Bridgerton - The Afterparty,Jul-13-2021,2021,TV-14,Jul,39 min
s472,Movie,Day of Destiny,Jul-13-2021,2021,TV-PG,Jul,110 min
s473,TV Show,Ridley Jones,Jul-13-2021,2021,TV-Y,Jul,1 Season
s474,Movie,Born to Play,Jul-12-2021,2020,TV-MA,Jul,93 min
s475,Movie,American Ultra,Jul-10-2021,2015,R,Jul,96 min
s476,Movie,The Stand-Up,Jul-10-2021,2019,TV-MA,Jul,93 min
s477,Movie,The Tour,Jul-10-2021,2016,TV-MA,Jul,93 min
s478,TV Show,Atypical,Jul-9-2021,2021,TV-14,Jul,4 Seasons
s479,TV Show,Biohackers,Jul-9-2021,2021,TV-MA,Jul,2 Seasons
s480,Movie,Fear Street Part 2: 1978,Jul-9-2021,2021,R,Jul,111 min
s481,Movie,Finding Hubby,Jul-9-2021,2020,TV-14,Jul,105 min
s482,Movie,How I Became a Superhero,Jul-9-2021,2021,TV-MA,Jul,101 min
s483,TV Show,How to Become a Tyrant,Jul-9-2021,2021,TV-MA,Jul,1 Season
s484,Movie,Last Summer,Jul-9-2021,2021,TV-MA,Jul,102 min
s485,Movie,Lee Su-geun: The Sense Coach,Jul-9-2021,2021,TV-G,Jul,46 min
s486,Movie,Lethal Love,Jul-9-2021,2021,TV-14,Jul,89 min
s487,Movie,Ratchet and Clank,Jul-9-2021,2016,PG,Jul,94 min
s488,TV Show,The Cook of Castamar,Jul-9-2021,2021,TV-MA,Jul,1 Season
s489,TV Show,Virgin River,Jul-9-2021,2021,TV-14,Jul,3 Seasons
s490,Movie,Back to Q82,Jul-8-2021,2017,TV-14,Jul,104 min
s491,TV Show,Elize Matsunaga: Once Upon a Crime,Jul-8-2021,2021,TV-MA,Jul,1 Season
s492,Movie,Home Again,Jul-8-2021,2017,PG-13,Jul,97 min
s493,Movie,Midnight Sun,Jul-8-2021,2018,PG-13,Jul,91 min
s494,TV Show,RESIDENT EVIL: Infinite Darkness,Jul-8-2021,2021,TV-MA,Jul,1 Season
s495,Movie,Rock the Kasbah,Jul-8-2021,2015,R,Jul,106 min
s496,Movie,Awon Boyz,Jul-7-2021,2019,TV-MA,Jul,38 min
s497,Movie,Brick Mansions,Jul-7-2021,2014,PG-13,Jul,90 min
s498,TV Show,Cat People,Jul-7-2021,2021,TV-14,Jul,1 Season
s499,Movie,Clash,Jul-7-2021,2020,TV-MA,Jul,87 min
s500,TV Show,Dogs,Jul-7-2021,2021,TV-PG,Jul,2 Seasons
s501,Movie,Major Grom: Plague Doctor,Jul-7-2021,2021,TV-MA,Jul,138 min
s502,Movie,Mama Drama,Jul-7-2021,2020,TV-MA,Jul,105 min
s503,Movie,Tango With Me,Jul-7-2021,2010,TV-14,Jul,104 min
s504,TV Show,The Mire,Jul-7-2021,2021,TV-MA,Jul,2 Seasons
s505,TV Show,The War Next-door,Jul-7-2021,2021,TV-MA,Jul,1 Season
s506,Movie,Therapy,Jul-7-2021,2020,TV-PG,Jul,85 min
s507,Movie,This Little Love Of Mine,Jul-7-2021,2021,TV-G,Jul,92 min
s508,Movie,Three Thieves,Jul-7-2021,2019,TV-14,Jul,108 min
s509,Movie,A Land Imagined,Jul-6-2021,2019,TV-MA,Jul,95 min
s510,TV Show,Ask the StoryBots,Jul-6-2021,2019,TV-Y,Jul,3 Seasons
s511,TV Show,Between,Jul-6-2021,2016,TV-14,Jul,2 Seasons
s512,TV Show,Chelsea,Jul-6-2021,2017,TV-MA,Jul,2 Seasons
s513,TV Show,Code Lyoko,Jul-6-2021,2007,TV-Y7,Jul,4 Seasons
s514,TV Show,Colony,Jul-6-2021,2018,TV-14,Jul,3 Seasons
s515,TV Show,Cuckoo,Jul-6-2021,2019,TV-MA,Jul,5 Seasons
s516,TV Show,Derry Girls,Jul-6-2021,2019,TV-MA,Jul,2 Seasons
s517,TV Show,Girl from Nowhere,Jul-6-2021,2021,TV-MA,Jul,2 Seasons
s518,TV Show,Good Morning Call,Jul-6-2021,2017,TV-14,Jul,2 Seasons
s519,Movie,Har Kisse Ke Hisse: Kaamyaab,Jul-6-2021,2020,TV-14,Jul,105 min
s520,TV Show,I AM A KILLER,Jul-6-2021,2020,TV-MA,Jul,2 Seasons
s521,TV Show,I Think You Should Leave with Tim Robinson,Jul-6-2021,2021,TV-MA,Jul,2 Seasons
s522,TV Show,Kim's Convenience,Jul-6-2021,2021,TV-MA,Jul,5 Seasons
s523,TV Show,Larva,Jul-6-2021,2015,TV-Y7,Jul,3 Seasons
s524,TV Show,Marcella,Jul-6-2021,2019,TV-MA,Jul,3 Seasons
s525,TV Show,Midnight Diner: Tokyo Stories,Jul-6-2021,2019,TV-MA,Jul,2 Seasons
s526,TV Show,My Little Pony: Friendship Is Magic,Jul-6-2021,2018,TV-Y,Jul,8 Seasons
s527,TV Show,Orange Is the New Black,Jul-6-2021,2019,TV-MA,Jul,7 Seasons
s528,TV Show,Puffin Rock,Jul-6-2021,2016,TV-Y,Jul,2 Seasons
s529,Movie,Rehmataan,Jul-6-2021,2012,TV-14,Jul,116 min
s530,Movie,Return of the Prodigal Son,Jul-6-2021,1976,TV-MA,Jul,124 min
s531,TV Show,Richie Rich,Jul-6-2021,2015,TV-G,Jul,2 Seasons
s532,Movie,Rise: Ini Kalilah,Jul-6-2021,2018,TV-PG,Jul,101 min
s533,TV Show,Scream,Jul-6-2021,2019,TV-MA,Jul,3 Seasons
s534,TV Show,Shtisel,Jul-6-2021,2021,TV-14,Jul,3 Seasons
s535,Movie,Si Doel the Movie 2,Jul-6-2021,2019,TV-G,Jul,95 min
s536,TV Show,Some Assembly Required,Jul-6-2021,2015,TV-Y,Jul,2 Seasons
s537,TV Show,Tales by Light,Jul-6-2021,2018,TV-14,Jul,3 Seasons
s538,TV Show,Terrace House: Opening New Doors,Jul-6-2021,2018,TV-14,Jul,6 Seasons
s539,TV Show,The A List,Jul-6-2021,2021,TV-PG,Jul,2 Seasons
s540,TV Show,The New Legends of Monkey,Jul-6-2021,2020,TV-PG,Jul,2 Seasons
s541,TV Show,The Worst Witch,Jul-6-2021,2020,TV-G,Jul,4 Seasons
s542,Movie,Truckbhar Swapna,Jul-6-2021,2018,TV-14,Jul,128 min
s543,Movie,Ujala,Jul-6-2021,1959,TV-14,Jul,143 min
s544,TV Show,Undercover,Jul-6-2021,2020,TV-MA,Jul,2 Seasons
s545,TV Show,Workin' Moms,Jul-6-2021,2021,TV-MA,Jul,5 Seasons
s546,TV Show,YooHoo to the Rescue,Jul-6-2021,2020,TV-Y,Jul,3 Seasons
s547,TV Show,You Are My Spring,Jul-6-2021,2021,TV-14,Jul,1 Season
s548,TV Show,We the People,Jul-4-2021,2021,TV-Y7,Jul,1 Season
s549,TV Show,Grey's Anatomy,Jul-3-2021,2020,TV-14,Jul,17 Seasons
s550,TV Show,Big Timber,Jul-2-2021,2020,TV-14,Jul,1 Season
s551,Movie,Fear Street Part 1: 1994,Jul-2-2021,2021,R,Jul,107 min
s552,Movie,Haseen Dillruba,Jul-2-2021,2021,TV-MA,Jul,136 min
s553,Movie,Holiday on Mars,Jul-2-2021,2020,TV-MA,Jul,94 min
s554,TV Show,Mortel,Jul-2-2021,2019,TV-MA,Jul,2 Seasons
s555,Movie,RattleSnake - The Ahanna Story,Jul-2-2021,2020,TV-MA,Jul,136 min
s556,Movie,Snowpiercer,Jul-2-2021,2013,R,Jul,126 min
s557,Movie,The 8th Night,Jul-2-2021,2021,TV-14,Jul,116 min
s558,Movie,Winchester,Jul-2-2021,2018,PG-13,Jul,100 min
s559,Movie,6 Bullets,Jul-1-2021,2012,R,Jul,115 min
s560,Movie,Air Force One,Jul-1-2021,1997,R,Jul,125 min
s561,Movie,Audible,Jul-1-2021,2021,PG-13,Jul,39 min
s562,Movie,Austin Powers in Goldmember,Jul-1-2021,2002,PG-13,Jul,94 min
s563,Movie,Austin Powers: International Man of Mystery,Jul-1-2021,1997,PG-13,Jul,90 min
s564,Movie,Austin Powers: The Spy Who Shagged Me,Jul-1-2021,1999,PG-13,Jul,95 min
s565,Movie,Boogie Nights,Jul-1-2021,1997,R,Jul,155 min
s566,TV Show,Bureau of Magical Things,Jul-1-2021,2020,TV-G,Jul,1 Season
s567,Movie,Charlie's Angels,Jul-1-2021,2000,PG-13,Jul,98 min
s568,Movie,Congo,Jul-1-2021,1995,PG-13,Jul,108 min
s569,Movie,Dennis the Menace,Jul-1-2021,1993,PG,Jul,96 min
s570,Movie,Dreamy Eyes,Jul-1-2021,2019,TV-14,Jul,117 min
s571,Movie,Dynasty Warriors,Jul-1-2021,2021,TV-14,Jul,118 min
s572,TV Show,Generation 56k,Jul-1-2021,2021,TV-MA,Jul,1 Season
s573,Movie,Hampstead,Jul-1-2021,2019,PG-13,Jul,103 min
s574,Movie,Kung Fu Panda,Jul-1-2021,2008,PG,Jul,94 min
s575,Movie,Kung Fu Panda 2,Jul-1-2021,2011,PG,Jul,93 min
s576,Movie,Life as We Know It,Jul-1-2021,2010,PG-13,Jul,115 min
s577,Movie,Mary Magdalene,Jul-1-2021,2019,R,Jul,120 min
s578,TV Show,Masameer County,Jul-1-2021,2021,TV-MA,Jul,1 Season
s579,Movie,Memoirs of a Geisha,Jul-1-2021,2005,PG-13,Jul,145 min
s580,Movie,Midnight Run,Jul-1-2021,1988,R,Jul,126 min
s581,Movie,Mobile Suit Gundam Hathaway,Jul-1-2021,2021,TV-14,Jul,96 min
s582,Movie,Mortal Kombat,Jul-1-2021,1995,PG-13,Jul,101 min
s583,Movie,Mother's Day,Jul-1-2021,2016,PG-13,Jul,118 min
s584,Movie,No Strings Attached,Jul-1-2021,2011,R,Jul,109 min
s585,Movie,Not Another Teen Movie,Jul-1-2021,2001,R,Jul,89 min
s586,Movie,Ophelia,Jul-1-2021,2018,PG-13,Jul,106 min
s587,Movie,Pet Sematary 2,Jul-1-2021,1992,R,Jul,101 min
s588,TV Show,Quarantine Tales,Jul-1-2021,2020,TV-MA,Jul,1 Season
s589,TV Show,Rainbow Rangers,Jul-1-2021,2018,TV-Y,Jul,1 Season
s590,Movie,Red Joan,Jul-1-2021,2019,R,Jul,101 min
s591,TV Show,Sailor Moon Crystal,Jul-1-2021,2016,TV-Y7,Jul,3 Seasons
s592,Movie,Seven Pounds,Jul-1-2021,2008,PG-13,Jul,123 min
s593,Movie,She's Out of My League,Jul-1-2021,2010,R,Jul,106 min
s594,Movie,Snow Day,Jul-1-2021,2000,PG,Jul,89 min
s595,Movie,Star Trek,Jul-1-2021,2009,PG-13,Jul,128 min
s596,Movie,Stuart Little,Jul-1-2021,1999,PG,Jul,85 min
s597,Movie,Sword of Trust,Jul-1-2021,2019,R,Jul,89 min
s598,Movie,Talladega Nights: The Ballad of Ricky Bobby,Jul-1-2021,2006,PG-13,Jul,108 min
s599,Movie,The American,Jul-1-2021,2010,R,Jul,105 min
s600,Movie,The Best of Enemies,Jul-1-2021,2019,PG-13,Jul,133 min
s601,Movie,The Game,Jul-1-2021,1997,R,Jul,129 min
s602,Movie,The Karate Kid,Jul-1-2021,1984,PG,Jul,127 min
s603,Movie,The Karate Kid Part II,Jul-1-2021,1986,PG,Jul,113 min
s604,Movie,The Karate Kid Part III,Jul-1-2021,1989,PG,Jul,112 min
s605,Movie,The Life of David Gale,Jul-1-2021,2003,R,Jul,130 min
s606,Movie,The Long Riders,Jul-1-2021,1980,R,Jul,100 min
s607,Movie,The Queen,Jul-1-2021,2006,PG-13,Jul,103 min
s608,Movie,The Strangers,Jul-1-2021,2008,R,Jul,85 min
s609,Movie,The Sum of All Fears,Jul-1-2021,2002,PG-13,Jul,124 min
s610,Movie,The Tourist,Jul-1-2021,2010,PG-13,Jul,103 min
s611,Movie,Underworld,Jul-1-2021,2003,R,Jul,121 min
s612,Movie,Underworld: Awakening,Jul-1-2021,2012,R,Jul,89 min
s613,Movie,Underworld: Rise of the Lycans,Jul-1-2021,2009,R,Jul,92 min
s614,Movie,Voiceless,Jul-1-2021,2020,TV-MA,Jul,112 min
s615,Movie,What Dreams May Come,Jul-1-2021,1998,PG-13,Jul,114 min
s616,Movie,Why Do Fools Fall in Love,Jul-1-2021,1998,R,Jul,116 min
s617,Movie,Working Title,Jul-1-2021,2019,R,Jul,110 min
s618,TV Show,Young Royals,Jul-1-2021,2021,TV-MA,Jul,1 Season
s619,Movie,America: The Motion Picture,Jun-30-2021,2021,TV-MA,Jun,98 min
s620,Movie,Deranged,Jun-30-2021,2020,TV-14,Jun,98 min
s621,TV Show,Droppin' Cash: Los Angeles,Jun-30-2021,2019,TV-MA,Jun,1 Season
s622,TV Show,Legend of Exorcism,Jun-30-2021,2020,TV-14,Jun,1 Season
s623,Movie,Lying and Stealing,Jun-30-2021,2019,R,Jun,100 min
s624,Movie,Mommy Issues,Jun-30-2021,2021,TV-MA,Jun,90 min
s625,Movie,Prime Time,Jun-30-2021,2021,TV-MA,Jun,92 min
s626,TV Show,Somos.,Jun-30-2021,2021,TV-MA,Jun,1 Season
s627,TV Show,Sophie: A Murder in West Cork,Jun-30-2021,2021,TV-MA,Jun,1 Season
s628,TV Show,The Daily Life of the Immortal King,Jun-30-2021,2020,TV-14,Jun,1 Season
s629,TV Show,StarBeam,Jun-29-2021,2021,TV-Y,Jun,4 Seasons
s630,Movie,A Way Back Home,Jun-28-2021,2020,TV-14,Jun,82 min
s631,Movie,Killing Them Softly,Jun-28-2021,2012,R,Jun,97 min
s632,TV Show,The Seven Deadly Sins,Jun-28-2021,2021,TV-14,Jun,5 Seasons
s633,Movie,Wanted,Jun-28-2021,2019,TV-14,Jun,90 min
s634,Movie,Into the Wind,Jun-26-2021,2018,TV-MA,Jun,76 min
s635,Movie,Wonder Boy,Jun-26-2021,2019,TV-14,Jun,83 min
s636,Movie,Here Comes the Rain,Jun-25-2021,2010,TV-MA,Jun,101 min
s637,Movie,The Ice Road,Jun-25-2021,2021,PG-13,Jun,109 min
s638,TV Show,Ray,Jun-25-2021,2021,TV-MA,Jun,1 Season
s639,TV Show,Sex/Life,Jun-25-2021,2021,TV-MA,Jun,1 Season
s640,TV Show,Godzilla Singular Point,Jun-24-2021,2021,TV-14,Jun,1 Season
s641,TV Show,Jiva!,Jun-24-2021,2021,TV-MA,Jun,1 Season
s642,Movie,Sisters on Track,Jun-24-2021,2021,PG,Jun,97 min
s643,TV Show,The Naked Director,Jun-24-2021,2021,TV-MA,Jun,2 Seasons
s644,Movie,The Seventh Day,Jun-24-2021,2021,R,Jun,87 min
s645,Movie,Good on Paper,Jun-23-2021,2021,TV-MA,Jun,94 min
s646,Movie,Murder by the Coast,Jun-23-2021,2021,TV-14,Jun,89 min
s647,Movie,The House of Flowers: The Movie,Jun-23-2021,2021,TV-MA,Jun,88 min
s648,TV Show,The Parisian Agency: Exclusive Properties,Jun-23-2021,2021,TV-G,Jun,1 Season
s649,TV Show,Too Hot to Handle,Jun-23-2021,2021,TV-MA,Jun,2 Seasons
s650,Movie,Broken,Jun-22-2021,2019,TV-14,Jun,108 min
s651,Movie,O Vendedor de Sonhos,Jun-22-2021,2016,TV-14,Jun,96 min
s652,Movie,Osuofia in London,Jun-22-2021,2003,TV-MA,Jun,84 min
s653,Movie,Osuofia in London II,Jun-22-2021,2004,TV-14,Jun,70 min
s654,TV Show,This Is Pop,Jun-22-2021,2021,TV-MA,Jun,1 Season
s655,Movie,#Selfie,Jun-21-2021,2014,TV-MA,Jun,125 min
s656,Movie,#Selfie 69,Jun-21-2021,2016,TV-MA,Jun,119 min
s657,Movie,Love Is a Story,Jun-21-2021,2015,TV-MA,Jun,105 min
s658,TV Show,The Mole,Jun-21-2021,2001,TV-14,Jun,2 Seasons
s659,TV Show,"Nevertheless,",Jun-20-2021,2021,TV-14,Jun,1 Season
s660,TV Show,Bangkok Love Stories: Innocence,Jun-19-2021,2018,TV-14,Jun,1 Season
s661,TV Show,Black Lightning,Jun-19-2021,2021,TV-14,Jun,4 Seasons
s662,TV Show,Call My Agent!,Jun-19-2021,2018,TV-MA,Jun,4 Seasons
s663,TV Show,Champions,Jun-19-2021,2018,TV-14,Jun,1 Season
s664,TV Show,Charité at War,Jun-19-2021,2019,TV-MA,Jun,1 Season
s665,TV Show,Cleo & Cuquin,Jun-19-2021,2020,TV-Y,Jun,2 Seasons
s666,TV Show,Deadwind,Jun-19-2021,2020,TV-MA,Jun,2 Seasons
s667,TV Show,Gameboys Level-Up Edition,Jun-19-2021,2020,TV-14,Jun,1 Season
s668,TV Show,Glee,Jun-19-2021,2015,TV-14,Jun,6 Seasons
s669,TV Show,Hap and Leonard,Jun-19-2021,2018,TV-MA,Jun,3 Seasons
s670,TV Show,Locked Up,Jun-19-2021,2020,TV-MA,Jun,5 Seasons
s671,Movie,Mobile Suit Gundam II: Soldiers of Sorrow,Jun-19-2021,1981,TV-14,Jun,133 min
s672,Movie,Mobile Suit Gundam III: Encounters in Space,Jun-19-2021,1982,TV-MA,Jun,140 min
s673,Movie,Mobile Suit Gundam: Char's Counterattack,Jun-19-2021,1988,TV-14,Jun,120 min
s674,TV Show,No Time for Shame,Jun-19-2021,2019,TV-MA,Jun,1 Season
s675,TV Show,Pose,Jun-19-2021,2019,TV-MA,Jun,2 Seasons
s676,TV Show,REA(L)OVE,Jun-19-2021,2018,TV-MA,Jun,1 Season
s677,TV Show,Riverdale,Jun-19-2021,2019,TV-14,Jun,4 Seasons
s678,TV Show,Schitt's Creek,Jun-19-2021,2020,TV-MA,Jun,6 Seasons
s679,TV Show,The Assassination of Gianni Versace,Jun-19-2021,2018,TV-MA,Jun,1 Season
s680,TV Show,The Judgement,Jun-19-2021,2018,TV-MA,Jun,1 Season
s681,TV Show,The Last Dance,Jun-19-2021,2020,TV-MA,Jun,1 Season
s682,TV Show,They've Gotta Have Us,Jun-19-2021,2018,TV-MA,Jun,1 Season
s683,TV Show,Why Are You Like This,Jun-19-2021,2021,TV-MA,Jun,1 Season
s684,Movie,A Family,Jun-18-2021,2021,TV-MA,Jun,135 min
s685,TV Show,Elite,Jun-18-2021,2021,TV-MA,Jun,4 Seasons
s686,Movie,Fatherhood,Jun-18-2021,2021,PG-13,Jun,111 min
s687,TV Show,Hospital Playlist,Jun-18-2021,2021,TV-14,Jun,2 Seasons
s688,Movie,Jagame Thandhiram,Jun-18-2021,2021,TV-MA,Jun,159 min
s689,Movie,Kambili: The Whole 30 Yards,Jun-18-2021,2020,TV-14,Jun,119 min
s690,Movie,Mobile Suit Gundam I,Jun-18-2021,1981,TV-14,Jun,139 min
s691,Movie,Rurouni Kenshin: The Final,Jun-18-2021,2021,TV-14,Jun,137 min
s692,TV Show,So Not Worth It,Jun-18-2021,2021,TV-14,Jun,1 Season
s693,TV Show,The Rational Life,Jun-18-2021,2021,TV-14,Jun,1 Season
s694,Movie,Ali & Ratu Ratu Queens,Jun-17-2021,2021,TV-14,Jun,101 min
s695,Movie,Aziza,Jun-17-2021,2019,TV-PG,Jun,13 min
s696,Movie,Besieged Bread,Jun-17-2021,2015,TV-14,Jun,12 min
s697,TV Show,Black Summer,Jun-17-2021,2021,TV-MA,Jun,2 Seasons
s698,TV Show,Elite Short Stories: Carla Samuel,Jun-17-2021,2021,TV-MA,Jun,1 Season
s699,Movie,Fan Girl,Jun-17-2021,2020,TV-MA,Jun,101 min
s700,TV Show,Katla,Jun-17-2021,2021,TV-MA,Jun,1 Season
s701,TV Show,Record of Ragnarok,Jun-17-2021,2021,TV-MA,Jun,1 Season
s702,Movie,Red Snow,Jun-17-2021,2019,TV-MA,Jun,96 min
s703,Movie,Silver Linings Playbook,Jun-17-2021,2012,R,Jun,122 min
s704,TV Show,The Gift,Jun-17-2021,2021,TV-MA,Jun,3 Seasons
s705,Movie,A Man For The Week End,Jun-16-2021,2018,TV-14,Jun,95 min
s706,Movie,Biking Borders,Jun-16-2021,2019,TV-14,Jun,89 min
s707,TV Show,Elite Short Stories: Omar Ander Alexis,Jun-16-2021,2021,TV-MA,Jun,1 Season
s708,TV Show,Let's Eat,Jun-16-2021,2021,TV-14,Jun,1 Season
s709,Movie,Lowriders,Jun-16-2021,2016,PG-13,Jun,98 min
s710,TV Show,Millennials,Jun-16-2021,2020,TV-MA,Jun,3 Seasons
s711,TV Show,Penguin Town,Jun-16-2021,2021,TV-PG,Jun,1 Season
s712,Movie,Security,Jun-16-2021,2021,TV-MA,Jun,119 min
s713,Movie,Silver Skates,Jun-16-2021,2020,TV-MA,Jun,138 min
s714,TV Show,Avengers Climate Conundrum,Jun-15-2021,2020,TV-Y7,Jun,1 Season
s715,TV Show,Beyond Evil,Jun-15-2021,2021,TV-MA,Jun,1 Season
s716,TV Show,Elite Short Stories: Nadia Guzmán,Jun-15-2021,2021,TV-MA,Jun,1 Season
s717,Movie,FTA,Jun-15-2021,1972,TV-MA,Jun,104 min
s718,Movie,Headspace: Unwind Your Mind,Jun-15-2021,2021,TV-G,Jun,273 min
s719,Movie,Life of Crime,Jun-15-2021,2013,R,Jun,101 min
s720,TV Show,Power Rangers Dino Fury,Jun-15-2021,2021,TV-G,Jun,1 Season
s721,TV Show,Rhyme Time Town,Jun-15-2021,2021,TV-Y,Jun,2 Seasons
s722,Movie,Rogue Warfare: Death of a Nation,Jun-15-2021,2020,R,Jun,99 min
s723,Movie,Sir! No Sir!,Jun-15-2021,2005,TV-MA,Jun,84 min
s724,TV Show,The American Bible Challenge,Jun-15-2021,2014,TV-G,Jun,1 Season
s725,Movie,The Reason I Jump,Jun-15-2021,2021,TV-14,Jun,82 min
s726,TV Show,Elite Short Stories: Guzmán Caye Rebe,Jun-14-2021,2021,TV-MA,Jun,1 Season
s727,TV Show,Metallica: Some Kind of Monster,Jun-13-2021,2014,TV-MA,Jun,1 Season
s728,Movie,Picture a Scientist,Jun-13-2021,2020,TV-MA,Jun,97 min
s729,Movie,The Devil Below,Jun-13-2021,2021,TV-MA,Jun,89 min
s730,Movie,Bling Empire - The Afterparty,Jun-12-2021,2021,TV-MA,Jun,36 min
s731,Movie,Cobra Kai - The Afterparty,Jun-12-2021,2021,TV-MA,Jun,34 min
s732,TV Show,Love (ft. Marriage and Divorce),Jun-12-2021,2021,TV-14,Jun,2 Seasons
s733,Movie,To All the Boys: Always and Forever - The Afterparty,Jun-12-2021,2021,TV-MA,Jun,36 min
s734,TV Show,LEGO Friends: The Power of Friendship,Jun-11-2021,2016,TV-Y7,Jun,2 Seasons
s735,TV Show,Lupin,Jun-11-2021,2021,TV-MA,Jun,2 Seasons
s736,Movie,Sarbath,Jun-11-2021,2021,TV-PG,Jun,113 min
s737,Movie,Skater Girl,Jun-11-2021,2021,PG,Jun,110 min
s738,TV Show,Trese,Jun-11-2021,2021,TV-MA,Jun,1 Season
s739,Movie,Trese After Dark,Jun-11-2021,2021,TV-14,Jun,36 min
s740,Movie,Wish Dragon,Jun-11-2021,2021,PG,Jun,102 min
s741,Movie,A Haunted House 2,Jun-10-2021,2014,R,Jun,86 min
s742,Movie,Blind Intersections,Jun-10-2021,2012,TV-MA,Jun,91 min
s743,Movie,Camellia Sisters,Jun-10-2021,2021,TV-MA,Jun,117 min
s744,Movie,Copenhagen,Jun-10-2021,2014,TV-MA,Jun,99 min
s745,TV Show,Locombianos,Jun-10-2021,2021,TV-MA,Jun,1 Season
s746,Movie,Until Midnight,Jun-10-2021,2019,TV-14,Jun,77 min
s747,Movie,Awake,Jun-9-2021,2021,TV-MA,Jun,97 min
s748,Movie,Confusion Na Wa,Jun-9-2021,2013,TV-MA,Jun,106 min
s749,TV Show,"Fresh, Fried & Crispy",Jun-9-2021,2021,TV-PG,Jun,1 Season
s750,TV Show,L.A.’s Finest,Jun-9-2021,2021,TV-MA,Jun,2 Seasons
s751,Movie,Tragic Jungle,Jun-9-2021,2021,TV-MA,Jun,97 min
s752,TV Show,Guru Aur Bhole,Jun-8-2021,2018,TV-Y7,Jun,2 Seasons
s753,Movie,Vampire Academy,Jun-7-2021,2014,PG-13,Jun,104 min
s754,TV Show,"Newly Rich, Newly Poor",Jun-6-2021,2007,TV-MA,Jun,1 Season
s755,Movie,A Private War,Jun-5-2021,2018,R,Jun,110 min
s756,Movie,Kitty Love: An Homage to Cats,Jun-5-2021,2021,TV-G,Jun,61 min
s757,Movie,Small Chops,Jun-5-2021,2020,TV-MA,Jun,98 min
s758,Movie,Breaking Boundaries: The Science Of Our Planet,Jun-4-2021,2021,TV-PG,Jun,74 min
s759,TV Show,Feel Good,Jun-4-2021,2021,TV-MA,Jun,2 Seasons
s760,Movie,Fireplace 4K: Classic Crackling Fireplace from Fireplace for Your Home,Jun-4-2021,2015,TV-G,Jun,60 min
s761,Movie,Fireplace 4K: Crackling Birchwood from Fireplace for Your Home,Jun-4-2021,2015,TV-G,Jun,60 min
s762,TV Show,Human: The World Within,Jun-4-2021,2021,TV-PG,Jun,1 Season
s763,Movie,Sweet & Sour,Jun-4-2021,2021,TV-14,Jun,103 min
s764,TV Show,Sweet Tooth,Jun-4-2021,2021,TV-14,Jun,1 Season
s765,Movie,Trippin' with the Kandasamys,Jun-4-2021,2021,TV-14,Jun,94 min
s766,Movie,Xtreme,Jun-4-2021,2021,TV-MA,Jun,112 min
s767,Movie,Alan Saldaña: Locked Up,Jun-3-2021,2021,TV-MA,Jun,49 min
s768,TV Show,Creator's File: GOLD,Jun-3-2021,2021,TV-14,Jun,1 Season
s769,Movie,Dancing Queens,Jun-3-2021,2021,TV-MA,Jun,111 min
s770,Movie,From Stress to Happiness,Jun-3-2021,2020,TV-G,Jun,58 min
s771,Movie,Myriam Fares: The Journey,Jun-3-2021,2021,TV-14,Jun,72 min
s772,TV Show,Pretty Guardian Sailor Moon Eternal The Movie,Jun-3-2021,2021,TV-14,Jun,1 Season
s773,TV Show,Summertime,Jun-3-2021,2021,TV-MA,Jun,2 Seasons
s774,Movie,The Girl and the Gun,Jun-3-2021,2019,TV-MA,Jun,78 min
s775,Movie,2 Hearts,Jun-2-2021,2020,PG-13,Jun,101 min
s776,Movie,A Perfect Ending,Jun-2-2021,2012,TV-MA,Jun,110 min
s777,Movie,American Outlaws,Jun-2-2021,2001,PG-13,Jun,94 min
s778,Movie,And Then Came Lola,Jun-2-2021,2009,TV-MA,Jun,70 min
s779,TV Show,Attack on Titan,Jun-2-2021,2013,TV-MA,Jun,1 Season
s780,Movie,Battlefield Earth,Jun-2-2021,2000,PG-13,Jun,118 min
s781,TV Show,Ben & Holly's Little Kingdom,Jun-2-2021,2019,TV-Y,Jun,2 Seasons
s782,Movie,Black Holes | The Edge of All We Know,Jun-2-2021,2021,TV-14,Jun,99 min
s783,Movie,Bliss,Jun-2-2021,1997,R,Jun,103 min
s784,Movie,Carnaval,Jun-2-2021,2021,TV-MA,Jun,95 min
s785,Movie,Cloudburst,Jun-2-2021,2011,TV-MA,Jun,93 min
s786,TV Show,Cocomelon,Jun-2-2021,2021,TV-Y,Jun,3 Seasons
s787,Movie,Company of Heroes,Jun-2-2021,2013,R,Jun,101 min
s788,Movie,Cradle 2 the Grave,Jun-2-2021,2003,R,Jun,101 min
s789,Movie,Domestic Disturbance,Jun-2-2021,2001,PG-13,Jun,89 min
s790,TV Show,Downton Abbey,Jun-2-2021,2015,TV-14,Jun,6 Seasons
s791,Movie,Dream/Killer,Jun-2-2021,2015,TV-MA,Jun,109 min
s792,Movie,Felon,Jun-2-2021,2008,R,Jun,104 min
s793,Movie,Flipped,Jun-2-2021,2010,PG,Jun,90 min
s794,Movie,Fools Rush In,Jun-2-2021,1997,PG-13,Jun,109 min
s795,Movie,Gold Statue,Jun-2-2021,2019,TV-14,Jun,145 min
s796,TV Show,Happy Endings,Jun-2-2021,2012,TV-14,Jun,3 Seasons
s797,Movie,Hostel: Part III,Jun-2-2021,2011,R,Jun,88 min
s798,Movie,I Am Sam,Jun-2-2021,2001,PG-13,Jun,132 min
s799,Movie,Love Jones,Jun-2-2021,1997,R,Jun,109 min
s800,Movie,Million Dollar Baby,Jun-2-2021,2004,PG-13,Jun,133 min
s801,Movie,Mosquita y Mari,Jun-2-2021,2012,TV-14,Jun,85 min
s802,Movie,Never Back Down 2: The Beatdown,Jun-2-2021,2011,R,Jun,104 min
s803,Movie,Ninja Assassin,Jun-2-2021,2009,R,Jun,99 min
s804,TV Show,Ouran High School Host Club,Jun-2-2021,2006,TV-PG,Jun,1 Season
s805,Movie,Population 436,Jun-2-2021,2006,R,Jun,93 min
s806,TV Show,Racket Boys,Jun-2-2021,2021,TV-14,Jun,1 Season
s807,Movie,Seven Souls in the Skull Castle: Season Moon Jogen,Jun-2-2021,2017,TV-14,Jun,204 min
s808,Movie,Seven Souls in the Skull Castle: Season Moon Kagen,Jun-2-2021,2017,TV-PG,Jun,212 min
s809,Movie,Sniper: Legacy,Jun-2-2021,2014,R,Jun,98 min
s810,Movie,Starsky & Hutch,Jun-2-2021,2004,PG-13,Jun,101 min
s811,Movie,Streets of Fire,Jun-2-2021,1984,PG,Jun,94 min
s812,Movie,Super Monsters: Once Upon a Rhyme,Jun-2-2021,2021,TV-Y,Jun,25 min
s813,Movie,Swordfish,Jun-2-2021,2001,R,Jun,99 min
s814,TV Show,The Adventures of Sonic the Hedgehog,Jun-2-2021,1993,TV-Y7,Jun,1 Season
s815,Movie,The Four Seasons,Jun-2-2021,1981,PG,Jun,108 min
s816,Movie,The Girl King,Jun-2-2021,2015,TV-MA,Jun,106 min
s817,Movie,The Interpreter,Jun-2-2021,2005,PG-13,Jun,128 min
s818,Movie,The Meddler,Jun-2-2021,2015,PG-13,Jun,104 min
s819,Movie,The Mirror Has Two Faces,Jun-2-2021,1996,PG-13,Jun,127 min
s820,Movie,The Outlaw Josey Wales,Jun-2-2021,1976,PG,Jun,136 min
s821,TV Show,The Platform,Jun-2-2021,2021,TV-14,Jun,3 Seasons
s822,Movie,The Wedding Guest,Jun-2-2021,2018,R,Jun,97 min
s823,Movie,The Wind,Jun-2-2021,2019,R,Jun,88 min
s824,Movie,Then Came You,Jun-2-2021,2019,TV-MA,Jun,97 min
s825,Movie,Welcome Home,Jun-2-2021,2018,R,Jun,97 min
s826,TV Show,Dirty John,May-31-2021,2020,TV-MA,May,2 Seasons
s827,Movie,Bo Burnham: Inside,May-30-2021,2021,TV-MA,May,88 min
s828,Movie,One Lagos Night,May-29-2021,2021,TV-14,May,103 min
s829,Movie,Collateral Beauty,May-28-2021,2016,PG-13,May,97 min
s830,Movie,Dog Gone Trouble,May-28-2021,2021,TV-Y7,May,88 min
s831,TV Show,The Kominsky Method,May-28-2021,2021,TV-MA,May,3 Seasons
s832,TV Show,The Least Expected Day: Inside the Movistar Team 2019,May-28-2021,2021,TV-MA,May,2 Seasons
s833,TV Show,Word of Honor,May-28-2021,2021,TV-14,May,1 Season
s834,TV Show,Black Space,May-27-2021,2021,TV-MA,May,1 Season
s835,Movie,Blue Miracle,May-27-2021,2021,TV-PG,May,97 min
s836,TV Show,Eden,May-27-2021,2021,TV-PG,May,1 Season
s837,Movie,Ghost Lab,May-27-2021,2021,TV-MA,May,118 min
s838,TV Show,Ragnarok,May-27-2021,2021,TV-MA,May,2 Seasons
s839,Movie,Soy Rada: Serendipity,May-27-2021,2021,TV-MA,May,70 min
s840,Movie,The Day I lost My Shadow,May-27-2021,2018,TV-MA,May,91 min
s841,Movie,Baggio: The Divine Ponytail,May-26-2021,2021,TV-MA,May,92 min
s842,Movie,Gatao - The Last Stray,May-26-2021,2021,TV-MA,May,120 min
s843,TV Show,High on the Hog: How African American Cuisine Transformed America,May-26-2021,2021,TV-14,May,1 Season
s844,TV Show,JoJo's Bizarre Adventure,May-26-2021,2016,TV-MA,May,3 Seasons
s845,Movie,Nail Bomber: Manhunt,May-26-2021,2021,TV-MA,May,73 min
s846,Movie,A Place in the Stars,May-25-2021,2014,TV-14,May,110 min
s847,Movie,Home,May-25-2021,2015,PG,May,94 min
s848,TV Show,Mad for Each Other,May-24-2021,2021,TV-MA,May,1 Season
s849,TV Show,Master of None,May-23-2021,2021,TV-MA,May,3 Seasons
s850,Movie,Sam Smith: Love Goes - Live at Abbey Road Studios,May-22-2021,2020,TV-G,May,61 min
s851,Movie,99 Songs,May-21-2021,2021,TV-14,May,131 min
s852,Movie,99 Songs (Tamil),May-21-2021,2021,TV-14,May,131 min
s853,Movie,99 Songs (Telugu),May-21-2021,2021,TV-14,May,131 min
s854,Movie,Army of the Dead,May-21-2021,2021,R,May,148 min
s855,Movie,Creating an Army of the Dead,May-21-2021,2021,TV-MA,May,29 min
s856,TV Show,Jurassic World Camp Cretaceous,May-21-2021,2021,TV-Y7,May,3 Seasons
s857,Movie,Strain,May-21-2021,2020,TV-MA,May,107 min
s858,TV Show,The Neighbor,May-21-2021,2021,TV-MA,May,2 Seasons
s859,Movie,678,May-20-2021,2009,TV-14,May,99 min
s860,Movie,Asmaa,May-20-2021,2011,TV-14,May,92 min
s861,Movie,Hating Peter Tatchell,May-20-2021,2020,TV-MA,May,91 min
s862,Movie,Little Singham Future mein Satakli,May-20-2021,2021,TV-Y7,May,47 min
s863,TV Show,Special,May-20-2021,2021,TV-MA,May,2 Seasons
s864,Movie,Spy Kids: All the Time in the World,May-20-2021,2011,PG,May,88 min
s865,Movie,Taxi No. 9211,May-20-2021,2006,TV-14,May,116 min
s866,Movie,Sabotage,May-19-2021,2014,R,May,109 min
s867,Movie,Small Town Crime,May-19-2021,2017,R,May,92 min
s868,Movie,The Last Days,May-19-2021,1998,PG-13,May,87 min
s869,TV Show,The Magic School Bus,May-19-2021,1997,TV-Y,May,1 Season
s870,TV Show,Who Killed Sara?,May-19-2021,2021,TV-MA,May,2 Seasons
s871,Movie,Amy Tan: Unintended Memoir,May-18-2021,2021,TV-14,May,101 min
s872,Movie,Sardar Ka Grandson,May-18-2021,2021,TV-14,May,140 min
s873,Movie,Sleight,May-16-2021,2016,R,May,89 min
s874,Movie,Ahaan,May-15-2021,2021,TV-MA,May,81 min
s875,TV Show,Booba: Food Puzzle,May-15-2021,2021,TV-Y,May,1 Season
s876,Movie,Love or Money,May-15-2021,2020,TV-MA,May,116 min
s877,TV Show,Alma Matters,May-14-2021,2021,TV-MA,May,1 Season
s878,Movie,Cinema Bandi,May-14-2021,2021,TV-MA,May,99 min
s879,Movie,Ferry,May-14-2021,2021,TV-MA,May,107 min
s880,TV Show,Halston,May-14-2021,2021,TV-MA,May,1 Season
s881,TV Show,Haunted,May-14-2021,2021,TV-MA,May,3 Seasons
s882,Movie,I Am All Girls,May-14-2021,2021,TV-MA,May,107 min
s883,Movie,Jungle Beat: The Movie,May-14-2021,2021,TV-Y7,May,90 min
s884,TV Show,"Love, Death & Robots",May-14-2021,2021,TV-MA,May,2 Seasons
s885,TV Show,Move to Heaven,May-14-2021,2021,TV-MA,May,1 Season
s886,Movie,Table Manners,May-14-2021,2018,TV-MA,May,104 min
s887,TV Show,The Mystic River,May-14-2021,2020,TV-14,May,1 Season
s888,Movie,The Strange House,May-14-2021,2020,TV-MA,May,100 min
s889,Movie,The Upshaws - The Afterparty,May-14-2021,2021,TV-14,May,32 min
s890,Movie,The Woman in the Window,May-14-2021,2021,R,May,102 min
s891,TV Show,Castlevania,May-13-2021,2021,TV-MA,May,4 Seasons
s892,Movie,Layer Cake,May-13-2021,2004,R,May,105 min
s893,Movie,Tottaa Pataaka Item Maal,May-13-2021,2018,TV-MA,May,107 min
s894,Movie,Wave of Cinema: Filosofi Kopi,May-13-2021,2020,TV-14,May,64 min
s895,Movie,Dance of the Forty One,May-12-2021,2021,TV-MA,May,99 min
s896,Movie,Oxygen,May-12-2021,2021,TV-14,May,102 min
s897,TV Show,The Upshaws,May-12-2021,2021,TV-14,May,1 Season
s898,TV Show,Use For My Talent,May-12-2021,2021,TV-14,May,1 Season
s899,Movie,Dear Affy,May-11-2021,2020,TV-14,May,126 min
s900,Movie,Illegal Woman,May-11-2021,2020,TV-MA,May,119 min
s901,TV Show,"Money, Explained",May-11-2021,2021,TV-14,May,1 Season
s902,Movie,Deadly Switch,May-10-2021,2019,TV-PG,May,86 min
s903,TV Show,Mine,May-9-2021,2021,TV-14,May,1 Season
s904,Movie,Nayattu,May-9-2021,2021,TV-MA,May,122 min
s905,Movie,Sleepless,May-8-2021,2017,R,May,95 min
s906,Movie,Super Me,May-8-2021,2021,TV-14,May,104 min
s907,Movie,Have You Ever Seen Fireflies? - Theatre Play,May-7-2021,1999,TV-MA,May,118 min
s908,Movie,In Our Mothers' Gardens,May-7-2021,2020,TV-MA,May,85 min
s909,TV Show,Jupiter's Legacy,May-7-2021,2021,TV-MA,May,1 Season
s910,Movie,Milestone,May-7-2021,2021,TV-14,May,98 min
s911,Movie,Monster,May-7-2021,2021,TV-MA,May,99 min
s912,TV Show,Sab Jholmaal Hai,May-7-2021,2017,TV-Y7,May,2 Seasons
s913,Movie,The Circle - The Afterparty,May-7-2021,2021,TV-14,May,35 min
s914,Movie,Time to Dance,May-7-2021,2020,TV-PG,May,107 min
s915,Movie,Unrest,May-7-2021,2017,TV-MA,May,97 min
s916,Movie,And Tomorrow the Entire World,May-6-2021,2020,TV-MA,May,112 min
s917,Movie,Dead Man Down,May-6-2021,2013,R,May,118 min
s918,Movie,Framing John DeLorean,May-5-2021,2019,TV-MA,May,109 min
s919,TV Show,Lava Ka Dhaava,May-5-2021,2021,TV-PG,May,1 Season
s920,TV Show,The Sons of Sam: A Descent into Darkness,May-5-2021,2021,TV-MA,May,1 Season
s921,TV Show,Selena: The Series,May-4-2021,2020,TV-PG,May,2 Seasons
s922,TV Show,StartUp,May-4-2021,2018,TV-MA,May,3 Seasons
s923,Movie,The Clovehitch Killer,May-4-2021,2018,TV-MA,May,109 min
s924,TV Show,Trash Truck,May-4-2021,2021,TV-Y,May,2 Seasons
s925,Movie,Aliens Stole My Body,May-1-2021,2020,PG,May,88 min
s926,TV Show,Angelina Ballerina,May-1-2021,2010,TV-Y,May,2 Seasons
s927,Movie,Au coeur des gangs,May-1-2021,2006,R,May,97 min
s928,TV Show,Barney and Friends,May-1-2021,2010,TV-Y,May,2 Seasons
s929,Movie,Best of the Best,May-1-2021,1989,PG-13,May,97 min
s930,Movie,Dead Again in Tombstone,May-1-2021,2017,R,May,99 min
s931,Movie,Due Date,May-1-2021,2010,R,May,95 min
s932,Movie,Fun with Dick & Jane,May-1-2021,2005,PG-13,May,91 min
s933,Movie,Green Zone,May-1-2021,2010,R,May,115 min
s934,Movie,Hachi: A Dog's Tale,May-1-2021,2009,G,May,93 min
s935,Movie,JT LeRoy,May-1-2021,2018,R,May,109 min
s936,Movie,Madagascar 3: Europe's Most Wanted,May-1-2021,2012,PG,May,96 min
s937,TV Show,Miniforce: Super Dino Power,May-1-2021,2020,TV-Y7,May,1 Season
s938,Movie,Motu Patlu in Dragon's World,May-1-2021,2017,TV-Y7,May,78 min
s939,Movie,Motu Patlu in the Game of Zones,May-1-2021,2019,TV-Y7,May,87 min
s940,Movie,Motu Patlu in Wonderland,May-1-2021,2013,TV-Y7,May,76 min
s941,Movie,Motu Patlu: Deep Sea Adventure,May-1-2021,2014,TV-Y7,May,76 min
s942,Movie,Motu Patlu: Mission Moon,May-1-2021,2013,TV-Y7,May,71 min
s943,Movie,Mystic River,May-1-2021,2003,R,May,138 min
s944,Movie,Never Back Down,May-1-2021,2008,PG-13,May,113 min
s945,Movie,S.M.A.R.T Chase,May-1-2021,2018,TV-MA,May,94 min
s946,Movie,Sitting in Limbo,May-1-2021,2020,TV-MA,May,89 min
s947,Movie,Stargate,May-1-2021,1994,PG-13,May,121 min
s948,Movie,State of Play,May-1-2021,2009,PG-13,May,127 min
s949,Movie,Swiped,May-1-2021,2018,TV-14,May,94 min
s950,Movie,The Darkest Hour,May-1-2021,2011,PG-13,May,89 min
s951,Movie,The Lovely Bones,May-1-2021,2009,PG-13,May,136 min
s952,Movie,The Sweetest Thing,May-1-2021,2002,R,May,89 min
s953,Movie,The Whole Nine Yards,May-1-2021,2000,R,May,99 min
s954,Movie,The Whole Truth,May-1-2021,2016,R,May,93 min
s955,Movie,The Yeti Adventures,May-1-2021,2018,TV-PG,May,85 min
s956,Movie,Under Siege,May-1-2021,1992,R,May,102 min
s957,Movie,Zack and Miri Make a Porno,May-1-2021,2008,R,May,101 min
s958,TV Show,Pet Stars,Apr-30-2021,2021,TV-PG,Apr,1 Season
s959,Movie,Seven,Apr-30-2021,2019,TV-14,Apr,113 min
s960,Movie,The Disciple,Apr-30-2021,2021,TV-MA,Apr,128 min
s961,TV Show,The Innocent,Apr-30-2021,2021,TV-MA,Apr,1 Season
s962,Movie,The Mitchells vs. The Machines,Apr-30-2021,2021,PG,Apr,114 min
s963,Movie,The Strangers: Prey at Night,Apr-30-2021,2018,R,Apr,85 min
s964,TV Show,The Unremarkable Juanquini,Apr-30-2021,2021,TV-MA,Apr,2 Seasons
s965,Movie,Things Heard & Seen,Apr-29-2021,2021,TV-MA,Apr,121 min
s966,TV Show,Yasuke,Apr-29-2021,2021,TV-MA,Apr,1 Season
s967,Movie,Get the Grift,Apr-28-2021,2021,TV-MA,Apr,95 min
s968,TV Show,Headspace Guide to Sleep,Apr-28-2021,2021,TV-G,Apr,1 Season
s969,TV Show,Sexify,Apr-28-2021,2021,TV-MA,Apr,1 Season
s970,Movie,August: Osage County,Apr-27-2021,2014,R,Apr,121 min
s971,Movie,Battle: Los Angeles,Apr-27-2021,2011,PG-13,Apr,116 min
s972,Movie,Between Worlds,Apr-27-2021,2018,R,Apr,91 min
s973,TV Show,Fatma,Apr-27-2021,2021,TV-MA,Apr,1 Season
s974,Movie,One,Apr-27-2021,2020,TV-PG,Apr,149 min
s975,Movie,Ram Prasad Ki Tehrvi,Apr-24-2021,2019,TV-14,Apr,113 min
s976,Movie,Shadow and Bone - The Afterparty,Apr-24-2021,2021,TV-14,Apr,33 min
s977,Movie,Among Family,Apr-23-2021,2017,TV-14,Apr,127 min
s978,Movie,Dedemin Fisi,Apr-23-2021,2016,TV-14,Apr,101 min
s979,Movie,Deliha,Apr-23-2021,2014,TV-MA,Apr,102 min
s980,Movie,Düğün Dernek,Apr-23-2021,2013,TV-MA,Apr,102 min
s981,Movie,Dügün Dernek 2: Sünnet,Apr-23-2021,2015,TV-MA,Apr,107 min
s982,Movie,G.O.R.A,Apr-23-2021,2004,TV-MA,Apr,123 min
s983,Movie,Hayat Öpücügü,Apr-23-2021,2015,TV-14,Apr,98 min
s984,Movie,Heroes: Silence and Rock & Roll,Apr-23-2021,2021,TV-MA,Apr,95 min
s985,Movie,Kara Bela,Apr-23-2021,2015,TV-MA,Apr,101 min
s986,Movie,Kocan Kadar Konus,Apr-23-2021,2015,TV-MA,Apr,104 min
s987,Movie,Kocan Kadar Konus 2: Dirilis,Apr-23-2021,2016,TV-14,Apr,104 min
s988,Movie,Legal Hash,Apr-23-2021,2019,TV-MA,Apr,103 min
s989,TV Show,Let's Fight Ghost,Apr-23-2021,2021,TV-14,Apr,1 Season
s990,Movie,My Travel Buddy,Apr-23-2021,2017,TV-MA,Apr,111 min
s991,Movie,Niyazi Gül Dörtnala,Apr-23-2021,2015,TV-MA,Apr,102 min
s992,Movie,One Like It,Apr-23-2021,2020,TV-G,Apr,15 min
s993,Movie,Perfume Imaginary Museum “Time Warp”,Apr-23-2021,2020,TV-G,Apr,54 min
s994,TV Show,Shadow and Bone,Apr-23-2021,2021,TV-14,Apr,1 Season
s995,Movie,This Lady Called Life,Apr-23-2021,2020,TV-14,Apr,120 min
s996,Movie,Vizontele,Apr-23-2021,2001,TV-MA,Apr,106 min
s997,Movie,HOMUNCULUS,Apr-22-2021,2021,TV-MA,Apr,116 min
s998,TV Show,Life in Color with David Attenborough,Apr-22-2021,2021,TV-PG,Apr,1 Season
s999,Movie,Searching For Sheela,Apr-22-2021,2021,TV-14,Apr,58 min
s1000,Movie,Stowaway,Apr-22-2021,2021,TV-MA,Apr,116 min
s1001,Movie,Wild Dog,Apr-22-2021,2020,TV-MA,Apr,126 min
s1002,Movie,Oloibiri,Apr-21-2021,2015,TV-14,Apr,86 min
s1003,Movie,Tell Me When,Apr-21-2021,2021,TV-MA,Apr,97 min
s1004,TV Show,Zero,Apr-21-2021,2021,TV-MA,Apr,1 Season
s1005,TV Show,Izzy's Koala World,Apr-20-2021,2021,TV-Y,Apr,2 Seasons
s1006,Movie,Keymon and Nani in Space Adventure,Apr-20-2021,2013,TV-Y,Apr,76 min
s1007,Movie,Motu Patlu Dino Invasion,Apr-20-2021,2018,TV-Y7,Apr,80 min
s1008,Movie,Motu Patlu in Octupus World,Apr-20-2021,2017,TV-Y,Apr,81 min
s1009,Movie,Motu Patlu VS Robo Kids,Apr-20-2021,2019,TV-Y,Apr,84 min
s1010,Movie,Rudra: Secret of the Black Moon,Apr-20-2021,2020,TV-Y7,Apr,87 min
s1011,Movie,Rudra: The Rise of King Pharaoh,Apr-20-2021,2019,TV-Y7,Apr,91 min
s1012,Movie,Free to Play,Apr-19-2021,2014,TV-14,Apr,76 min
s1013,TV Show,Luis Miguel - The Series,Apr-19-2021,2021,TV-MA,Apr,2 Seasons
s1014,Movie,Miss Sloane,Apr-19-2021,2016,R,Apr,132 min
s1015,TV Show,PJ Masks,Apr-19-2021,2019,TV-Y,Apr,3 Seasons
s1016,Movie,American Me,Apr-17-2021,1992,R,Apr,126 min
s1017,Movie,Delhi Belly,Apr-17-2021,2011,TV-MA,Apr,101 min
s1018,Movie,Dhobi Ghat (Mumbai Diaries),Apr-17-2021,2010,TV-MA,Apr,102 min
s1019,Movie,Jaane Tu... Ya Jaane Na,Apr-17-2021,2008,TV-14,Apr,147 min
s1020,Movie,Lagaan,Apr-17-2021,2001,PG,Apr,224 min
s1021,Movie,Madness in the Desert,Apr-17-2021,2004,TV-14,Apr,141 min
s1022,Movie,Peepli Live,Apr-17-2021,2010,TV-MA,Apr,109 min
s1023,Movie,Taare Zameen Par,Apr-17-2021,2007,PG,Apr,162 min
s1024,Movie,Ajeeb Daastaans,Apr-16-2021,2021,TV-MA,Apr,142 min
s1025,Movie,Arlo the Alligator Boy,Apr-16-2021,2021,TV-Y7,Apr,93 min
s1026,TV Show,Bakugan: Geogan Rising,Apr-16-2021,2021,TV-Y7,Apr,1 Season
s1027,Movie,Barbie & Chelsea: The Lost Birthday,Apr-16-2021,2021,TV-Y,Apr,60 min
s1028,Movie,Crimson Peak,Apr-16-2021,2015,R,Apr,119 min
s1029,Movie,Dad Stop Embarrassing Me - The Afterparty,Apr-16-2021,2021,TV-14,Apr,37 min
s1030,Movie,Doctor Bello,Apr-16-2021,2013,TV-MA,Apr,96 min
s1031,Movie,Four Sisters Before the Wedding,Apr-16-2021,2020,TV-MA,Apr,116 min
s1032,Movie,Into the Beat,Apr-16-2021,2020,TV-14,Apr,102 min
s1033,TV Show,Love Naggers,Apr-16-2021,2021,TV-14,Apr,1 Season
s1034,Movie,Rush,Apr-16-2021,2013,R,Apr,123 min
s1035,Movie,Synchronic,Apr-16-2021,2020,R,Apr,102 min
s1036,Movie,The Zookeeper's Wife,Apr-16-2021,2017,PG-13,Apr,127 min
s1037,Movie,Time Trap,Apr-16-2021,2017,TV-14,Apr,88 min
s1038,Movie,Tuesdays & Fridays,Apr-16-2021,2021,TV-14,Apr,106 min
s1039,TV Show,Dancing Angels,Apr-15-2021,2016,TV-PG,Apr,1 Season
s1040,Movie,Dark City Beneath the Beat,Apr-15-2021,2020,TV-MA,Apr,65 min
s1041,TV Show,Durarara!!,Apr-15-2021,2016,TV-MA,Apr,1 Season
s1042,Movie,GANTZ:O,Apr-15-2021,2016,TV-MA,Apr,96 min
s1043,TV Show,Garth Brooks: The Road I’m On,Apr-15-2021,2019,TV-PG,Apr,1 Season
s1044,TV Show,Gilmore Girls,Apr-15-2021,2006,TV-14,Apr,7 Seasons
s1045,TV Show,High-Rise Invasion,Apr-15-2021,2021,TV-MA,Apr,1 Season
s1046,TV Show,Next in Fashion,Apr-15-2021,2020,TV-14,Apr,1 Season
s1047,Movie,Only Mine,Apr-15-2021,2019,TV-14,Apr,88 min
s1048,TV Show,Peasants Rebellion,Apr-15-2021,2018,TV-14,Apr,1 Season
s1049,TV Show,Power Players,Apr-15-2021,2020,TV-Y,Apr,3 Seasons
s1050,TV Show,Ricky Zoom,Apr-15-2021,2019,TV-Y,Apr,1 Season
s1051,Movie,Ride or Die,Apr-15-2021,2021,TV-MA,Apr,143 min
s1052,TV Show,Sonic X,Apr-15-2021,2003,TV-Y7,Apr,2 Seasons
s1053,Movie,The Master,Apr-15-2021,2012,R,Apr,137 min
s1054,Movie,Time Is Illmatic,Apr-15-2021,2014,TV-MA,Apr,75 min
s1055,Movie,Wave of Cinema: One Day We'll Talk About Today,Apr-15-2021,2020,TV-14,Apr,71 min
s1056,Movie,Zoot Suit,Apr-15-2021,1981,R,Apr,103 min
s1057,TV Show,Ajaibnya Cinta,Apr-14-2021,2015,TV-PG,Apr,1 Season
s1058,TV Show,Dad Stop Embarrassing Me!,Apr-14-2021,2021,TV-14,Apr,1 Season
s1059,TV Show,Fate: The Winx Saga,Apr-14-2021,2021,TV-MA,Apr,1 Season
s1060,TV Show,House of Cards,Apr-14-2021,2018,TV-MA,Apr,6 Seasons
s1061,TV Show,Indian Matchmaking,Apr-14-2021,2020,TV-14,Apr,1 Season
s1062,TV Show,Jeffrey Epstein: Filthy Rich,Apr-14-2021,2020,TV-MA,Apr,1 Season
s1063,TV Show,Law School,Apr-14-2021,2021,TV-14,Apr,1 Season
s1064,TV Show,Living with Yourself,Apr-14-2021,2019,TV-MA,Apr,1 Season
s1065,TV Show,Signal,Apr-14-2021,2016,TV-MA,Apr,1 Season
s1066,TV Show,Slasher,Apr-14-2021,2019,TV-MA,Apr,3 Seasons
s1067,Movie,The Soul,Apr-14-2021,2021,TV-MA,Apr,130 min
s1068,TV Show,The Underclass,Apr-14-2021,2020,TV-MA,Apr,1 Season
s1069,TV Show,Unnatural Selection,Apr-14-2021,2019,TV-MA,Apr,1 Season
s1070,Movie,Uppena,Apr-14-2021,2020,TV-14,Apr,145 min
s1071,Movie,Why Did You Kill Me?,Apr-14-2021,2021,TV-MA,Apr,84 min
s1072,Movie,Motu Patlu in Hong Kong: Kung Fu Kings 3,Apr-13-2021,2017,TV-Y7,Apr,84 min
s1073,Movie,Motu Patlu in the City of Gold,Apr-13-2021,2018,TV-Y7,Apr,77 min
s1074,Movie,Motu Patlu Kung Fu Kings 4 The Challenge of Kung Fu Brothers,Apr-13-2021,2018,TV-Y7,Apr,86 min
s1075,Movie,Motu Patlu the Superheroes – Super Villains from Mars,Apr-13-2021,2019,TV-Y7,Apr,79 min
s1076,TV Show,My Love: Six Stories of True Love,Apr-13-2021,2021,TV-PG,Apr,1 Season
s1077,Movie,Shiva VS Autobots,Apr-13-2021,2018,TV-Y7,Apr,80 min
s1078,Movie,Shiva: Journey to Plunotaria,Apr-13-2021,2019,TV-Y7,Apr,81 min
s1079,Movie,Shiva: The Secret World Of Vedas City,Apr-13-2021,2017,TV-Y,Apr,78 min
s1080,TV Show,The Baker and the Beauty,Apr-13-2021,2020,TV-PG,Apr,1 Season
s1081,Movie,New Gods: Nezha Reborn,Apr-12-2021,2021,TV-14,Apr,118 min
s1082,TV Show,"Nicky, Ricky, Dicky & Dawn",Apr-12-2021,2018,TV-G,Apr,4 Seasons
s1083,TV Show,Don't be the First one,Apr-11-2021,2021,TV-14,Apr,1 Season
s1084,Movie,The Stand-In,Apr-10-2021,2020,R,Apr,102 min
s1085,TV Show,Heaven Official's Blessing,Apr-9-2021,2020,TV-14,Apr,1 Season
s1086,Movie,Night in Paradise,Apr-9-2021,2021,TV-MA,Apr,132 min
s1087,Movie,Ojukokoro: Greed,Apr-9-2021,2016,TV-MA,Apr,108 min
s1088,Movie,Roohi,Apr-9-2021,2021,TV-14,Apr,133 min
s1089,Movie,Thunder Force,Apr-9-2021,2021,PG-13,Apr,107 min
s1090,Movie,Two Distant Strangers,Apr-9-2021,2021,TV-MA,Apr,32 min
s1091,Movie,Story of Kale: When Someone's in Love,Apr-8-2021,2020,TV-PG,Apr,78 min
s1092,TV Show,The Way of the Househusband,Apr-8-2021,2021,TV-MA,Apr,1 Season
s1093,Movie,Dolly Parton: A MusiCares Tribute,Apr-7-2021,2021,TV-PG,Apr,55 min
s1094,TV Show,The Big Day,Apr-7-2021,2021,TV-14,Apr,2 Seasons
s1095,TV Show,The Wedding Coach,Apr-7-2021,2021,TV-MA,Apr,1 Season
s1096,TV Show,This Is a Robbery: The World's Biggest Art Heist,Apr-7-2021,2021,TV-MA,Apr,1 Season
s1097,Movie,The Last Kids on Earth: Happy Apocalypse to You,Apr-6-2021,2021,TV-Y7,Apr,92 min
s1098,Movie,Coded Bias,Apr-5-2021,2020,TV-MA,Apr,86 min
s1099,Movie,Mandela,Apr-5-2021,2021,TV-14,Apr,140 min
s1100,Movie,The Fisherman's Diary,Apr-4-2021,2020,TV-MA,Apr,143 min
s1101,Movie,What Lies Below,Apr-4-2021,2020,TV-MA,Apr,88 min
s1102,Movie,Escape from Planet Earth,Apr-3-2021,2013,PG,Apr,89 min
s1103,Movie,Accepted,Apr-2-2021,2006,PG-13,Apr,93 min
s1104,Movie,Air Strike,Apr-2-2021,2018,R,Apr,97 min
s1105,Movie,An American Girl: McKenna Shoots for the Stars,Apr-2-2021,2012,TV-Y,Apr,94 min
s1106,Movie,Concrete Cowboy,Apr-2-2021,2021,R,Apr,112 min
s1107,Movie,Cross: Rise of the Villains,Apr-2-2021,2019,R,Apr,100 min
s1108,Movie,God Calling,Apr-2-2021,2018,TV-MA,Apr,120 min
s1109,Movie,Irul,Apr-2-2021,2021,TV-MA,Apr,91 min
s1110,Movie,Just Say Yes,Apr-2-2021,2021,TV-MA,Apr,98 min
s1111,Movie,Madame Claude,Apr-2-2021,2021,TV-MA,Apr,113 min
s1112,Movie,Wild Child,Apr-2-2021,2008,PG-13,Apr,98 min
s1113,Movie,Woody Woodpecker,Apr-2-2021,2017,PG,Apr,91 min
s1114,Movie,2012,Apr-1-2021,2009,PG-13,Apr,158 min
s1115,Movie,3 Idiots,Apr-1-2021,2009,PG-13,Apr,164 min
s1116,Movie,Ferrari Ki Sawaari,Apr-1-2021,2012,TV-PG,Apr,133 min
s1117,TV Show,Glimpses of a Future,Apr-1-2021,2020,TV-PG,Apr,1 Season
s1118,Movie,Ibrahim a Fate to Define,Apr-1-2021,2019,TV-PG,Apr,75 min
s1119,Movie,Insidious,Apr-1-2021,2010,PG-13,Apr,103 min
s1120,Movie,Into the Grizzly Maze,Apr-1-2021,2015,R,Apr,90 min
s1121,Movie,Kingsglaive: Final Fantasy XV,Apr-1-2021,2016,PG-13,Apr,116 min
s1122,Movie,Legally Blonde,Apr-1-2021,2001,PG-13,Apr,96 min
s1123,Movie,Madam Chief Minister,Apr-1-2021,2020,TV-14,Apr,121 min
s1124,TV Show,Magical Andes,Apr-1-2021,2021,TV-G,Apr,2 Seasons
s1125,Movie,Maximum Risk,Apr-1-2021,1996,R,Apr,101 min
s1126,TV Show,Murder Maps,Apr-1-2021,2017,TV-MA,Apr,2 Seasons
s1127,Movie,My Fair Lady,Apr-1-2021,1964,G,Apr,173 min
s1128,TV Show,Prank Encounters,Apr-1-2021,2021,TV-MA,Apr,2 Seasons
s1129,Movie,S.W.A.T.: Under Siege,Apr-1-2021,2017,R,Apr,89 min
s1130,TV Show,Secrets of Great British Castles,Apr-1-2021,2016,TV-PG,Apr,2 Seasons
s1131,Movie,Seven Souls in the Skull Castle: Season Bird,Apr-1-2021,2017,TV-14,Apr,182 min
s1132,Movie,Seven Souls in the Skull Castle: Season Flower,Apr-1-2021,2017,TV-14,Apr,181 min
s1133,Movie,Seven Souls in the Skull Castle: Season Wind,Apr-1-2021,2017,TV-14,Apr,185 min
s1134,Movie,Sniper: Ghost Shooter,Apr-1-2021,2016,R,Apr,99 min
s1135,Movie,Starship Troopers: Traitor of Mars,Apr-1-2021,2017,R,Apr,88 min
s1136,Movie,Takers,Apr-1-2021,2010,PG-13,Apr,107 min
s1137,Movie,Tersanjung the Movie,Apr-1-2021,2021,TV-14,Apr,114 min
s1138,Movie,The Knight and the Princess,Apr-1-2021,2019,TV-PG,Apr,96 min
s1139,Movie,The Pianist,Apr-1-2021,2002,R,Apr,149 min
s1140,Movie,The Stepfather,Apr-1-2021,2009,PG-13,Apr,102 min
s1141,Movie,Universal Soldier: The Return,Apr-1-2021,1999,R,Apr,83 min
s1142,Movie,Wazir,Apr-1-2021,2016,TV-14,Apr,98 min
s1143,Movie,White Boy,Apr-1-2021,2017,TV-MA,Apr,83 min
s1144,TV Show,Worn Stories,Apr-1-2021,2021,TV-MA,Apr,1 Season
s1145,Movie,Yes Man,Apr-1-2021,2008,PG-13,Apr,104 min
s1146,Movie,At Eternity's Gate,Mar-31-2021,2018,PG-13,Mar,111 min
s1147,TV Show,Haunted: Latin America,Mar-31-2021,2021,TV-14,Mar,1 Season
s1148,Movie,Not a Game,Mar-31-2021,2020,TV-MA,Mar,98 min
s1149,TV Show,Robocar Poli,Mar-31-2021,2015,TV-Y,Mar,2 Seasons
s1150,TV Show,Yu-Gi-Oh!,Mar-31-2021,2005,TV-Y7,Mar,1 Season
s1151,Movie,7 Yards: The Chris Norton Story,Mar-30-2021,2021,TV-PG,Mar,93 min
s1152,Movie,Octonauts & the Ring of Fire,Mar-30-2021,2021,TV-Y,Mar,73 min
s1153,TV Show,Rainbow High,Mar-30-2021,2020,TV-Y,Mar,1 Season
s1154,Movie,Mandela: Long Walk to Freedom,Mar-29-2021,2013,PG-13,Mar,141 min
s1155,Movie,Lawless,Mar-28-2021,2012,R,Mar,116 min
s1156,Movie,Marked,Mar-28-2021,2021,TV-PG,Mar,21 min
s1157,Movie,A Week Away,Mar-26-2021,2021,TV-PG,Mar,98 min
s1158,Movie,Bad Trip,Mar-26-2021,2021,TV-MA,Mar,87 min
s1159,TV Show,Big Time Rush,Mar-26-2021,2013,TV-G,Mar,4 Seasons
s1160,Movie,Black Is Beltza,Mar-26-2021,2018,TV-MA,Mar,87 min
s1161,Movie,Croupier,Mar-26-2021,1998,TV-MA,Mar,95 min
s1162,Movie,Elizabeth and Margaret: Love and Loyalty,Mar-26-2021,2020,TV-PG,Mar,87 min
s1163,Movie,Keeping the Bees,Mar-26-2021,2020,TV-14,Mar,93 min
s1164,TV Show,Magic for Humans Spain,Mar-26-2021,2021,TV-MA,Mar,1 Season
s1165,Movie,Ni de coña,Mar-26-2021,2020,TV-MA,Mar,97 min
s1166,Movie,Pagglait,Mar-26-2021,2021,TV-PG,Mar,114 min
s1167,TV Show,The Irregulars,Mar-26-2021,2021,TV-14,Mar,1 Season
s1168,Movie,Caught by a Wave,Mar-25-2021,2021,TV-14,Mar,100 min
s1169,TV Show,DOTA: Dragon's Blood,Mar-25-2021,2021,TV-MA,Mar,1 Season
s1170,TV Show,Pui Pui Molcar,Mar-25-2021,2021,TV-Y7,Mar,1 Season
s1171,Movie,Secret Magic Control Agency,Mar-25-2021,2021,TV-Y7,Mar,105 min
s1172,Movie,Seaspiracy,Mar-24-2021,2021,TV-14,Mar,90 min
s1173,Movie,Loyiso Gola: Unlearning,Mar-23-2021,2021,TV-MA,Mar,60 min
s1174,TV Show,Men on a Mission,Mar-23-2021,2021,TV-14,Mar,6 Seasons
s1175,TV Show,Navillera,Mar-23-2021,2021,TV-14,Mar,1 Season
s1176,Movie,Philomena,Mar-22-2021,2013,PG-13,Mar,98 min
s1177,Movie,Any Crybabies Around?,Mar-20-2021,2020,TV-MA,Mar,108 min
s1178,Movie,Hospital,Mar-20-2021,2020,TV-MA,Mar,90 min
s1179,Movie,Jiu Jitsu,Mar-20-2021,2020,R,Mar,102 min
s1180,TV Show,Mighty Morphin Power Rangers,Mar-20-2021,2010,TV-Y7,Mar,4 Seasons
s1181,TV Show,Alien TV,Mar-19-2021,2021,TV-Y7,Mar,2 Seasons
s1182,TV Show,Country Comfort,Mar-19-2021,2021,TV-PG,Mar,1 Season
s1183,TV Show,Formula 1: Drive to Survive,Mar-19-2021,2021,TV-MA,Mar,3 Seasons
s1184,Movie,Reframe THEATER EXPERIENCE with you,Mar-19-2021,2020,TV-G,Mar,84 min
s1185,Movie,The Yin Yang Master,Mar-19-2021,2021,TV-14,Mar,120 min
s1186,Movie,Who's the Boss,Mar-19-2021,2020,TV-MA,Mar,106 min
s1187,TV Show,B: The Beginning,Mar-18-2021,2021,TV-MA,Mar,2 Seasons
s1188,Movie,Deadly Illusions,Mar-18-2021,2021,R,Mar,115 min
s1189,Movie,Get the Goat,Mar-18-2021,2021,TV-14,Mar,98 min
s1190,Movie,Nate Bargatze: The Greatest Average American,Mar-18-2021,2021,TV-G,Mar,60 min
s1191,Movie,Skylines,Mar-18-2021,2020,R,Mar,113 min
s1192,Movie,The Fluffy Movie,Mar-18-2021,2014,PG-13,Mar,101 min
s1193,Movie,The Present,Mar-18-2021,2020,TV-MA,Mar,24 min
s1194,Movie,Wave of Cinema: 90's Generation,Mar-18-2021,2020,TV-PG,Mar,51 min
s1195,Movie,Catch.er,Mar-17-2021,2017,TV-14,Mar,80 min
s1196,Movie,Operation Varsity Blues: The College Admissions Scandal,Mar-17-2021,2021,R,Mar,100 min
s1197,TV Show,Under Suspicion: Uncovering the Wesphael Case,Mar-17-2021,2021,TV-14,Mar,1 Season
s1198,Movie,Get on Up,Mar-16-2021,2014,PG-13,Mar,139 min
s1199,Movie,RebellComedy: Straight Outta the Zoo,Mar-16-2021,2021,TV-MA,Mar,74 min
s1200,Movie,Savages,Mar-16-2021,2012,R,Mar,131 min
s1201,TV Show,Waffles + Mochi,Mar-16-2021,2021,TV-Y,Mar,1 Season
s1202,TV Show,Abla Fahita: Drama Queen,Mar-15-2021,2021,TV-14,Mar,1 Season
s1203,Movie,C/O Kaadhal,Mar-15-2021,2021,TV-14,Mar,131 min
s1204,Movie,The BFG,Mar-15-2021,2016,PG,Mar,118 min
s1205,Movie,The Last Blockbuster,Mar-15-2021,2020,TV-14,Mar,87 min
s1206,TV Show,The Lost Pirate Kingdom,Mar-15-2021,2021,TV-MA,Mar,1 Season
s1207,TV Show,Zero Chill,Mar-15-2021,2021,TV-G,Mar,1 Season
s1208,Movie,Audrey,Mar-14-2021,2020,TV-14,Mar,101 min
s1209,Movie,Çarsi Pazar,Mar-12-2021,2015,TV-MA,Mar,97 min
s1210,Movie,Just In Time,Mar-12-2021,2020,TV-G,Mar,92 min
s1211,TV Show,Love Alarm,Mar-12-2021,2021,TV-MA,Mar,2 Seasons
s1212,Movie,Mucize,Mar-12-2021,2015,TV-14,Mar,136 min
s1213,Movie,Paper Lives,Mar-12-2021,2021,TV-MA,Mar,97 min
s1214,TV Show,Paradise PD,Mar-12-2021,2021,TV-MA,Mar,3 Seasons
s1215,Movie,Quiet,Mar-12-2021,2020,TV-MA,Mar,103 min
s1216,Movie,Romantik Komedi,Mar-12-2021,2010,TV-MA,Mar,110 min
s1217,Movie,Romantik Komedi 2: Bekarlığa Veda,Mar-12-2021,2013,TV-MA,Mar,105 min
s1218,TV Show,The One,Mar-12-2021,2021,TV-MA,Mar,1 Season
s1219,Movie,YES DAY,Mar-12-2021,2021,PG,Mar,90 min
s1220,Movie,You're Everything To Me,Mar-12-2021,2016,TV-PG,Mar,107 min
s1221,Movie,Coven of Sisters,Mar-11-2021,2021,TV-MA,Mar,92 min
s1222,Movie,Generasi 90an: Melankolia,Mar-11-2021,2020,TV-14,Mar,94 min
s1223,Movie,The Block Island Sound,Mar-11-2021,2020,TV-MA,Mar,99 min
s1224,TV Show,Dealer,Mar-10-2021,2021,TV-MA,Mar,1 Season
s1225,TV Show,Last Chance U: Basketball,Mar-10-2021,2021,TV-MA,Mar,1 Season
s1226,TV Show,Marriage or Mortgage,Mar-10-2021,2021,TV-G,Mar,1 Season
s1227,TV Show,The Houseboat,Mar-9-2021,2021,TV-14,Mar,1 Season
s1228,TV Show,Bombay Begums,Mar-8-2021,2021,TV-MA,Mar,1 Season
s1229,Movie,Bombay Rose,Mar-8-2021,2021,PG-13,Mar,97 min
s1230,TV Show,My Way,Mar-6-2021,2015,TV-14,Mar,1 Season
s1231,Movie,Aelay,Mar-5-2021,2021,TV-14,Mar,151 min
s1232,TV Show,City of Ghosts,Mar-5-2021,2021,TV-Y7,Mar,1 Season
s1233,Movie,Dogwashers,Mar-5-2021,2021,TV-MA,Mar,108 min
s1234,Movie,Fate of Alakada,Mar-5-2021,2020,TV-14,Mar,113 min
s1235,TV Show,Nevenka: Breaking the Silence,Mar-5-2021,2021,TV-MA,Mar,1 Season
s1236,TV Show,Pokémon Journeys: The Series,Mar-5-2021,2021,TV-Y7,Mar,4 Seasons
s1237,Movie,Sentinelle,Mar-5-2021,2021,TV-MA,Mar,81 min
s1238,Movie,Mariposa,Mar-4-2021,2020,TV-14,Mar,116 min
s1239,TV Show,Pacific Rim: The Black,Mar-4-2021,2021,TV-14,Mar,1 Season
s1240,Movie,Parker,Mar-4-2021,2013,R,Mar,119 min
s1241,Movie,Safe Haven,Mar-4-2021,2013,PG-13,Mar,116 min
s1242,Movie,Moxie,Mar-3-2021,2021,PG-13,Mar,112 min
s1243,TV Show,Murder Among the Mormons,Mar-3-2021,2021,TV-14,Mar,1 Season
s1244,Movie,Black or White,Mar-2-2021,2014,PG-13,Mar,121 min
s1245,Movie,Indoo Ki Jawani,Mar-2-2021,2020,TV-14,Mar,115 min
s1246,TV Show,Word Party,Mar-2-2021,2021,TV-Y,Mar,5 Seasons
s1247,TV Show,A Perfect Day For Arsenide,Mar-1-2021,2019,TV-MA,Mar,1 Season
s1248,Movie,Banyuki,Mar-1-2021,2009,TV-PG,Mar,182 min
s1249,Movie,Biggie: I Got a Story to Tell,Mar-1-2021,2021,R,Mar,98 min
s1250,Movie,Blanche Gardin: The All-Nighter,Mar-1-2021,2021,TV-MA,Mar,96 min
s1251,Movie,Connected,Mar-1-2021,2021,TV-G,Mar,42 min
s1252,Movie,Dances with Wolves,Mar-1-2021,1990,PG-13,Mar,181 min
s1253,Movie,How to Be Really Bad,Mar-1-2021,2018,TV-14,Mar,100 min
s1254,Movie,LEGO Marvel Spider-Man: Vexed by Venom,Mar-1-2021,2019,TV-Y,Mar,22 min
s1255,Movie,Rain Man,Mar-1-2021,1988,R,Mar,134 min
s1256,Movie,Seven Souls in the Skull Castle 2011,Mar-1-2021,2011,TV-14,Mar,177 min
s1257,Movie,Tenacious D in The Pick of Destiny,Mar-1-2021,2006,R,Mar,94 min
s1258,TV Show,TIGER & BUNNY,Feb-28-2021,2011,TV-14,Feb,1 Season
s1259,Movie,Bigfoot Family,Feb-26-2021,2021,TV-Y7,Feb,88 min
s1260,Movie,Captain Fantastic,Feb-26-2021,2016,R,Feb,119 min
s1261,Movie,Crazy About Her,Feb-26-2021,2021,TV-MA,Feb,107 min
s1262,Movie,Fuga,Feb-26-2021,2006,TV-MA,Feb,112 min
s1263,Movie,Ginny & Georgia - The Afterparty,Feb-26-2021,2021,TV-MA,Feb,35 min
s1264,Movie,No Escape,Feb-26-2021,2015,R,Feb,103 min
s1265,Movie,Our Idiot Brother,Feb-26-2021,2011,R,Feb,90 min
s1266,Movie,The Girl on the Train,Feb-26-2021,2021,TV-MA,Feb,120 min
s1267,Movie,Tony Manero,Feb-26-2021,2008,TV-MA,Feb,97 min
s1268,Movie,Who Am I,Feb-26-2021,2014,TV-MA,Feb,102 min
s1269,TV Show,El final del paraíso,Feb-25-2021,2019,TV-MA,Feb,1 Season
s1270,Movie,Geez & Ann,Feb-25-2021,2021,TV-PG,Feb,106 min
s1271,TV Show,Sin senos sí hay paraíso,Feb-25-2021,2018,TV-MA,Feb,3 Seasons
s1272,TV Show,The Last Bastion,Feb-25-2021,2018,TV-MA,Feb,1 Season
s1273,TV Show,Age of Samurai: Battle for Japan,Feb-24-2021,2021,TV-MA,Feb,1 Season
s1274,Movie,"Blue, Painful, Fragile",Feb-24-2021,2020,TV-14,Feb,119 min
s1275,TV Show,Canine Intervention,Feb-24-2021,2021,TV-PG,Feb,1 Season
s1276,TV Show,Ginny & Georgia,Feb-24-2021,2021,TV-14,Feb,1 Season
s1277,Movie,M8 - When Death Rescues Life,Feb-24-2021,2019,TV-MA,Feb,84 min
s1278,TV Show,Two Sentence Horror Stories,Feb-24-2021,2021,TV-14,Feb,2 Seasons
s1279,Movie,Brian Regan: On the Rocks,Feb-23-2021,2021,TV-G,Feb,58 min
s1280,Movie,Made You Look: A True Story About Fake Art,Feb-23-2021,2020,TV-14,Feb,90 min
s1281,Movie,Pelé,Feb-23-2021,2021,TV-14,Feb,109 min
s1282,Movie,Red,Feb-23-2021,2021,TV-14,Feb,143 min
s1283,TV Show,Zindagi in Short,Feb-22-2021,2020,TV-MA,Feb,1 Season
s1284,Movie,The Conjuring,Feb-21-2021,2013,R,Feb,112 min
s1285,Movie,The Conjuring 2,Feb-21-2021,2016,R,Feb,134 min
s1286,TV Show,Vincenzo,Feb-21-2021,2021,TV-14,Feb,1 Season
s1287,Movie,Classmates Minus,Feb-20-2021,2020,TV-MA,Feb,123 min
s1288,Movie,Fate: The Winx Saga - The Afterparty,Feb-20-2021,2021,TV-14,Feb,36 min
s1289,Movie,Operation Finale,Feb-20-2021,2018,PG-13,Feb,123 min
s1290,Movie,Wave of Cinema: Surat dari Timur,Feb-20-2021,2020,TV-G,Feb,58 min
s1291,Movie,I Care a Lot,Feb-19-2021,2021,R,Feb,118 min
s1292,Movie,Love,Feb-19-2021,2020,TV-14,Feb,91 min
s1293,Movie,Perú: Tesoro escondido,Feb-19-2021,2017,TV-PG,Feb,76 min
s1294,TV Show,Pitta Kathalu,Feb-19-2021,2021,TV-MA,Feb,1 Season
s1295,TV Show,Tribes of Europa,Feb-19-2021,2021,TV-MA,Feb,1 Season
s1296,Movie,Eeb Allay Ooo!,Feb-18-2021,2019,TV-MA,Feb,97 min
s1297,TV Show,"Hello, Me!",Feb-18-2021,2021,TV-14,Feb,1 Season
s1298,Movie,No Escape Room,Feb-18-2021,2018,TV-14,Feb,85 min
s1299,TV Show,Sisyphus,Feb-18-2021,2021,TV-14,Feb,1 Season
s1300,TV Show,Thus Spoke Kishibe Rohan,Feb-18-2021,2021,TV-MA,Feb,1 Season
s1301,TV Show,Amend: The Fight for America,Feb-17-2021,2021,TV-MA,Feb,1 Season
s1302,TV Show,Behind Her Eyes,Feb-17-2021,2021,TV-MA,Feb,1 Season
s1303,TV Show,MeatEater,Feb-17-2021,2021,TV-14,Feb,4 Seasons
s1304,Movie,The Most Unknown,Feb-17-2021,2018,TV-PG,Feb,92 min
s1305,Movie,Animals on the Loose: A You vs. Wild Movie,Feb-16-2021,2021,TV-PG,Feb,139 min
s1306,Movie,Awara Paagal Deewana,Feb-16-2021,2002,TV-14,Feb,162 min
s1307,TV Show,Good Girls,Feb-16-2021,2020,TV-MA,Feb,3 Seasons
s1308,Movie,The Resurrection of Gavin Stone,Feb-16-2021,2017,PG,Feb,92 min
s1309,TV Show,Booba,Feb-15-2021,2021,TV-Y7,Feb,4 Seasons
s1310,Movie,"My Teacher, My Obsession",Feb-15-2021,2018,TV-14,Feb,86 min
s1311,TV Show,The Crew,Feb-15-2021,2021,TV-14,Feb,1 Season
s1312,Movie,Namaste Wahala,Feb-14-2021,2021,TV-14,Feb,107 min
s1313,Movie,Monsoon,Feb-13-2021,2020,TV-MA,Feb,85 min
s1314,TV Show,Buried by the Bernards,Feb-12-2021,2021,TV-14,Feb,1 Season
s1315,TV Show,Chappelle's Show,Feb-12-2021,2005,TV-MA,Feb,2 Seasons
s1316,Movie,Hate by Dani Rovira,Feb-12-2021,2021,TV-MA,Feb,83 min
s1317,Movie,Mundina Nildana,Feb-12-2021,2019,TV-MA,Feb,104 min
s1318,TV Show,Nadiya Bakes,Feb-12-2021,2021,TV-G,Feb,1 Season
s1319,Movie,To All The Boys: Always And Forever,Feb-12-2021,2021,TV-14,Feb,116 min
s1320,Movie,Xico's Journey,Feb-12-2021,2021,TV-Y7,Feb,87 min
s1321,TV Show,Capitani,Feb-11-2021,2019,TV-MA,Feb,1 Season
s1322,TV Show,El Chema,Feb-11-2021,2016,TV-MA,Feb,1 Season
s1323,Movie,Growing up and other problems,Feb-11-2021,2018,TV-14,Feb,91 min
s1324,Movie,Layla Majnun,Feb-11-2021,2020,TV-14,Feb,119 min
s1325,Movie,Middle of Nowhere,Feb-11-2021,2012,R,Feb,102 min
s1326,Movie,Red Dot,Feb-11-2021,2021,TV-MA,Feb,86 min
s1327,Movie,Squared Love,Feb-11-2021,2021,TV-14,Feb,102 min
s1328,Movie,This Is the Life,Feb-11-2021,2008,TV-MA,Feb,98 min
s1329,TV Show,Crime Scene: The Vanishing at the Cecil Hotel,Feb-10-2021,2021,TV-MA,Feb,1 Season
s1330,Movie,The Misadventures of Hedi and Cokeman,Feb-10-2021,2021,TV-MA,Feb,99 min
s1331,Movie,The World We Make,Feb-10-2021,2019,PG,Feb,108 min
s1332,TV Show,Five Came Back: The Reference Films,Feb-9-2021,1945,TV-MA,Feb,1 Season
s1333,TV Show,ICarly,Feb-8-2021,2008,TV-G,Feb,2 Seasons
s1334,Movie,War Dogs,Feb-8-2021,2016,R,Feb,114 min
s1335,Movie,Monster Run,Feb-7-2021,2020,TV-14,Feb,104 min
s1336,TV Show,The Sinner,Feb-6-2021,2020,TV-MA,Feb,3 Seasons
s1337,Movie,Blanche Gardin: I talk to myself,Feb-5-2021,2017,TV-MA,Feb,88 min
s1338,Movie,Doob: No Bed of Roses,Feb-5-2021,2017,TV-PG,Feb,104 min
s1339,TV Show,Hache,Feb-5-2021,2021,TV-MA,Feb,2 Seasons
s1340,TV Show,Invisible City,Feb-5-2021,2021,TV-MA,Feb,1 Season
s1341,Movie,Little Big Women,Feb-5-2021,2020,TV-14,Feb,123 min
s1342,Movie,Malcolm & Marie,Feb-5-2021,2021,R,Feb,106 min
s1343,Movie,Space Sweepers,Feb-5-2021,2021,TV-MA,Feb,138 min
s1344,Movie,"Strip Down, Rise Up",Feb-5-2021,2021,R,Feb,113 min
s1345,Movie,The Last Paradiso,Feb-5-2021,2020,TV-MA,Feb,107 min
s1346,Movie,The Yin-Yang Master: Dream Of Eternity,Feb-5-2021,2021,TV-14,Feb,133 min
s1347,Movie,All My Friends Are Dead,Feb-3-2021,2020,TV-MA,Feb,97 min
s1348,Movie,Black Beach,Feb-3-2021,2020,TV-MA,Feb,116 min
s1349,TV Show,Firefly Lane,Feb-3-2021,2021,TV-MA,Feb,1 Season
s1350,TV Show,"Pablo Escobar, el patrón del mal",Feb-3-2021,2012,TV-MA,Feb,1 Season
s1351,TV Show,Power Rangers Ninja Steel,Feb-3-2021,2018,TV-Y7,Feb,2 Seasons
s1352,Movie,"Our Lady of San Juan, Four Centuries of Miracles",Feb-2-2021,2020,TV-PG,Feb,123 min
s1353,TV Show,Tiffany Haddish Presents: They Ready,Feb-2-2021,2021,TV-MA,Feb,2 Seasons
s1354,Movie,Beverly Hills Ninja,Feb-1-2021,1997,PG-13,Feb,89 min
s1355,TV Show,Heartland,Feb-1-2021,2019,TV-14,Feb,13 Seasons
s1356,TV Show,Love Daily,Feb-1-2021,2018,TV-14,Feb,1 Season
s1357,TV Show,My Dead Ex,Feb-1-2021,2018,TV-14,Feb,1 Season
s1358,Movie,Rocks,Feb-1-2021,2019,TV-MA,Feb,93 min
s1359,Movie,Shutter Island,Feb-1-2021,2010,R,Feb,139 min
s1360,Movie,The Bank Job,Feb-1-2021,2008,R,Feb,112 min
s1361,TV Show,The House Arrest of Us,Feb-1-2021,2020,TV-MA,Feb,1 Season
s1362,TV Show,The Unsettling,Feb-1-2021,2019,TV-14,Feb,1 Season
s1363,TV Show,Total Drama,Feb-1-2021,2015,TV-PG,Feb,7 Seasons
s1364,TV Show,Zac and Mia,Feb-1-2021,2019,TV-14,Feb,2 Seasons
s1365,Movie,Zathura,Feb-1-2021,2005,PG,Feb,101 min
s1366,TV Show,Zig & Sharko,Feb-1-2021,2019,TV-Y7,Feb,2 Seasons
s1367,Movie,Fatima,Jan-31-2021,2020,PG-13,Jan,113 min
s1368,Movie,Hell Fest,Jan-31-2021,2018,R,Jan,89 min
s1369,Movie,Below Zero,Jan-29-2021,2021,TV-MA,Jan,107 min
s1370,Movie,Finding ‘Ohana,Jan-29-2021,2021,PG,Jan,123 min
s1371,Movie,The Dig,Jan-29-2021,2021,PG-13,Jan,113 min
s1372,TV Show,We Are: The Brooklyn Saints,Jan-29-2021,2021,TV-14,Jan,1 Season
s1373,Movie,June & Kopi,Jan-28-2021,2021,TV-PG,Jan,90 min
s1374,TV Show,50M2,Jan-27-2021,2021,TV-MA,Jan,1 Season
s1375,Movie,Accomplice,Jan-27-2021,2021,TV-14,Jan,52 min
s1376,TV Show,BONDING,Jan-27-2021,2021,TV-MA,Jan,2 Seasons
s1377,Movie,Kilometers and Kilometers,Jan-27-2021,2020,TV-MA,Jan,127 min
s1378,TV Show,Outlander,Jan-27-2021,2018,TV-MA,Jan,4 Seasons
s1379,Movie,Penguin Bloom,Jan-27-2021,2021,TV-14,Jan,95 min
s1380,Movie,Black Rose,Jan-26-2021,2018,TV-14,Jan,121 min
s1381,TV Show,Go Dog Go,Jan-26-2021,2021,TV-Y,Jan,1 Season
s1382,Movie,Hire a Woman,Jan-26-2021,2019,TV-14,Jan,108 min
s1383,Movie,She Is,Jan-26-2021,2019,TV-PG,Jan,102 min
s1384,TV Show,Blown Away,Jan-22-2021,2021,TV-14,Jan,2 Seasons
s1385,TV Show,Busted!,Jan-22-2021,2021,TV-14,Jan,3 Seasons
s1386,TV Show,Demon Slayer: Kimetsu no Yaiba,Jan-22-2021,2019,TV-14,Jan,1 Season
s1387,Movie,So My Grandma’s a Lesbian!,Jan-22-2021,2020,TV-MA,Jan,95 min
s1388,Movie,The Next Three Days,Jan-22-2021,2010,PG-13,Jan,133 min
s1389,Movie,The White Tiger,Jan-22-2021,2021,R,Jan,127 min
s1390,Movie,Friendsgiving,Jan-21-2021,2020,R,Jan,95 min
s1391,Movie,The Shadow of Violence,Jan-21-2021,2020,R,Jan,101 min
s1392,Movie,Cut Throat City,Jan-20-2021,2020,R,Jan,123 min
s1393,TV Show,Daughter From Another Mother,Jan-20-2021,2021,TV-MA,Jan,1 Season
s1394,Movie,Sightless,Jan-20-2021,2020,TV-14,Jan,89 min
s1395,TV Show,Spycraft,Jan-20-2021,2021,TV-MA,Jan,1 Season
s1396,TV Show,Hello Ninja,Jan-19-2021,2021,TV-Y,Jan,4 Seasons
s1397,Movie,Homefront,Jan-18-2021,2013,R,Jan,100 min
s1398,Movie,A Monster Calls,Jan-16-2021,2016,PG-13,Jan,108 min
s1399,Movie,Death of Me,Jan-16-2021,2020,R,Jan,94 min
s1400,Movie,Radium Girls,Jan-16-2021,2018,TV-14,Jan,103 min
s1401,TV Show,Bling Empire,Jan-15-2021,2021,TV-MA,Jan,1 Season
s1402,TV Show,Carmen Sandiego,Jan-15-2021,2021,TV-Y7,Jan,4 Seasons
s1403,TV Show,Disenchantment,Jan-15-2021,2021,TV-14,Jan,3 Seasons
s1404,Movie,Double Dad,Jan-15-2021,2020,TV-G,Jan,105 min
s1405,TV Show,Henry Danger,Jan-15-2021,2016,TV-G,Jan,3 Seasons
s1406,Movie,Outside the Wire,Jan-15-2021,2021,R,Jan,116 min
s1407,Movie,Penguins of Madagascar: The Movie,Jan-15-2021,2014,PG,Jan,92 min
s1408,Movie,Pinkfong & Baby Shark's Space Adventure,Jan-15-2021,2019,TV-Y,Jan,65 min
s1409,TV Show,The Magicians,Jan-15-2021,2020,TV-MA,Jan,5 Seasons
s1410,Movie,The Vanished,Jan-15-2021,2020,R,Jan,115 min
s1411,Movie,Tribhanga - Tedhi Medhi Crazy,Jan-15-2021,2021,TV-MA,Jan,96 min
s1412,Movie,What Would Sophia Loren Do?,Jan-15-2021,2021,TV-14,Jan,32 min
s1413,Movie,Wish You,Jan-15-2021,2021,TV-PG,Jan,102 min
s1414,Movie,Tanda Tanya,Jan-14-2021,2011,TV-MA,Jan,102 min
s1415,Movie,The Heartbreak Club,Jan-14-2021,2020,TV-14,Jan,101 min
s1416,Movie,An Imperfect Murder,Jan-13-2021,2017,R,Jan,71 min
s1417,TV Show,Night Stalker: The Hunt for a Serial Killer,Jan-13-2021,2021,TV-MA,Jan,1 Season
s1418,Movie,Al acecho,Jan-12-2021,2019,TV-MA,Jan,81 min
s1419,Movie,Chris Rock Total Blackout: The Tamborine Extended Cut,Jan-12-2021,2021,TV-MA,Jan,98 min
s1420,TV Show,Last Tango in Halifax,Jan-12-2021,2020,TV-MA,Jan,4 Seasons
s1421,Movie,"Crack: Cocaine, Corruption & Conspiracy",Jan-11-2021,2021,TV-MA,Jan,90 min
s1422,Movie,The Intouchables,Jan-11-2021,2011,R,Jan,112 min
s1423,Movie,Apaharan,Jan-8-2021,2005,TV-14,Jan,161 min
s1424,Movie,BluffMaster!,Jan-8-2021,2005,TV-14,Jan,129 min
s1425,Movie,Charming,Jan-8-2021,2021,TV-Y7,Jan,85 min
s1426,Movie,Creating The Queen's Gambit,Jan-8-2021,2021,TV-14,Jan,14 min
s1427,Movie,Gangaajal,Jan-8-2021,2003,TV-MA,Jan,148 min
s1428,TV Show,Inside the World’s Toughest Prisons,Jan-8-2021,2021,TV-MA,Jan,5 Seasons
s1429,Movie,Is Love Enough? Sir,Jan-8-2021,2018,TV-MA,Jan,99 min
s1430,TV Show,Mighty Little Bheem: Kite Festival,Jan-8-2021,2021,TV-Y,Jan,1 Season
s1431,TV Show,Pretend It’s a City,Jan-8-2021,2021,TV-14,Jan,1 Season
s1432,Movie,Stuck Apart,Jan-8-2021,2021,TV-MA,Jan,97 min
s1433,TV Show,The Idhun Chronicles,Jan-8-2021,2021,TV-14,Jan,2 Seasons
s1434,Movie,100% Halal,Jan-7-2021,2020,TV-14,Jan,101 min
s1435,Movie,Leap!,Jan-7-2021,2016,PG,Jan,89 min
s1436,Movie,Pieces of a Woman,Jan-7-2021,2020,R,Jan,128 min
s1437,Movie,Ratones Paranoicos: The Band that Rocked Argentina,Jan-6-2021,2021,TV-MA,Jan,76 min
s1438,TV Show,Surviving Death,Jan-6-2021,2021,TV-MA,Jan,1 Season
s1439,Movie,Tony Parker: The Final Shot,Jan-6-2021,2020,TV-14,Jan,99 min
s1440,TV Show,History of Swear Words,Jan-5-2021,2021,TV-MA,Jan,1 Season
s1441,TV Show,Nailed It! Mexico,Jan-5-2021,2021,TV-PG,Jan,3 Seasons
s1442,Movie,Hello Brother,Jan-4-2021,1999,TV-14,Jan,126 min
s1443,TV Show,Korean Pork Belly Rhapsody,Jan-4-2021,2020,TV-G,Jan,1 Season
s1444,TV Show,QB1: Beyond the Lights,Jan-4-2021,2019,TV-14,Jan,1 Season
s1445,Movie,Playing for Keeps,Jan-3-2021,2012,PG-13,Jan,106 min
s1446,Movie,Asphalt Burning,Jan-2-2021,2020,TV-14,Jan,101 min
s1447,Movie,Bad Grandpa .5,Jan-1-2021,2014,TV-MA,Jan,87 min
s1448,Movie,Case 39,Jan-1-2021,2009,R,Jan,111 min
s1449,TV Show,Cobra Kai,Jan-1-2021,2021,TV-14,Jan,3 Seasons
s1450,TV Show,Dream Home Makeover,Jan-1-2021,2021,TV-G,Jan,2 Seasons
s1451,Movie,Eddie Murphy: Raw,Jan-1-2021,1987,R,Jan,90 min
s1452,Movie,Full Out 2: You Got This!,Jan-1-2021,2020,TV-Y,Jan,91 min
s1453,Movie,Gimme Shelter,Jan-1-2021,2013,PG-13,Jan,101 min
s1454,Movie,Good Burger,Jan-1-2021,1997,PG,Jan,96 min
s1455,Movie,Good Hair,Jan-1-2021,2009,PG-13,Jan,96 min
s1456,TV Show,Headspace Guide to Meditation,Jan-1-2021,2021,TV-G,Jan,1 Season
s1457,Movie,Into the Wild,Jan-1-2021,2007,R,Jan,148 min
s1458,TV Show,Jenni Rivera: Mariposa de Barrio,Jan-1-2021,2017,TV-MA,Jan,1 Season
s1459,Movie,London Heist,Jan-1-2021,2017,R,Jan,96 min
s1460,Movie,Mean Girls 2,Jan-1-2021,2011,PG-13,Jan,98 min
s1461,TV Show,Monarca,Jan-1-2021,2021,TV-MA,Jan,2 Seasons
s1462,Movie,Mystic Pizza,Jan-1-2021,1988,R,Jan,104 min
s1463,TV Show,Running Man,Jan-1-2021,2020,TV-Y7,Jan,1 Season
s1464,TV Show,The Cat in the Hat Knows a Lot About That!,Jan-1-2021,2014,TV-Y,Jan,1 Season
s1465,Movie,The Creative Brain,Jan-1-2021,2019,TV-14,Jan,53 min
s1466,TV Show,The Haunted Hathaways,Jan-1-2021,2013,TV-G,Jan,2 Seasons
s1467,Movie,The Minimalists: Less Is Now,Jan-1-2021,2021,TV-14,Jan,54 min
s1468,Movie,Unknown,Jan-1-2021,2011,PG-13,Jan,113 min
s1469,Movie,What Happened to Mr. Cha?,Jan-1-2021,2021,TV-MA,Jan,102 min
s1470,Movie,What's Eating Gilbert Grape,Jan-1-2021,1993,PG-13,Jan,118 min
s1471,Movie,Alaska Is a Drag,Dec-31-2020,2017,TV-MA,Dec,83 min
s1472,Movie,Best of Stand-Up 2020,Dec-31-2020,2020,TV-MA,Dec,77 min
s1473,Movie,Bobby Jasoos,Dec-31-2020,2014,TV-14,Dec,116 min
s1474,TV Show,Chilling Adventures of Sabrina,Dec-31-2020,2020,TV-14,Dec,4 Seasons
s1475,Movie,Tarung Sarung,Dec-31-2020,2020,TV-PG,Dec,116 min
s1476,Movie,Too Handsome to Handle,Dec-31-2020,2019,TV-14,Dec,106 min
s1477,TV Show,Best Leftovers Ever!,Dec-30-2020,2020,TV-G,Dec,1 Season
s1478,TV Show,Dare Me,Dec-30-2020,2019,TV-MA,Dec,1 Season
s1479,TV Show,Equinox,Dec-30-2020,2020,TV-MA,Dec,1 Season
s1480,TV Show,SanPa: Sins of the Savior,Dec-30-2020,2020,TV-MA,Dec,1 Season
s1481,TV Show,Still Game,Dec-30-2020,2018,TV-14,Dec,9 Seasons
s1482,Movie,The Rope Curse 2,Dec-30-2020,2020,TV-MA,Dec,105 min
s1483,TV Show,Transformers: War for Cybertron: Earthrise,Dec-30-2020,2020,TV-Y7,Dec,1 Season
s1484,TV Show,A Love So Beautiful,Dec-28-2020,2020,TV-PG,Dec,1 Season
s1485,Movie,Cops and Robbers,Dec-28-2020,2020,PG-13,Dec,8 min
s1486,Movie,Rango,Dec-28-2020,2011,PG,Dec,110 min
s1487,Movie,Death to 2020,Dec-27-2020,2020,TV-MA,Dec,71 min
s1488,TV Show,Sakho & Mangane,Dec-27-2020,2019,TV-MA,Dec,1 Season
s1489,Movie,DNA,Dec-26-2020,2020,TV-MA,Dec,91 min
s1490,TV Show,Regiment Diaries,Dec-26-2020,2020,TV-PG,Dec,2 Seasons
s1491,Movie,The Magic School Bus Rides Again In the Zone,Dec-26-2020,2020,TV-Y,Dec,46 min
s1492,Movie,AK vs AK,Dec-25-2020,2020,TV-MA,Dec,109 min
s1493,TV Show,Bridgerton,Dec-25-2020,2020,TV-MA,Dec,1 Season
s1494,Movie,Isa Pa with Feelings,Dec-25-2020,2019,TV-G,Dec,102 min
s1495,Movie,We Can Be Heroes,Dec-25-2020,2020,PG,Dec,101 min
s1496,Movie,Bridezilla,Dec-24-2020,2019,TV-MA,Dec,94 min
s1497,Movie,Cemara's Family,Dec-24-2020,2018,TV-G,Dec,110 min
s1498,Movie,"Hello, Love, Goodbye",Dec-24-2020,2019,TV-14,Dec,117 min
s1499,Movie,The History of Future Folk,Dec-23-2020,2012,TV-14,Dec,85 min
s1500,Movie,The Midnight Sky,Dec-23-2020,2020,PG-13,Dec,119 min
s1501,Movie,Your Name Engraved Herein,Dec-23-2020,2020,TV-MA,Dec,115 min
s1502,Movie,After We Collided,Dec-22-2020,2020,R,Dec,105 min
s1503,Movie,London Hughes: To Catch a D*ck,Dec-22-2020,2020,TV-MA,Dec,68 min
s1504,TV Show,Lovestruck in the City,Dec-22-2020,2020,TV-14,Dec,1 Season
s1505,Movie,QLIMAX THE SOURCE,Dec-22-2020,2020,TV-14,Dec,57 min
s1506,TV Show,Rhyme Time Town Singalongs,Dec-22-2020,2020,TV-Y,Dec,1 Season
s1507,TV Show,Shaun the Sheep,Dec-22-2020,2016,TV-Y,Dec,2 Seasons
s1508,Movie,Shaun the Sheep: The Farmer’s Llamas,Dec-22-2020,2020,TV-Y,Dec,28 min
s1509,TV Show,Timmy Time,Dec-22-2020,2010,TV-Y,Dec,1 Season
s1510,Movie,"Ariana grande: excuse me, i love you",Dec-21-2020,2020,TV-MA,Dec,98 min
s1511,Movie,The Con Is On,Dec-21-2020,2018,R,Dec,95 min
s1512,Movie,Mohamed Hussein,Dec-20-2020,2019,TV-14,Dec,96 min
s1513,Movie,Rhys Nicholson Live at the Athenaeum,Dec-20-2020,2020,TV-MA,Dec,66 min
s1514,Movie,Atlas Shrugged: Part II,Dec-19-2020,2012,PG-13,Dec,112 min
s1515,TV Show,Diamond City,Dec-18-2020,2019,TV-MA,Dec,1 Season
s1516,Movie,Guest House,Dec-18-2020,2020,R,Dec,84 min
s1517,TV Show,Home for Christmas,Dec-18-2020,2020,TV-MA,Dec,2 Seasons
s1518,Movie,Ma Rainey's Black Bottom,Dec-18-2020,2020,R,Dec,94 min
s1519,Movie,Ma Rainey's Black Bottom: A Legacy Brought to Screen,Dec-18-2020,2020,TV-PG,Dec,32 min
s1520,Movie,Mukhsin,Dec-18-2020,2006,TV-PG,Dec,98 min
s1521,TV Show,Paava Kadhaigal,Dec-18-2020,2020,TV-MA,Dec,1 Season
s1522,Movie,Rabun,Dec-18-2020,2004,TV-PG,Dec,85 min
s1523,Movie,Talentime,Dec-18-2020,2009,TV-14,Dec,120 min
s1524,Movie,An Unremarkable Christmas,Dec-17-2020,2020,TV-14,Dec,83 min
s1525,Movie,Braven,Dec-17-2020,2018,R,Dec,94 min
s1526,Movie,Eggnoid: Love & Time Portal,Dec-17-2020,2019,TV-14,Dec,102 min
s1527,Movie,Love You to the Stars and Back,Dec-17-2020,2017,TV-14,Dec,111 min
s1528,TV Show,Morphle,Dec-17-2020,2020,TV-Y,Dec,2 Seasons
s1529,TV Show,Run On,Dec-17-2020,2020,TV-MA,Dec,1 Season
s1530,Movie,Sakaling Maging Tayo,Dec-17-2020,2019,TV-14,Dec,90 min
s1531,TV Show,Schulz Saves America,Dec-17-2020,2020,TV-MA,Dec,1 Season
s1532,Movie,The Wedding Shaman,Dec-17-2020,2019,TV-PG,Dec,111 min
s1533,TV Show,Anitta: Made In Honório,Dec-16-2020,2020,TV-MA,Dec,1 Season
s1534,TV Show,BREAK IT ALL: The History of Rock in Latin America,Dec-16-2020,2020,TV-MA,Dec,1 Season
s1535,Movie,Bwakaw,Dec-16-2020,2012,TV-MA,Dec,110 min
s1536,TV Show,How To Ruin Christmas,Dec-16-2020,2020,TV-MA,Dec,1 Season
s1537,Movie,Incarnate,Dec-16-2020,2016,PG-13,Dec,87 min
s1538,Movie,Lee Daniels' The Butler,Dec-16-2020,2013,PG-13,Dec,132 min
s1539,TV Show,Marvel Anime: Wolverine,Dec-16-2020,2011,TV-14,Dec,1 Season
s1540,TV Show,Marvel Anime: X-Men,Dec-16-2020,2011,TV-14,Dec,1 Season
s1541,Movie,Nocturnal Animals,Dec-16-2020,2016,R,Dec,117 min
s1542,TV Show,The Ripper,Dec-16-2020,2020,TV-MA,Dec,1 Season
s1543,Movie,Vir Das: Outside In - The Lockdown Special,Dec-16-2020,2020,TV-MA,Dec,50 min
s1544,TV Show,Black Ink Crew New York,Dec-15-2020,2014,TV-14,Dec,2 Seasons
s1545,Movie,Grizzlies,Dec-15-2020,2018,R,Dec,106 min
s1546,TV Show,Pup Academy,Dec-15-2020,2020,TV-Y,Dec,2 Seasons
s1547,TV Show,Song Exploder,Dec-15-2020,2020,TV-MA,Dec,2 Seasons
s1548,TV Show,Teen Mom 2,Dec-15-2020,2011,TV-14,Dec,2 Seasons
s1549,TV Show,The Challenge,Dec-15-2020,2006,TV-14,Dec,2 Seasons
s1550,Movie,The Professor and the Madman,Dec-15-2020,2019,TV-14,Dec,125 min
s1551,Movie,A California Christmas,Dec-14-2020,2020,PG-13,Dec,107 min
s1552,TV Show,Hilda,Dec-14-2020,2021,TV-Y7,Dec,2 Seasons
s1553,TV Show,Tiny Pretty Things,Dec-14-2020,2020,TV-MA,Dec,1 Season
s1554,Movie,The Netflix Afterparty: The Best Shows of The Worst Year,Dec-13-2020,2020,TV-MA,Dec,59 min
s1555,TV Show,Children of Adam,Dec-12-2020,2020,TV-14,Dec,1 Season
s1556,TV Show,Grizzy et les Lemmings,Dec-12-2020,2018,TV-Y,Dec,2 Seasons
s1557,Movie,A Trash Truck Christmas,Dec-11-2020,2020,TV-Y,Dec,28 min
s1558,Movie,Canvas,Dec-11-2020,2020,G,Dec,9 min
s1559,Movie,Giving Voice,Dec-11-2020,2020,PG-13,Dec,91 min
s1560,TV Show,The Mess You Leave Behind,Dec-11-2020,2020,TV-MA,Dec,1 Season
s1561,Movie,The Prom,Dec-11-2020,2020,PG-13,Dec,132 min
s1562,Movie,Torbaaz,Dec-11-2020,2020,TV-MA,Dec,133 min
s1563,TV Show,Alice in Borderland,Dec-10-2020,2020,TV-MA,Dec,1 Season
s1564,Movie,Funny Boy,Dec-10-2020,2020,TV-MA,Dec,109 min
s1565,TV Show,Futmalls.com,Dec-10-2020,2020,TV-14,Dec,1 Season
s1566,Movie,Just The Way You Are,Dec-10-2020,2016,TV-G,Dec,107 min
s1567,Movie,She's the One,Dec-10-2020,2013,TV-14,Dec,111 min
s1568,Movie,The Panti Sisters,Dec-10-2020,2019,TV-MA,Dec,108 min
s1569,Movie,"Kalel, 15",Dec-9-2020,2019,TV-MA,Dec,105 min
s1570,TV Show,Masameer Classics,Dec-9-2020,2013,TV-14,Dec,4 Seasons
s1571,TV Show,Once Upon a Time,Dec-9-2020,2019,TV-14,Dec,1 Season
s1572,Movie,Rose Island,Dec-9-2020,2020,TV-14,Dec,119 min
s1573,TV Show,The Big Show Show,Dec-9-2020,2020,TV-G,Dec,2 Seasons
s1574,TV Show,The Expanding Universe of Ashley Garcia,Dec-9-2020,2020,TV-PG,Dec,3 Seasons
s1575,TV Show,The Surgeon's Cut,Dec-9-2020,2020,TV-14,Dec,1 Season
s1576,Movie,André & his olive tree,Dec-8-2020,2020,TV-PG,Dec,104 min
s1577,Movie,Bobbleheads The Movie,Dec-8-2020,2020,PG,Dec,83 min
s1578,Movie,Emicida: AmarElo - It’s All For Yesterday,Dec-8-2020,2020,TV-MA,Dec,90 min
s1579,TV Show,Juman,Dec-8-2020,2019,TV-PG,Dec,1 Season
s1580,TV Show,Mr. Iglesias,Dec-8-2020,2020,TV-14,Dec,3 Seasons
s1581,Movie,Spirit Riding Free: Ride Along Adventure,Dec-8-2020,2020,TV-Y7,Dec,79 min
s1582,Movie,Super Monsters: Santa’s Super Monster Helpers,Dec-8-2020,2020,TV-Y,Dec,24 min
s1583,Movie,Triple 9,Dec-8-2020,2016,R,Dec,115 min
s1584,TV Show,100 Days My Prince,Dec-7-2020,2018,TV-14,Dec,1 Season
s1585,Movie,Ava,Dec-7-2020,2020,R,Dec,97 min
s1586,TV Show,Manhunt: Deadly Games,Dec-7-2020,2020,TV-14,Dec,1 Season
s1587,TV Show,Room 2806: The Accusation,Dec-7-2020,2020,TV-MA,Dec,1 Season
s1588,TV Show,Detention,Dec-5-2020,2020,TV-MA,Dec,1 Season
s1589,Movie,Mighty Express: A Mighty Christmas,Dec-5-2020,2020,TV-Y,Dec,26 min
s1590,TV Show,Bhaag Beanie Bhaag,Dec-4-2020,2020,TV-MA,Dec,1 Season
s1591,TV Show,Big Mouth,Dec-4-2020,2020,TV-MA,Dec,4 Seasons
s1592,Movie,Captain Underpants Mega Blissmas,Dec-4-2020,2020,TV-Y7,Dec,46 min
s1593,Movie,Christmas Crossfire,Dec-4-2020,2020,TV-MA,Dec,106 min
s1594,TV Show,Kings of Jo'Burg,Dec-4-2020,2020,TV-MA,Dec,1 Season
s1595,Movie,Leyla Everlasting,Dec-4-2020,2020,TV-MA,Dec,113 min
s1596,Movie,MANK,Dec-4-2020,2020,R,Dec,133 min
s1597,TV Show,The Great British Baking Show: Holidays,Dec-4-2020,2020,TV-MA,Dec,3 Seasons
s1598,Movie,You Are My Home,Dec-4-2020,2020,TV-PG,Dec,93 min
s1599,Movie,Between Maybes,Dec-3-2020,2019,TV-14,Dec,108 min
s1600,Movie,Break,Dec-3-2020,2018,TV-MA,Dec,96 min
s1601,Movie,Chico Bon Bon and the Very Berry Holiday,Dec-3-2020,2020,TV-Y,Dec,25 min
s1602,Movie,Just Another Christmas,Dec-3-2020,2020,TV-MA,Dec,101 min
s1603,Movie,Must Be... Love,Dec-3-2020,2013,TV-14,Dec,106 min
s1604,TV Show,Alien Worlds,Dec-2-2020,2020,TV-PG,Dec,1 Season
s1605,Movie,Ari Eldjárn: Pardon My Icelandic,Dec-2-2020,2020,TV-MA,Dec,54 min
s1606,TV Show,Check The Store Next Door: The Next Chapter,Dec-2-2020,2020,TV-14,Dec,2 Seasons
s1607,Movie,Fierce,Dec-2-2020,2020,TV-MA,Dec,118 min
s1608,Movie,Hazel Brugger: Tropical,Dec-2-2020,2020,TV-MA,Dec,58 min
s1609,Movie,3 Days to Kill,Dec-1-2020,2014,PG-13,Dec,117 min
s1610,Movie,Angela's Christmas Wish,Dec-1-2020,2020,TV-Y,Dec,48 min
s1611,Movie,Angels & Demons,Dec-1-2020,2009,PG-13,Dec,139 min
s1612,TV Show,Are You The One,Dec-1-2020,2014,TV-14,Dec,2 Seasons
s1613,Movie,Chef,Dec-1-2020,2014,R,Dec,115 min
s1614,Movie,Effie Gray,Dec-1-2020,2014,PG-13,Dec,109 min
s1615,TV Show,Gormiti,Dec-1-2020,2018,TV-Y,Dec,1 Season
s1616,TV Show,Ink Master,Dec-1-2020,2012,TV-14,Dec,2 Seasons
s1617,Movie,Monster House,Dec-1-2020,2006,PG,Dec,91 min
s1618,Movie,Natalie Palamides: Nate - A One Man Show,Dec-1-2020,2020,TV-MA,Dec,60 min
s1619,TV Show,Octonauts,Dec-1-2020,2015,TV-Y,Dec,4 Seasons
s1620,TV Show,Oddbods,Dec-1-2020,2017,TV-Y,Dec,1 Season
s1621,Movie,Peppermint,Dec-1-2020,2018,R,Dec,102 min
s1622,Movie,Quigley Down Under,Dec-1-2020,1990,PG-13,Dec,120 min
s1623,TV Show,Stargate SG-1,Dec-1-2020,2006,TV-MA,Dec,10 Seasons
s1624,TV Show,The Bachelorette,Dec-1-2020,2010,TV-14,Dec,1 Season
s1625,Movie,The Da Vinci Code,Dec-1-2020,2006,PG-13,Dec,149 min
s1626,TV Show,The Guest,Dec-1-2020,2018,TV-14,Dec,1 Season
s1627,Movie,The Happytime Murders,Dec-1-2020,2018,R,Dec,91 min
s1628,TV Show,The Holiday Movies That Made Us,Dec-1-2020,2020,TV-PG,Dec,1 Season
s1629,TV Show,The Repair Shop,Dec-1-2020,2018,TV-PG,Dec,1 Season
s1630,Movie,U-Turn,Dec-1-2020,2020,TV-MA,Dec,99 min
s1631,Movie,Finding Agnes,Nov-30-2020,2020,TV-PG,Nov,106 min
s1632,Movie,Rust Creek,Nov-30-2020,2018,R,Nov,108 min
s1633,Movie,Spookley and the Christmas Kittens,Nov-30-2020,2019,TV-Y,Nov,45 min
s1634,Movie,The 2nd,Nov-30-2020,2020,TV-MA,Nov,93 min
s1635,TV Show,The Uncanny Counter,Nov-29-2020,2020,TV-14,Nov,1 Season
s1636,Movie,A Go! Go! Cory Carson Christmas,Nov-27-2020,2020,TV-Y,Nov,22 min
s1637,Movie,Dance Dreams: Hot Chocolate Nutcracker,Nov-27-2020,2020,TV-PG,Nov,81 min
s1638,Movie,Don’t Listen,Nov-27-2020,2020,TV-MA,Nov,98 min
s1639,TV Show,Fabulous Lives of Bollywood Wives,Nov-27-2020,2020,TV-MA,Nov,1 Season
s1640,TV Show,Heartbreak High,Nov-27-2020,1999,TV-14,Nov,7 Seasons
s1641,TV Show,Over Christmas,Nov-27-2020,2020,TV-MA,Nov,1 Season
s1642,TV Show,Sugar Rush Christmas,Nov-27-2020,2020,TV-14,Nov,2 Seasons
s1643,Movie,The Beast,Nov-27-2020,2020,TV-MA,Nov,100 min
s1644,Movie,The Call,Nov-27-2020,2020,TV-MA,Nov,112 min
s1645,Movie,Fantastica,Nov-26-2020,2018,TV-PG,Nov,114 min
s1646,Movie,Larry the Cable Guy: Remain Seated,Nov-26-2020,2020,TV-14,Nov,68 min
s1647,Movie,Mosul,Nov-26-2020,2020,TV-MA,Nov,103 min
s1648,Movie,Unexpectedly Yours,Nov-26-2020,2017,TV-14,Nov,121 min
s1649,Movie,Ghosts of War,Nov-25-2020,2020,R,Nov,95 min
s1650,TV Show,Great Pretender,Nov-25-2020,2020,TV-MA,Nov,2 Seasons
s1651,Movie,Shawn Mendes: Live in Concert,Nov-25-2020,2020,TV-PG,Nov,87 min
s1652,Movie,The Christmas Chronicles: Part Two,Nov-25-2020,2020,PG,Nov,115 min
s1653,Movie,Andhaghaaram,Nov-24-2020,2020,TV-14,Nov,171 min
s1654,Movie,Andhakaaram,Nov-24-2020,2020,TV-14,Nov,171 min
s1655,TV Show,Before 30,Nov-24-2020,2015,TV-MA,Nov,1 Season
s1656,Movie,Dragons: Rescue Riders: Huttsgalor Holiday,Nov-24-2020,2020,TV-Y,Nov,46 min
s1657,Movie,Hillbilly Elegy,Nov-24-2020,2020,R,Nov,117 min
s1658,Movie,Notes for My Son,Nov-24-2020,2020,TV-MA,Nov,84 min
s1659,TV Show,Valentino,Nov-24-2020,2020,TV-14,Nov,1 Season
s1660,Movie,Hard Kill,Nov-23-2020,2020,R,Nov,98 min
s1661,Movie,Shawn Mendes: In Wonder,Nov-23-2020,2020,TV-MA,Nov,83 min
s1662,TV Show,Strongest Deliveryman,Nov-23-2020,2017,TV-MA,Nov,1 Season
s1663,Movie,The Suit,Nov-23-2020,2018,TV-14,Nov,97 min
s1664,Movie,Dolly Parton’s Christmas on the Square,Nov-22-2020,2020,TV-PG,Nov,99 min
s1665,Movie,Machete Kills,Nov-22-2020,2013,R,Nov,108 min
s1666,Movie,40 Sticks,Nov-20-2020,2019,TV-14,Nov,93 min
s1667,Movie,Alien Xmas,Nov-20-2020,2020,TV-Y,Nov,42 min
s1668,TV Show,Flavorful Origins,Nov-20-2020,2020,TV-G,Nov,3 Seasons
s1669,TV Show,Heart & Soul,Nov-20-2020,2019,TV-14,Nov,1 Season
s1670,Movie,If Anything Happens I Love You,Nov-20-2020,2020,PG,Nov,13 min
s1671,TV Show,Mismatched,Nov-20-2020,2020,TV-MA,Nov,1 Season
s1672,Movie,The App That Stole Christmas,Nov-20-2020,2020,TV-PG,Nov,64 min
s1673,TV Show,Voices of Fire,Nov-20-2020,2020,TV-PG,Nov,1 Season
s1674,Movie,Black Friday,Nov-19-2020,2004,TV-MA,Nov,162 min
s1675,Movie,Bodyguard,Nov-19-2020,2011,TV-14,Nov,130 min
s1676,Movie,Break Ke Baad,Nov-19-2020,2010,TV-14,Nov,108 min
s1677,Movie,Hawaizaada,Nov-19-2020,2015,TV-14,Nov,129 min
s1678,Movie,My Amnesia Girl,Nov-19-2020,2010,TV-14,Nov,105 min
s1679,Movie,Raman Raghav 2.0,Nov-19-2020,2016,TV-MA,Nov,133 min
s1680,Movie,Singham,Nov-19-2020,2011,TV-14,Nov,142 min
s1681,Movie,TE3N,Nov-19-2020,2016,TV-14,Nov,128 min
s1682,Movie,The Princess Switch: Switched Again,Nov-19-2020,2020,TV-G,Nov,97 min
s1683,Movie,Three Words to Forever,Nov-19-2020,2018,TV-G,Nov,107 min
s1684,Movie,Well Done Abba,Nov-19-2020,2009,TV-14,Nov,135 min
s1685,TV Show,Holiday Home Makeover with Mr. Christmas,Nov-18-2020,2020,TV-G,Nov,1 Season
s1686,Movie,Ainu Mosir,Nov-17-2020,2020,TV-PG,Nov,84 min
s1687,Movie,Kevin Hart: Zero F**ks Given,Nov-17-2020,2020,TV-MA,Nov,70 min
s1688,TV Show,The Boss Baby: Back in Business,Nov-17-2020,2020,TV-Y7,Nov,4 Seasons
s1689,TV Show,We Are the Champions,Nov-17-2020,2020,TV-MA,Nov,1 Season
s1690,Movie,Loving,Nov-16-2020,2016,PG-13,Nov,124 min
s1691,Movie,Whose Streets?,Nov-16-2020,2017,R,Nov,102 min
s1692,Movie,A Very Country Christmas,Nov-15-2020,2017,TV-G,Nov,84 min
s1693,TV Show,America's Next Top Model,Nov-15-2020,2013,TV-14,Nov,2 Seasons
s1694,TV Show,Beyblade Burst Rise,Nov-15-2020,2019,TV-Y,Nov,1 Season
s1695,Movie,Cloudy with a Chance of Meatballs 2,Nov-15-2020,2013,PG,Nov,95 min
s1696,Movie,Hometown Holiday,Nov-15-2020,2018,TV-G,Nov,84 min
s1697,TV Show,Polly Pocket,Nov-15-2020,2021,TV-Y,Nov,2 Seasons
s1698,TV Show,Survivor,Nov-15-2020,2014,TV-14,Nov,2 Seasons
s1699,TV Show,The Crown,Nov-15-2020,2020,TV-MA,Nov,4 Seasons
s1700,Movie,White Christmas,Nov-15-2020,1954,TV-G,Nov,120 min
s1701,Movie,Killer Cove,Nov-14-2020,2019,TV-14,Nov,87 min
s1702,TV Show,American Horror Story,Nov-13-2020,2019,TV-MA,Nov,9 Seasons
s1703,Movie,Fukrey Boyzzz: Space Mein Fukrapanti,Nov-13-2020,2020,TV-Y7,Nov,75 min
s1704,Movie,Jingle Jangle: A Christmas Journey,Nov-13-2020,2020,PG,Nov,124 min
s1705,Movie,The Beginning of Life 2: Outside,Nov-13-2020,2020,TV-PG,Nov,92 min
s1706,Movie,The Life Ahead,Nov-13-2020,2020,PG-13,Nov,95 min
s1707,TV Show,The Minions of Midas,Nov-13-2020,2020,TV-MA,Nov,1 Season
s1708,Movie,A Very Special Love,Nov-12-2020,2008,TV-G,Nov,107 min
s1709,TV Show,Ethos,Nov-12-2020,2020,TV-MA,Nov,1 Season
s1710,Movie,First Love,Nov-12-2020,2018,TV-MA,Nov,123 min
s1711,Movie,Fruitvale Station,Nov-12-2020,2013,R,Nov,85 min
s1712,TV Show,Graceful Friends,Nov-12-2020,2020,TV-MA,Nov,1 Season
s1713,Movie,Ludo,Nov-12-2020,2020,TV-MA,Nov,150 min
s1714,Movie,Memories of a Teenager,Nov-12-2020,2019,TV-MA,Nov,97 min
s1715,Movie,Prom Night,Nov-12-2020,2008,PG-13,Nov,88 min
s1716,TV Show,A Queen Is Born,Nov-11-2020,2020,TV-14,Nov,1 Season
s1717,TV Show,Aunty Donna's Big Ol' House of Fun,Nov-11-2020,2020,TV-MA,Nov,1 Season
s1718,TV Show,The Liberator,Nov-11-2020,2020,TV-MA,Nov,1 Season
s1719,TV Show,Trial 4,Nov-11-2020,2020,TV-MA,Nov,1 Season
s1720,Movie,We Are All For The Fatherland,Nov-11-2020,1979,TV-14,Nov,74 min
s1721,Movie,What We Wanted,Nov-11-2020,2020,TV-MA,Nov,93 min
s1722,TV Show,A Lion in the House,Nov-10-2020,2006,TV-14,Nov,1 Season
s1723,TV Show,DASH & LILY,Nov-10-2020,2020,TV-14,Nov,1 Season
s1724,TV Show,Bakugan: Armored Alliance,Nov-6-2020,2020,TV-Y7,Nov,1 Season
s1725,TV Show,Bakugan: Battle Planet,Nov-6-2020,2018,TV-PG,Nov,1 Season
s1726,Movie,Citation,Nov-6-2020,2020,TV-MA,Nov,151 min
s1727,TV Show,Country Ever After,Nov-6-2020,2020,TV-PG,Nov,1 Season
s1728,Movie,Girl's Revenge,Nov-6-2020,2020,TV-MA,Nov,82 min
s1729,Movie,The Endless Trench,Nov-6-2020,2019,TV-MA,Nov,148 min
s1730,Movie,The Late Bloomer,Nov-6-2020,2016,R,Nov,95 min
s1731,TV Show,Wrong Kind of Black,Nov-6-2020,2018,TV-MA,Nov,1 Season
s1732,Movie,A New York Christmas Wedding,Nov-5-2020,2020,TV-MA,Nov,90 min
s1733,Movie,Alone/Together,Nov-5-2020,2019,TV-14,Nov,103 min
s1734,TV Show,Carmel: Who Killed Maria Marta?,Nov-5-2020,2020,TV-14,Nov,1 Season
s1735,Movie,Midnight at the Magnolia,Nov-5-2020,2020,TV-G,Nov,87 min
s1736,Movie,One More Try,Nov-5-2020,2012,TV-14,Nov,102 min
s1737,Movie,Operation Christmas Drop,Nov-5-2020,2020,TV-G,Nov,96 min
s1738,TV Show,Paranormal,Nov-5-2020,2020,TV-14,Nov,1 Season
s1739,Movie,A Christmas Catch,Nov-4-2020,2018,TV-G,Nov,87 min
s1740,Movie,Christmas with a Prince,Nov-4-2020,2018,TV-PG,Nov,86 min
s1741,TV Show,Love & Anarchy,Nov-4-2020,2020,TV-MA,Nov,1 Season
s1742,Movie,Miss India,Nov-4-2020,2020,TV-PG,Nov,136 min
s1743,Movie,Felix Lobrecht: Hype,Nov-3-2020,2020,TV-MA,Nov,60 min
s1744,Movie,MOTHER,Nov-3-2020,2020,TV-14,Nov,127 min
s1745,Movie,The Beginning of Life,Nov-3-2020,2016,TV-PG,Nov,96 min
s1746,Movie,Ya no estoy aquí: Una conversación entre Guillermo del Toro y Alfonso Cuarón,Nov-3-2020,2020,TV-PG,Nov,15 min
s1747,TV Show,Can You Hear Me?,Nov-2-2020,2020,TV-MA,Nov,2 Seasons
s1748,Movie,Prospect,Nov-2-2020,2018,R,Nov,100 min
s1749,TV Show,60 Days In,Nov-1-2020,2019,TV-MA,Nov,1 Season
s1750,Movie,Christmas Break-In,Nov-1-2020,2019,TV-PG,Nov,87 min
s1751,TV Show,Dawson's Creek,Nov-1-2020,2002,TV-14,Nov,6 Seasons
s1752,Movie,Elf Pets: A Fox Cub’s Christmas Tale,Nov-1-2020,2020,TV-Y,Nov,28 min
s1753,Movie,Elf Pets: Santa’s Reindeer Rescue,Nov-1-2020,2020,TV-Y,Nov,27 min
s1754,Movie,Elliot the Littlest Reindeer,Nov-1-2020,2018,PG,Nov,90 min
s1755,TV Show,Forged in Fire,Nov-1-2020,2019,TV-14,Nov,1 Season
s1756,TV Show,Leah Remini: Scientology and the Aftermath,Nov-1-2020,2018,TV-14,Nov,3 Seasons
s1757,TV Show,LEGO Jurassic World: Legend of Isla Nublar,Nov-1-2020,2019,TV-Y,Nov,1 Season
s1758,TV Show,LEGO Jurassic World: Secret Exhibit,Nov-1-2020,2018,TV-Y,Nov,1 Season
s1759,TV Show,LEGO Ninjago,Nov-1-2020,2020,TV-Y7,Nov,2 Seasons
s1760,TV Show,LEGO Ninjago: Masters of Spinjitzu,Nov-1-2020,2019,TV-Y7,Nov,10 Seasons
s1761,TV Show,LEGO: CITY Adventures,Nov-1-2020,2019,TV-Y,Nov,1 Season
s1762,Movie,Little Monsters,Nov-1-2020,1989,PG,Nov,102 min
s1763,Movie,Mile 22,Nov-1-2020,2018,R,Nov,94 min
s1764,Movie,Piercing,Nov-1-2020,2018,R,Nov,81 min
s1765,Movie,Snowden,Nov-1-2020,2016,R,Nov,134 min
s1766,TV Show,The Garfield Show,Nov-1-2020,2018,TV-Y,Nov,4 Seasons
s1767,TV Show,The Good Detective,Nov-1-2020,2020,TV-MA,Nov,1 Season
s1768,Movie,The Impossible,Nov-1-2020,2012,PG-13,Nov,114 min
s1769,Movie,The Next Karate Kid,Nov-1-2020,1994,PG,Nov,107 min
s1770,TV Show,Voice,Nov-1-2020,2018,TV-14,Nov,2 Seasons
s1771,Movie,Wheels of Fortune,Nov-1-2020,2020,R,Nov,107 min
s1772,TV Show,Afronta! Facing It!,Oct-31-2020,2017,TV-PG,Oct,1 Season
s1773,Movie,The 12th Man,Oct-31-2020,2018,TV-MA,Oct,130 min
s1774,TV Show,Zumbo's Just Desserts,Oct-31-2020,2019,TV-PG,Oct,1 Season
s1775,Movie,Hidden in Plain Sight,Oct-30-2020,2019,TV-14,Oct,87 min
s1776,Movie,His House,Oct-30-2020,2020,TV-14,Oct,93 min
s1777,Movie,In Line,Oct-30-2020,2017,TV-14,Oct,114 min
s1778,Movie,Kaali Khuhi,Oct-30-2020,2020,TV-14,Oct,91 min
s1779,TV Show,Kongsuni and Friends,Oct-30-2020,2020,TV-Y,Oct,2 Seasons
s1780,TV Show,Marvel's Agents of S.H.I.E.L.D.,Oct-30-2020,2020,TV-14,Oct,7 Seasons
s1781,Movie,Rogue City,Oct-30-2020,2020,TV-MA,Oct,116 min
s1782,TV Show,Somebody Feed Phil,Oct-30-2020,2020,TV-14,Oct,4 Seasons
s1783,TV Show,Suburra: Blood on Rome,Oct-30-2020,2020,TV-MA,Oct,3 Seasons
s1784,Movie,The Day of the Lord,Oct-30-2020,2020,TV-MA,Oct,93 min
s1785,Movie,Pagpag: Nine Lives,Oct-29-2020,2013,TV-14,Oct,106 min
s1786,Movie,Holidate,Oct-28-2020,2020,TV-MA,Oct,105 min
s1787,Movie,La Gran Ilusión,Oct-28-2020,2016,TV-14,Oct,50 min
s1788,Movie,Metallica Through The Never,Oct-28-2020,2013,R,Oct,93 min
s1789,Movie,Nobody Sleeps in the Woods Tonight,Oct-28-2020,2020,TV-MA,Oct,103 min
s1790,Movie,Secrets of the Saqqara Tomb,Oct-28-2020,2020,TV-PG,Oct,114 min
s1791,TV Show,Blood of Zeus,Oct-27-2020,2020,TV-MA,Oct,1 Season
s1792,TV Show,Chico Bon Bon: Monkey with a Tool Belt,Oct-27-2020,2020,TV-Y,Oct,4 Seasons
s1793,Movie,Guillermo Vilas: Settling the Score,Oct-27-2020,2020,TV-14,Oct,95 min
s1794,Movie,Sarah Cooper: Everything's Fine,Oct-27-2020,2020,TV-MA,Oct,50 min
s1795,TV Show,The Devil Punisher,Oct-26-2020,2020,TV-14,Oct,1 Season
s1796,Movie,Ajab Prem Ki Ghazab Kahani,Oct-25-2020,2009,TV-14,Oct,150 min
s1797,Movie,Black '47,Oct-24-2020,2018,R,Oct,100 min
s1798,Movie,I Am Woman,Oct-24-2020,2019,TV-MA,Oct,117 min
s1799,Movie,Alice Junior,Oct-23-2020,2019,TV-MA,Oct,87 min
s1800,TV Show,Barbarians,Oct-23-2020,2020,TV-MA,Oct,1 Season
s1801,TV Show,Move,Oct-23-2020,2020,TV-MA,Oct,1 Season
s1802,Movie,Over the Moon,Oct-23-2020,2020,PG,Oct,100 min
s1803,Movie,Shattered Memories,Oct-23-2020,2018,TV-14,Oct,86 min
s1804,TV Show,Stolen Away,Oct-23-2020,2020,TV-MA,Oct,1 Season
s1805,TV Show,The Queen's Gambit,Oct-23-2020,2020,TV-MA,Oct,1 Season
s1806,Movie,Bending the Arc,Oct-22-2020,2017,TV-MA,Oct,102 min
s1807,Movie,Cadaver,Oct-22-2020,2020,TV-MA,Oct,87 min
s1808,Movie,Exes Baggage,Oct-22-2020,2018,TV-MA,Oct,103 min
s1809,Movie,Fisherman's Friends,Oct-22-2020,2019,PG-13,Oct,112 min
s1810,Movie,The Hows of Us,Oct-22-2020,2018,TV-14,Oct,120 min
s1811,Movie,The Hummingbird Project,Oct-22-2020,2018,R,Oct,111 min
s1812,Movie,"Yes, God, Yes",Oct-22-2020,2020,R,Oct,78 min
s1813,Movie,Brave Blue World: Racing to Solve Our Water Crisis,Oct-21-2020,2020,TV-PG,Oct,51 min
s1814,TV Show,My Next Guest Needs No Introduction With David Letterman,Oct-21-2020,2020,TV-MA,Oct,3 Seasons
s1815,Movie,Rebecca,Oct-21-2020,2020,PG-13,Oct,123 min
s1816,Movie,The Magic School Bus Rides Again The Frizz Connection,Oct-20-2020,2020,TV-Y,Oct,46 min
s1817,Movie,Tremors: Shrieker Island,Oct-20-2020,2020,PG-13,Oct,102 min
s1818,Movie,Beirut Oh Beirut,Oct-19-2020,1975,TV-14,Oct,106 min
s1819,Movie,Bosta,Oct-19-2020,2005,TV-14,Oct,112 min
s1820,Movie,Ghadi,Oct-19-2020,2013,TV-MA,Oct,101 min
s1821,Movie,Heritages,Oct-19-2020,2014,TV-14,Oct,96 min
s1822,Movie,Listen,Oct-19-2020,2017,TV-MA,Oct,103 min
s1823,Movie,Out of Life,Oct-19-2020,1991,TV-MA,Oct,94 min
s1824,Movie,Panoptic,Oct-19-2020,2017,TV-MA,Oct,69 min
s1825,Movie,Taxi Ballad,Oct-19-2020,2012,TV-MA,Oct,81 min
s1826,Movie,The Kite,Oct-19-2020,2003,TV-MA,Oct,76 min
s1827,Movie,The Little Wars,Oct-19-2020,1982,TV-14,Oct,108 min
s1828,Movie,Under the Bombs,Oct-19-2020,2007,TV-MA,Oct,94 min
s1829,TV Show,Unsolved Mysteries,Oct-19-2020,2020,TV-MA,Oct,2 Seasons
s1830,Movie,West Beirut,Oct-19-2020,1999,TV-MA,Oct,106 min
s1831,Movie,What Did I Mess,Oct-19-2020,2018,TV-14,Oct,98 min
s1832,Movie,Whispers,Oct-19-2020,1980,TV-14,Oct,93 min
s1833,Movie,Zozo,Oct-19-2020,2005,TV-MA,Oct,99 min
s1834,Movie,ParaNorman,Oct-18-2020,2012,PG,Oct,93 min
s1835,TV Show,Start-Up,Oct-18-2020,2020,TV-14,Oct,1 Season
s1836,Movie,I Am Vengeance: Retaliation,Oct-17-2020,2020,R,Oct,82 min
s1837,Movie,Disconnect,Oct-16-2020,2018,TV-MA,Oct,107 min
s1838,TV Show,Grand Army,Oct-16-2020,2020,TV-MA,Oct,1 Season
s1839,Movie,In a Valley of Violence,Oct-16-2020,2016,R,Oct,104 min
s1840,TV Show,La Révolution,Oct-16-2020,2020,TV-MA,Oct,1 Season
s1841,TV Show,Someone Has to Die,Oct-16-2020,2020,TV-MA,Oct,1 Season
s1842,TV Show,The Last Kids on Earth,Oct-16-2020,2020,TV-Y7,Oct,3 Seasons
s1843,Movie,The Trial of the Chicago 7,Oct-16-2020,2020,R,Oct,130 min
s1844,Movie,Unfriended,Oct-16-2020,2014,R,Oct,83 min
s1845,Movie,A Babysitter's Guide to Monster Hunting,Oct-15-2020,2020,TV-PG,Oct,99 min
s1846,Movie,Batman: The Killing Joke,Oct-15-2020,2016,R,Oct,77 min
s1847,Movie,El-Khawaga's Dilemma,Oct-15-2020,2018,TV-14,Oct,94 min
s1848,TV Show,Fireman Sam,Oct-15-2020,2018,TV-Y,Oct,4 Seasons
s1849,TV Show,Half & Half,Oct-15-2020,2005,TV-14,Oct,4 Seasons
s1850,Movie,Kartini: Princess of Java,Oct-15-2020,2017,TV-PG,Oct,118 min
s1851,Movie,Love Like the Falling Rain,Oct-15-2020,2020,TV-14,Oct,87 min
s1852,TV Show,One on One,Oct-15-2020,2006,TV-14,Oct,5 Seasons
s1853,TV Show,Power Rangers Beast Morphers,Oct-15-2020,2020,TV-Y7,Oct,2 Seasons
s1854,Movie,Rooting for Roona,Oct-15-2020,2020,TV-PG,Oct,42 min
s1855,TV Show,Social Distance,Oct-15-2020,2020,TV-MA,Oct,1 Season
s1856,Movie,A Choo,Oct-14-2020,2020,TV-14,Oct,101 min
s1857,Movie,BLACKPINK: Light Up the Sky,Oct-14-2020,2020,TV-14,Oct,80 min
s1858,Movie,The Three Deaths of Marisela Escobedo,Oct-14-2020,2020,TV-MA,Oct,110 min
s1859,Movie,Fida,Oct-13-2020,2004,TV-14,Oct,117 min
s1860,Movie,Octonauts & the Great Barrier Reef,Oct-13-2020,2020,TV-Y,Oct,47 min
s1861,TV Show,The Cabin with Bert Kreischer,Oct-13-2020,2020,TV-MA,Oct,1 Season
s1862,Movie,Dil,Oct-12-2020,1990,TV-14,Oct,165 min
s1863,Movie,Disco Dancer,Oct-12-2020,1982,TV-14,Oct,134 min
s1864,Movie,Hunterrr,Oct-12-2020,2015,TV-MA,Oct,140 min
s1865,TV Show,Kipo and the Age of Wonderbeasts,Oct-12-2020,2020,TV-Y7,Oct,3 Seasons
s1866,Movie,Phir Hera Pheri,Oct-12-2020,2006,TV-14,Oct,150 min
s1867,Movie,The Legend of Bhagat Singh,Oct-12-2020,2002,TV-14,Oct,156 min
s1868,Movie,House of the Witch,Oct-11-2020,2017,TV-MA,Oct,86 min
s1869,TV Show,Deaf U,Oct-9-2020,2020,TV-MA,Oct,1 Season
s1870,Movie,Ginny Weds Sunny,Oct-9-2020,2020,TV-MA,Oct,126 min
s1871,Movie,My Step Dad: The Hippie,Oct-9-2020,2018,TV-MA,Oct,100 min
s1872,Movie,Super Monsters: Dia de los Monsters,Oct-9-2020,2020,TV-Y,Oct,25 min
s1873,Movie,The Forty-Year-Old Version,Oct-9-2020,2020,R,Oct,124 min
s1874,TV Show,The Haunting of Bly Manor,Oct-9-2020,2020,TV-MA,Oct,1 Season
s1875,Movie,Bigflo & Oli: Hip Hop Frenzy,Oct-8-2020,2020,TV-MA,Oct,100 min
s1876,TV Show,Do Do Sol Sol La La Sol,Oct-8-2020,2020,TV-14,Oct,1 Season
s1877,Movie,Palermo Hollywood,Oct-8-2020,2004,TV-MA,Oct,106 min
s1878,TV Show,Private Lives,Oct-8-2020,2020,TV-14,Oct,1 Season
s1879,TV Show,The 100,Oct-8-2020,2020,TV-MA,Oct,7 Seasons
s1880,Movie,Hubie Halloween,Oct-7-2020,2020,PG-13,Oct,104 min
s1881,TV Show,To the Lake,Oct-7-2020,2020,TV-MA,Oct,1 Season
s1882,Movie,American Pie 9: Girls' Rules,Oct-6-2020,2020,R,Oct,96 min
s1883,Movie,Dolly Parton: Here I Am,Oct-6-2020,2019,TV-14,Oct,90 min
s1884,Movie,StarBeam: Halloween Hero,Oct-6-2020,2020,TV-Y,Oct,33 min
s1885,Movie,Walk Away from Love,Oct-6-2020,2017,TV-14,Oct,81 min
s1886,TV Show,Bad Boy Billionaires: India,Oct-5-2020,2020,TV-14,Oct,1 Season
s1887,Movie,David Attenborough: A Life on Our Planet,Oct-4-2020,2020,PG,Oct,84 min
s1888,Movie,"Best Wishes, Warmest Regards: A Schitt's Creek Farewell",Oct-3-2020,2020,TV-MA,Oct,44 min
s1889,Movie,Good Game: The Beginning,Oct-3-2020,2018,TV-14,Oct,115 min
s1890,TV Show,Pat a Pat Como,Oct-3-2020,2016,TV-Y,Oct,1 Season
s1891,TV Show,Qurious Como,Oct-3-2020,2017,TV-Y,Oct,1 Season
s1892,Movie,A Chaster Marriage,Oct-2-2020,2016,TV-14,Oct,94 min
s1893,Movie,A Go! Go! Cory Carson Halloween,Oct-2-2020,2020,TV-Y,Oct,22 min
s1894,TV Show,DreamWorks Happy Holidays from Madagascar,Oct-2-2020,2005,TV-PG,Oct,1 Season
s1895,TV Show,Emily in Paris,Oct-2-2020,2020,TV-MA,Oct,1 Season
s1896,TV Show,H2O: Just Add Water,Oct-2-2020,2009,TV-PG,Oct,3 Seasons
s1897,Movie,Òlòtūré,Oct-2-2020,2020,TV-MA,Oct,107 min
s1898,Movie,Serious Men,Oct-2-2020,2020,TV-MA,Oct,115 min
s1899,Movie,The Binding,Oct-2-2020,2020,TV-MA,Oct,93 min
s1900,Movie,Turkish Dance School,Oct-2-2020,2017,TV-MA,Oct,107 min
s1901,Movie,Vampires vs. the Bronx,Oct-2-2020,2020,PG-13,Oct,86 min
s1902,Movie,You've Got This,Oct-2-2020,2020,TV-MA,Oct,112 min
s1903,Movie,All Because of You,Oct-1-2020,2020,TV-PG,Oct,102 min
s1904,Movie,An Ordinary Man,Oct-1-2020,2017,R,Oct,91 min
s1905,Movie,Carlos Almaraz: Playing with Fire,Oct-1-2020,2019,TV-14,Oct,83 min
s1906,Movie,Cold Harbour,Oct-1-2020,2013,TV-MA,Oct,73 min
s1907,TV Show,Evil,Oct-1-2020,2019,TV-14,Oct,1 Season
s1908,TV Show,Familiar Wife,Oct-1-2020,2018,TV-MA,Oct,1 Season
s1909,TV Show,Food Wars!: Shokugeki no Soma,Oct-1-2020,2016,TV-MA,Oct,2 Seasons
s1910,Movie,Free State of Jones,Oct-1-2020,2016,R,Oct,139 min
s1911,TV Show,"Good Morning, Verônica",Oct-1-2020,2020,TV-MA,Oct,1 Season
s1912,Movie,Human Nature,Oct-1-2020,2019,TV-14,Oct,95 min
s1913,Movie,Hunt for the Wilderpeople,Oct-1-2020,2016,PG-13,Oct,101 min
s1914,Movie,I'm Leaving Now,Oct-1-2020,2019,TV-MA,Oct,75 min
s1915,TV Show,Journey of an African Colony,Oct-1-2020,2018,TV-MA,Oct,1 Season
s1916,TV Show,Oktoberfest: Beer & Blood,Oct-1-2020,2020,TV-MA,Oct,1 Season
s1917,Movie,Rize,Oct-1-2020,2005,PG-13,Oct,87 min
s1918,TV Show,Secreto bien guardado,Oct-1-2020,2019,TV-MA,Oct,1 Season
s1919,TV Show,Sword Art Online,Oct-1-2020,2018,TV-MA,Oct,3 Seasons
s1920,Movie,The American Game,Oct-1-2020,2019,TV-PG,Oct,91 min
s1921,Movie,The Book of Sun,Oct-1-2020,2020,TV-14,Oct,120 min
s1922,Movie,The Outpost,Oct-1-2020,2020,R,Oct,123 min
s1923,TV Show,The Parkers,Oct-1-2020,2003,TV-PG,Oct,5 Seasons
s1924,TV Show,The Unicorn,Oct-1-2020,2019,TV-14,Oct,1 Season
s1925,Movie,We Have Always Lived in the Castle,Oct-1-2020,2018,TV-14,Oct,95 min
s1926,TV Show,You Cannot Hide,Oct-1-2020,2020,TV-MA,Oct,1 Season
s1927,Movie,American Murder: The Family Next Door,Sep-30-2020,2020,TV-MA,Sep,84 min
s1928,Movie,Baxu and the Giants,Sep-30-2020,2019,TV-PG,Sep,29 min
s1929,TV Show,Black Butler,Sep-30-2020,2010,TV-MA,Sep,3 Seasons
s1930,TV Show,Man with a Plan,Sep-30-2020,2020,TV-PG,Sep,4 Seasons
s1931,Movie,Poacher,Sep-30-2020,2018,TV-MA,Sep,28 min
s1932,Movie,The Boys in the Band,Sep-30-2020,2020,R,Sep,122 min
s1933,Movie,The Boys in the Band: Something Personal,Sep-30-2020,2020,TV-MA,Sep,28 min
s1934,TV Show,Wentworth,Sep-30-2020,2020,TV-MA,Sep,8 Seasons
s1935,Movie,Bully,Sep-29-2020,2012,PG-13,Sep,98 min
s1936,Movie,Michelle Buteau: Welcome to Buteaupia,Sep-29-2020,2020,TV-MA,Sep,59 min
s1937,Movie,Welcome to Sudden Death,Sep-29-2020,2020,R,Sep,80 min
s1938,Movie,Amandla! A Revolution in Four Part Harmony,Sep-28-2020,2002,PG-13,Sep,103 min
s1939,Movie,Ankhon Dekhi,Sep-28-2020,2013,TV-PG,Sep,104 min
s1940,Movie,Dedh Ishqiya,Sep-28-2020,2014,TV-14,Sep,146 min
s1941,Movie,Golmaal Returns,Sep-28-2020,2008,TV-MA,Sep,135 min
s1942,Movie,Ishq Vishk,Sep-28-2020,2003,TV-PG,Sep,129 min
s1943,Movie,Ishqiya,Sep-28-2020,2009,TV-14,Sep,115 min
s1944,Movie,Jab We Met,Sep-28-2020,2007,TV-14,Sep,143 min
s1945,Movie,Mann,Sep-28-2020,1999,TV-14,Sep,173 min
s1946,Movie,Manorama Six Feet Under,Sep-28-2020,2007,TV-14,Sep,129 min
s1947,Movie,Welcome,Sep-28-2020,2007,TV-PG,Sep,149 min
s1948,TV Show,"Whose Vote Counts, Explained",Sep-28-2020,2020,TV-PG,Sep,1 Season
s1949,TV Show,Van Helsing,Sep-27-2020,2019,TV-MA,Sep,4 Seasons
s1950,TV Show,The Good Place,Sep-26-2020,2020,TV-14,Sep,4 Seasons
s1951,Movie,Time Out,Sep-26-2020,2015,TV-14,Sep,98 min
s1952,TV Show,A Perfect Crime,Sep-25-2020,2020,TV-14,Sep,1 Season
s1953,TV Show,Mighty Little Bheem,Sep-25-2020,2020,TV-Y,Sep,3 Seasons
s1954,Movie,My Mother's Wound,Sep-25-2020,2016,TV-MA,Sep,115 min
s1955,TV Show,Sneakerheads,Sep-25-2020,2020,TV-MA,Sep,1 Season
s1956,TV Show,The School Nurse Files,Sep-25-2020,2020,TV-MA,Sep,1 Season
s1957,Movie,Zulu Man in Japan,Sep-25-2020,2019,TV-MA,Sep,44 min
s1958,Movie,Real Steel,Sep-24-2020,2011,PG-13,Sep,127 min
s1959,TV Show,The Chef Show,Sep-24-2020,2020,TV-MA,Sep,4 Seasons
s1960,Movie,Enola Holmes,Sep-23-2020,2020,PG-13,Sep,124 min
s1961,Movie,Kiss the Ground,Sep-22-2020,2020,TV-G,Sep,85 min
s1962,TV Show,The Playbook,Sep-22-2020,2020,TV-MA,Sep,1 Season
s1963,Movie,A Love Song for Latasha,Sep-21-2020,2020,TV-PG,Sep,20 min
s1964,Movie,DTC Yukemuri Junjo Hen From High & Low,Sep-20-2020,2018,TV-PG,Sep,102 min
s1965,Movie,High & Low The Movie,Sep-20-2020,2016,TV-MA,Sep,129 min
s1966,Movie,High & Low The Movie 2 / End of Sky,Sep-20-2020,2017,TV-MA,Sep,124 min
s1967,Movie,High & Low The Movie 3 / Final Mission,Sep-20-2020,2017,TV-MA,Sep,118 min
s1968,Movie,High & Low The Red Rain,Sep-20-2020,2016,TV-MA,Sep,111 min
s1969,Movie,High & Low The Worst,Sep-20-2020,2019,TV-MA,Sep,125 min
s1970,Movie,Road To High & Low,Sep-20-2020,2016,TV-MA,Sep,94 min
s1971,Movie,The Blue Elephant 2,Sep-20-2020,2019,TV-MA,Sep,130 min
s1972,Movie,Bhaji In Problem,Sep-19-2020,2013,TV-14,Sep,117 min
s1973,Movie,Black,Sep-19-2020,2015,TV-14,Sep,137 min
s1974,TV Show,Fukrey Boyzzz,Sep-19-2020,2020,TV-Y,Sep,1 Season
s1975,Movie,Saheb Biwi Aur Gangster Returns,Sep-19-2020,2013,TV-MA,Sep,139 min
s1976,Movie,Santa Banta Pvt Ltd,Sep-19-2020,2016,TV-14,Sep,111 min
s1977,Movie,The Royal Bengal Tiger,Sep-19-2020,2014,TV-MA,Sep,103 min
s1978,Movie,Dolly Kitty Aur Woh Chamakte Sitare,Sep-18-2020,2020,TV-MA,Sep,120 min
s1979,TV Show,Ratched,Sep-18-2020,2020,TV-MA,Sep,1 Season
s1980,TV Show,The American Barbecue Showdown,Sep-18-2020,2020,TV-G,Sep,1 Season
s1981,TV Show,The Blacklist,Sep-18-2020,2019,TV-14,Sep,7 Seasons
s1982,Movie,Whipped,Sep-18-2020,2020,TV-14,Sep,98 min
s1983,Movie,Anaamika,Sep-17-2020,2014,TV-14,Sep,130 min
s1984,TV Show,Dragon's Dogma,Sep-17-2020,2020,TV-MA,Sep,1 Season
s1985,Movie,GIMS: On the Record,Sep-17-2020,2020,TV-MA,Sep,96 min
s1986,Movie,Horrid Henry's Gross Day Out,Sep-17-2020,2020,TV-Y,Sep,61 min
s1987,Movie,Nee Enge En Anbe,Sep-17-2020,2014,TV-14,Sep,137 min
s1988,Movie,Residue,Sep-17-2020,2020,TV-MA,Sep,90 min
s1989,TV Show,The Last Word,Sep-17-2020,2020,TV-MA,Sep,1 Season
s1990,TV Show,Baby,Sep-16-2020,2020,TV-MA,Sep,3 Seasons
s1991,TV Show,Challenger,Sep-16-2020,2020,TV-14,Sep,1 Season
s1992,TV Show,Criminal: UK,Sep-16-2020,2020,TV-MA,Sep,2 Seasons
s1993,Movie,Dr Jason Leong Hashtag Blessed,Sep-16-2020,2018,TV-MA,Sep,69 min
s1994,TV Show,Signs,Sep-16-2020,2020,TV-MA,Sep,2 Seasons
s1995,TV Show,Sing On!,Sep-16-2020,2020,TV-PG,Sep,1 Season
s1996,Movie,The Devil All The Time,Sep-16-2020,2020,R,Sep,139 min
s1997,Movie,The Paramedic,Sep-16-2020,2020,TV-MA,Sep,94 min
s1998,Movie,The Take,Sep-16-2020,2016,R,Sep,92 min
s1999,TV Show,Call the Midwife,Sep-15-2020,2020,TV-MA,Sep,9 Seasons
s2000,Movie,Hope Frozen: A Quest to Live Twice,Sep-15-2020,2020,TV-PG,Sep,80 min
s2001,Movie,Michael McIntyre: Showman,Sep-15-2020,2020,TV-MA,Sep,63 min
s2002,Movie,Raising Victor Vargas,Sep-15-2020,2002,R,Sep,88 min
s2003,TV Show,Taco Chronicles,Sep-15-2020,2020,TV-MA,Sep,2 Seasons
s2004,Movie,The Smurfs 2,Sep-15-2020,2013,PG,Sep,105 min
s2005,Movie,Wish Upon a Unicorn,Sep-15-2020,2020,PG,Sep,93 min
s2006,Movie,Lara and the Beat,Sep-14-2020,2018,TV-MA,Sep,140 min
s2007,TV Show,Buddi,Sep-11-2020,2020,TV-Y,Sep,2 Seasons
s2008,Movie,Dad Wanted,Sep-11-2020,2020,TV-14,Sep,103 min
s2009,TV Show,Family Business,Sep-11-2020,2020,TV-MA,Sep,2 Seasons
s2010,TV Show,Girlfriends,Sep-11-2020,2007,TV-14,Sep,8 Seasons
s2011,Movie,How to Train Your Dragon 2,Sep-11-2020,2014,PG,Sep,102 min
s2012,Movie,Pets United,Sep-11-2020,2020,TV-Y7,Sep,93 min
s2013,TV Show,The Barrier,Sep-11-2020,2020,TV-MA,Sep,1 Season
s2014,TV Show,The Duchess,Sep-11-2020,2020,TV-MA,Sep,1 Season
s2015,Movie,Wonho Chung: Live in New York,Sep-11-2020,2014,TV-14,Sep,69 min
s2016,Movie,Aapla Manus,Sep-10-2020,2018,TV-14,Sep,133 min
s2017,Movie,Ani... Dr. Kashinath Ghanekar,Sep-10-2020,2018,TV-14,Sep,157 min
s2018,Movie,Bhai: Vyakti Ki Valli - Poorvardha,Sep-10-2020,2019,TV-14,Sep,116 min
s2019,Movie,Bhai: Vyakti Ki Valli - Uttarardh,Sep-10-2020,2019,TV-PG,Sep,112 min
s2020,Movie,Cycle,Sep-10-2020,2018,TV-PG,Sep,96 min
s2021,Movie,Dhh,Sep-10-2020,2017,TV-G,Sep,127 min
s2022,TV Show,Greenleaf,Sep-10-2020,2020,TV-14,Sep,5 Seasons
s2023,TV Show,Julie and the Phantoms,Sep-10-2020,2020,TV-G,Sep,1 Season
s2024,Movie,Kaagar,Sep-10-2020,2019,TV-MA,Sep,130 min
s2025,Movie,Night of Knots,Sep-10-2020,2018,TV-MA,Sep,93 min
s2026,Movie,PhotoCopy,Sep-10-2020,2016,TV-14,Sep,138 min
s2027,Movie,Poshter Girl,Sep-10-2020,2016,TV-14,Sep,138 min
s2028,Movie,Satria Heroes: Revenge of the Darkness,Sep-10-2020,2017,TV-G,Sep,92 min
s2029,Movie,Son Of Adam,Sep-10-2020,2018,TV-14,Sep,110 min
s2030,Movie,The Babysitter: Killer Queen,Sep-10-2020,2020,TV-MA,Sep,102 min
s2031,Movie,Cargo,Sep-9-2020,2020,TV-14,Sep,113 min
s2032,Movie,Cuties,Sep-9-2020,2020,TV-MA,Sep,96 min
s2033,TV Show,Get Organized with The Home Edit,Sep-9-2020,2020,TV-PG,Sep,1 Season
s2034,TV Show,La Línea: Shadow of Narco,Sep-9-2020,2020,TV-MA,Sep,1 Season
s2035,Movie,So Much Love to Give,Sep-9-2020,2020,TV-14,Sep,108 min
s2036,Movie,The Social Dilemma,Sep-9-2020,2020,PG-13,Sep,94 min
s2037,Movie,#Alive,Sep-8-2020,2020,TV-MA,Sep,99 min
s2038,TV Show,Record of Youth,Sep-8-2020,2020,TV-14,Sep,1 Season
s2039,Movie,My Octopus Teacher,Sep-7-2020,2020,TV-G,Sep,86 min
s2040,Movie,Toll Booth,Sep-7-2020,2010,TV-MA,Sep,98 min
s2041,TV Show,Transformers: Cyberverse,Sep-7-2020,2020,TV-Y7,Sep,2 Seasons
s2042,Movie,"Waiting for ""Superman""",Sep-7-2020,2010,PG,Sep,111 min
s2043,TV Show,Cleverman,Sep-5-2020,2017,TV-MA,Sep,1 Season
s2044,Movie,Villain,Sep-5-2020,2020,R,Sep,97 min
s2045,TV Show,Away,Sep-4-2020,2020,TV-14,Sep,1 Season
s2046,Movie,I'm Thinking of Ending Things,Sep-4-2020,2020,R,Sep,135 min
s2047,Movie,Kandasamys: The Wedding,Sep-4-2020,2019,TV-14,Sep,93 min
s2048,TV Show,Spirit Riding Free: Riding Academy,Sep-4-2020,2020,TV-Y7,Sep,2 Seasons
s2049,Movie,The Lost Okoroshi,Sep-4-2020,2019,TV-MA,Sep,94 min
s2050,Movie,You're My Boss,Sep-4-2020,2015,TV-14,Sep,117 min
s2051,Movie,Afonso Padilha: Classless,Sep-3-2020,2020,TV-MA,Sep,63 min
s2052,Movie,Ave Maryam,Sep-3-2020,2018,TV-PG,Sep,73 min
s2053,Movie,"Love, Guaranteed",Sep-3-2020,2020,TV-PG,Sep,91 min
s2054,TV Show,Young Wallander,Sep-3-2020,2020,TV-MA,Sep,1 Season
s2055,TV Show,Chef's Table: BBQ,Sep-2-2020,2020,TV-14,Sep,1 Season
s2056,Movie,Freaks – You're One of Us,Sep-2-2020,2020,TV-MA,Sep,93 min
s2057,Movie,Hotel for Dogs,Sep-2-2020,2009,PG,Sep,101 min
s2058,Movie,Sky Tour: The Movie,Sep-2-2020,2020,TV-G,Sep,93 min
s2059,TV Show,The Witcher: A Look Inside the Episodes,Sep-2-2020,2020,TV-MA,Sep,1 Season
s2060,Movie,Adrift,Sep-1-2020,2018,PG-13,Sep,96 min
s2061,Movie,Always Be My Maybe,Sep-1-2020,2016,TV-14,Sep,112 min
s2062,Movie,Barbie Princess Adventure,Sep-1-2020,2020,TV-Y,Sep,72 min
s2063,TV Show,Blue Exorcist,Sep-1-2020,2017,TV-MA,Sep,2 Seasons
s2064,TV Show,Bookmarks,Sep-1-2020,2020,TV-Y,Sep,1 Season
s2065,TV Show,Borgen,Sep-1-2020,2012,TV-MA,Sep,3 Seasons
s2066,Movie,Children of the Sea,Sep-1-2020,2019,TV-PG,Sep,112 min
s2067,TV Show,Erased,Sep-1-2020,2016,TV-14,Sep,1 Season
s2068,Movie,Fate/Grand Order -First Order-,Sep-1-2020,2016,TV-14,Sep,72 min
s2069,TV Show,Felipe Esparza: Bad Decisions,Sep-1-2020,2020,TV-MA,Sep,1 Season
s2070,TV Show,H,Sep-1-2020,2002,TV-MA,Sep,4 Seasons
s2071,TV Show,Heidi,Sep-1-2020,2020,TV-Y7,Sep,1 Season
s2072,Movie,Puss in Boots,Sep-1-2020,2011,PG,Sep,92 min
s2073,Movie,Sex Drive,Sep-1-2020,2008,R,Sep,109 min
s2074,TV Show,"Sister, Sister",Sep-1-2020,1998,TV-PG,Sep,6 Seasons
s2075,Movie,Soldier,Sep-1-2020,1998,TV-14,Sep,155 min
s2076,Movie,"Take the Ball, Pass the Ball",Sep-1-2020,2018,TV-MA,Sep,109 min
s2077,Movie,The Boss Baby: Get That Baby!,Sep-1-2020,2020,TV-Y7,Sep,115 min
s2078,Movie,The Match,Sep-1-2020,2020,TV-MA,Sep,97 min
s2079,TV Show,The Promised Neverland,Sep-1-2020,2019,TV-14,Sep,1 Season
s2080,Movie,The Smurfs,Sep-1-2020,2011,PG,Sep,103 min
s2081,TV Show,Thomas and Friends,Sep-1-2020,2020,TV-Y,Sep,2 Seasons
s2082,Movie,True: Friendship Day,Sep-1-2020,2020,TV-Y,Sep,24 min
s2083,Movie,Maniyarayile Ashokan,Aug-31-2020,2020,TV-14,Aug,110 min
s2084,Movie,The Debt Collector 2,Aug-31-2020,2020,TV-MA,Aug,97 min
s2085,Movie,All Together Now,Aug-29-2020,2020,PG,Aug,94 min
s2086,TV Show,I AM A KILLER: RELEASED,Aug-28-2020,2020,TV-MA,Aug,1 Season
s2087,TV Show,Masaba Masaba,Aug-28-2020,2020,TV-MA,Aug,1 Season
s2088,Movie,Santana,Aug-28-2020,2020,TV-MA,Aug,107 min
s2089,Movie,Unknown Origins,Aug-28-2020,2020,TV-MA,Aug,97 min
s2090,TV Show,Aggretsuko,Aug-27-2020,2020,TV-14,Aug,3 Seasons
s2091,Movie,Edge of Seventeen,Aug-27-2020,1998,TV-MA,Aug,103 min
s2092,Movie,The Bridge Curse,Aug-27-2020,2020,TV-MA,Aug,88 min
s2093,Movie,The Young Messiah,Aug-27-2020,2016,PG-13,Aug,111 min
s2094,TV Show,Her Mother's Killer,Aug-26-2020,2020,TV-MA,Aug,1 Season
s2095,Movie,Lingua Franca,Aug-26-2020,2019,TV-MA,Aug,94 min
s2096,Movie,Making The Witcher,Aug-26-2020,2020,TV-MA,Aug,33 min
s2097,TV Show,Million Dollar Beach House,Aug-26-2020,2020,TV-MA,Aug,1 Season
s2098,Movie,Rising Phoenix,Aug-26-2020,2020,PG-13,Aug,107 min
s2099,TV Show,Emily's Wonder Lab,Aug-25-2020,2020,TV-Y,Aug,1 Season
s2100,TV Show,Trinkets,Aug-25-2020,2020,TV-MA,Aug,2 Seasons
s2101,Movie,Septembers of Shiraz,Aug-24-2020,2016,PG-13,Aug,110 min
s2102,TV Show,Baewatch: Parental Guidance,Aug-22-2020,2019,TV-MA,Aug,1 Season
s2103,TV Show,Ojos in d' House,Aug-22-2020,2013,TV-G,Aug,1 Season
s2104,Movie,Class of '83,Aug-21-2020,2020,TV-14,Aug,98 min
s2105,Movie,Dark Forces,Aug-21-2020,2020,TV-MA,Aug,81 min
s2106,TV Show,Hoops,Aug-21-2020,2020,TV-MA,Aug,1 Season
s2107,TV Show,Rust Valley Restorers,Aug-21-2020,2020,TV-14,Aug,3 Seasons
s2108,Movie,The Sleepover,Aug-21-2020,2020,TV-PG,Aug,104 min
s2109,TV Show,Goedam,Aug-20-2020,2020,TV-MA,Aug,1 Season
s2110,Movie,John Was Trying to Contact Aliens,Aug-20-2020,2020,TV-PG,Aug,17 min
s2111,Movie,Scarecrow,Aug-20-2020,2019,TV-MA,Aug,121 min
s2112,Movie,The Crimes That Bind,Aug-20-2020,2020,TV-14,Aug,100 min
s2113,TV Show,DeMarcus Family Rules,Aug-19-2020,2020,TV-14,Aug,1 Season
s2114,TV Show,High Score,Aug-19-2020,2020,TV-14,Aug,1 Season
s2115,Movie,Little Singham: Kaal Ka Badla,Aug-19-2020,2020,TV-Y7,Aug,70 min
s2116,Movie,Drunk Parents,Aug-18-2020,2019,R,Aug,97 min
s2117,Movie,Meet the In-Laws,Aug-18-2020,2017,TV-PG,Aug,75 min
s2118,Movie,Crazy Awesome Teachers,Aug-17-2020,2020,TV-PG,Aug,102 min
s2119,TV Show,Glitch Techs,Aug-17-2020,2020,TV-Y7,Aug,2 Seasons
s2120,Movie,Islands of Faith,Aug-17-2020,2018,TV-PG,Aug,88 min
s2121,Movie,Les Misérables,Aug-16-2020,2012,PG-13,Aug,158 min
s2122,Movie,Seventh Son,Aug-16-2020,2014,PG-13,Aug,102 min
s2123,TV Show,Stranger,Aug-16-2020,2020,TV-MA,Aug,2 Seasons
s2124,TV Show,Dérè: An African Tale,Aug-15-2020,2016,TV-PG,Aug,1 Season
s2125,TV Show,Rita,Aug-15-2020,2020,TV-MA,Aug,5 Seasons
s2126,TV Show,Takki,Aug-15-2020,2014,TV-14,Aug,2 Seasons
s2127,Movie,What's Your Raashee?,Aug-15-2020,2009,TV-PG,Aug,203 min
s2128,TV Show,3%,Aug-14-2020,2020,TV-MA,Aug,4 Seasons
s2129,Movie,Beyond the Boundary: ICC Women's T20 World Cup Australia 2020,Aug-14-2020,2020,TV-G,Aug,59 min
s2130,Movie,Fearless,Aug-14-2020,2020,TV-Y7,Aug,92 min
s2131,Movie,Nigerian Prince,Aug-14-2020,2018,TV-MA,Aug,104 min
s2132,Movie,Octonauts & the Caves of Sac Actun,Aug-14-2020,2020,TV-Y,Aug,72 min
s2133,Movie,Project Power,Aug-14-2020,2020,R,Aug,113 min
s2134,TV Show,Teenage Bounty Hunters,Aug-14-2020,2020,TV-MA,Aug,1 Season
s2135,TV Show,The Great Heist,Aug-14-2020,2020,TV-MA,Aug,1 Season
s2136,TV Show,The Legend of Korra,Aug-14-2020,2014,TV-Y7,Aug,4 Seasons
s2137,TV Show,Zoids Wild,Aug-14-2020,2018,TV-Y7,Aug,1 Season
s2138,Movie,An Easy Girl,Aug-13-2020,2019,TV-MA,Aug,93 min
s2139,Movie,Christine,Aug-13-2020,2016,R,Aug,119 min
s2140,Movie,Simon Killer,Aug-13-2020,2012,TV-MA,Aug,105 min
s2141,TV Show,(Un)Well,Aug-12-2020,2020,TV-MA,Aug,1 Season
s2142,Movie,Gunjan Saxena: The Kargil Girl,Aug-12-2020,2020,TV-14,Aug,113 min
s2143,Movie,Mr. Peabody & Sherman,Aug-11-2020,2014,PG,Aug,93 min
s2144,Movie,"Rob Schneider: Asian Momma, Mexican Kids",Aug-11-2020,2020,TV-MA,Aug,44 min
s2145,TV Show,GAME ON: A Comedy Crossover Event,Aug-10-2020,2020,TV-G,Aug,1 Season
s2146,TV Show,Terrace House: Tokyo 2019-2020,Aug-10-2020,2019,TV-MA,Aug,2 Seasons
s2147,Movie,The Lost Husband,Aug-10-2020,2020,PG-13,Aug,110 min
s2148,Movie,Diamonds in the Sky,Aug-8-2020,2018,TV-14,Aug,113 min
s2149,TV Show,The Governor,Aug-8-2020,2016,TV-14,Aug,1 Season
s2150,Movie,We Summon the Darkness,Aug-8-2020,2020,R,Aug,90 min
s2151,Movie,"Berlin, Berlin: Lolle on the Run",Aug-7-2020,2020,TV-MA,Aug,82 min
s2152,TV Show,High Seas,Aug-7-2020,2020,TV-MA,Aug,3 Seasons
s2153,TV Show,Selling Sunset,Aug-7-2020,2020,TV-MA,Aug,3 Seasons
s2154,TV Show,Sing On! Germany,Aug-7-2020,2020,TV-PG,Aug,1 Season
s2155,Movie,Stars in the Sky: A Hunting Story,Aug-7-2020,2018,TV-14,Aug,69 min
s2156,Movie,The Magic School Bus Rides Again Kids In Space,Aug-7-2020,2020,TV-Y,Aug,46 min
s2157,TV Show,Tiny Creatures,Aug-7-2020,2020,TV-PG,Aug,1 Season
s2158,TV Show,Wizards: Tales of Arcadia,Aug-7-2020,2020,TV-Y7,Aug,1 Season
s2159,TV Show,Word Party Songs,Aug-7-2020,2020,TV-Y,Aug,1 Season
s2160,Movie,Work It,Aug-7-2020,2020,TV-14,Aug,94 min
s2161,TV Show,Ever After High,Aug-6-2020,2016,TV-Y7,Aug,5 Seasons
s2162,Movie,Nasha Natasha,Aug-6-2020,2020,TV-PG,Aug,72 min
s2163,TV Show,The Rain,Aug-6-2020,2020,TV-MA,Aug,3 Seasons
s2164,Movie,Anelka: Misunderstood,Aug-5-2020,2020,TV-14,Aug,95 min
s2165,Movie,Sin City,Aug-5-2020,2019,TV-14,Aug,101 min
s2166,TV Show,World's Most Wanted,Aug-5-2020,2020,TV-14,Aug,1 Season
s2167,Movie,A Go! Go! Cory Carson Summer Camp,Aug-4-2020,2020,TV-Y,Aug,21 min
s2168,Movie,Malibu Rescue: The Next Wave,Aug-4-2020,2020,TV-G,Aug,71 min
s2169,TV Show,Mystery Lab,Aug-4-2020,2020,TV-PG,Aug,1 Season
s2170,Movie,Sam Jay: 3 In The Morning,Aug-4-2020,2020,TV-MA,Aug,64 min
s2171,TV Show,Immigration Nation,Aug-3-2020,2020,TV-MA,Aug,1 Season
s2172,Movie,Almost Love,Aug-2-2020,2020,TV-MA,Aug,92 min
s2173,Movie,Killing Hasselhoff,Aug-1-2020,2017,R,Aug,80 min
s2174,TV Show,Moesha,Aug-1-2020,2000,TV-PG,Aug,6 Seasons
s2175,TV Show,My Perfect Landing,Aug-1-2020,2020,TV-G,Aug,1 Season
s2176,TV Show,Nagi-Asu: A Lull in the Sea,Aug-1-2020,2014,TV-14,Aug,1 Season
s2177,Movie,Rogue Warfare: The Hunt,Aug-1-2020,2020,R,Aug,104 min
s2178,Movie,Super Monsters: The New Class,Aug-1-2020,2020,TV-Y,Aug,25 min
s2179,TV Show,The Next Step,Aug-1-2020,2018,TV-G,Aug,1 Season
s2180,Movie,The Ottoman Lieutenant,Aug-1-2020,2017,R,Aug,111 min
s2181,TV Show,Toradora!,Aug-1-2020,2008,TV-14,Aug,1 Season
s2182,TV Show,Transformers Rescue Bots Academy,Aug-1-2020,2020,TV-Y,Aug,2 Seasons
s2183,Movie,Tumi or not Tumi,Aug-1-2020,2020,TV-MA,Aug,72 min
s2184,Movie,What Keeps You Alive,Aug-1-2020,2018,R,Aug,99 min
s2185,TV Show,Get Even,Jul-31-2020,2020,TV-PG,Jul,1 Season
s2186,Movie,Latte and the Magic Waterstone,Jul-31-2020,2020,TV-Y,Jul,83 min
s2187,Movie,Raat Akeli Hai,Jul-31-2020,2020,TV-MA,Jul,150 min
s2188,Movie,Seriously Single,Jul-31-2020,2020,TV-MA,Jul,108 min
s2189,Movie,Sugar High,Jul-31-2020,2020,TV-G,Jul,44 min
s2190,TV Show,Sugar Rush,Jul-31-2020,2020,TV-PG,Jul,3 Seasons
s2191,TV Show,The Umbrella Academy,Jul-31-2020,2020,TV-14,Jul,2 Seasons
s2192,Movie,Retablo,Jul-30-2020,2017,TV-MA,Jul,102 min
s2193,TV Show,Transformers: War For Cybertron Trilogy,Jul-30-2020,2020,TV-Y7,Jul,1 Season
s2194,Movie,Uma Maheswara Ugra Roopasya,Jul-30-2020,2020,TV-MA,Jul,137 min
s2195,TV Show,Unlucky Ploy,Jul-30-2020,2020,TV-MA,Jul,1 Season
s2196,Movie,It's Her Day,Jul-29-2020,2016,TV-MA,Jul,112 min
s2197,Movie,Redemption,Jul-29-2020,2019,TV-MA,Jul,102 min
s2198,Movie,Shine Your Eyes,Jul-29-2020,2020,TV-MA,Jul,103 min
s2199,Movie,The Hater,Jul-29-2020,2020,TV-MA,Jul,136 min
s2200,Movie,The Speed Cubers,Jul-29-2020,2020,TV-PG,Jul,41 min
s2201,Movie,Tread,Jul-29-2020,2019,TV-MA,Jul,88 min
s2202,TV Show,Last Chance U,Jul-28-2020,2020,TV-MA,Jul,5 Seasons
s2203,Movie,Banana Split,Jul-26-2020,2020,TV-MA,Jul,84 min
s2204,TV Show,Shameless (U.S.),Jul-26-2020,2019,TV-MA,Jul,10 Seasons
s2205,Movie,Door Ke Darshan,Jul-25-2020,2020,TV-14,Jul,114 min
s2206,Movie,Double World,Jul-25-2020,2020,TV-14,Jul,110 min
s2207,Movie,Project Marathwada,Jul-25-2020,2016,TV-MA,Jul,103 min
s2208,Movie,Animal Crackers,Jul-24-2020,2020,TV-Y7,Jul,106 min
s2209,Movie,Dragons: Rescue Riders: Secrets of the Songwing,Jul-24-2020,2020,TV-Y,Jul,46 min
s2210,Movie,Nimbe,Jul-24-2020,2019,TV-MA,Jul,115 min
s2211,Movie,Offering to the Storm,Jul-24-2020,2020,TV-MA,Jul,140 min
s2212,Movie,Romance Doll,Jul-24-2020,2020,TV-MA,Jul,124 min
s2213,TV Show,Sing On! Spain,Jul-24-2020,2020,TV-G,Jul,1 Season
s2214,Movie,The Kissing Booth 2,Jul-24-2020,2020,TV-14,Jul,133 min
s2215,TV Show,Sinatra: All or Nothing at All,Jul-23-2020,2015,TV-14,Jul,1 Season
s2216,Movie,The Larva Island Movie,Jul-23-2020,2020,TV-Y7,Jul,91 min
s2217,Movie,The Letter Reader,Jul-23-2020,2019,TV-PG,Jul,30 min
s2218,TV Show,Fear City: New York vs The Mafia,Jul-22-2020,2020,TV-MA,Jul,1 Season
s2219,TV Show,Norsemen,Jul-22-2020,2020,TV-MA,Jul,3 Seasons
s2220,Movie,The Remix: Hip Hop X Fashion,Jul-22-2020,2019,TV-MA,Jul,67 min
s2221,Movie,Ip Man 4: The Finale,Jul-21-2020,2019,TV-MA,Jul,105 min
s2222,Movie,Jack Whitehall: I'm Only Joking,Jul-21-2020,2020,TV-MA,Jul,58 min
s2223,TV Show,Street Food: Latin America,Jul-21-2020,2020,TV-PG,Jul,1 Season
s2224,TV Show,Killer Women with Piers Morgan,Jul-19-2020,2017,TV-MA,Jul,1 Season
s2225,Movie,Funan,Jul-18-2020,2018,TV-14,Jul,87 min
s2226,TV Show,Gigantosaurus,Jul-18-2020,2019,TV-Y,Jul,1 Season
s2227,TV Show,Single Wives,Jul-18-2020,2018,TV-MA,Jul,1 Season
s2228,TV Show,Cursed,Jul-17-2020,2020,TV-MA,Jul,1 Season
s2229,Movie,Father Soldier Son,Jul-17-2020,2020,R,Jul,100 min
s2230,TV Show,In The Dark,Jul-17-2020,2020,TV-14,Jul,2 Seasons
s2231,TV Show,Kissing Game,Jul-17-2020,2020,TV-MA,Jul,1 Season
s2232,Movie,The Millions,Jul-17-2020,2019,TV-MA,Jul,95 min
s2233,Movie,Fatal Affair,Jul-16-2020,2020,TV-14,Jul,90 min
s2234,Movie,MILF,Jul-16-2020,2018,TV-MA,Jul,102 min
s2235,Movie,Cold Feet,Jul-15-2020,2019,TV-14,Jul,98 min
s2236,TV Show,Dark Desire,Jul-15-2020,2020,TV-MA,Jul,1 Season
s2237,Movie,Little Singham: Legend of Dugabakka,Jul-15-2020,2020,TV-Y7,Jul,68 min
s2238,TV Show,Skin Decision: Before and After,Jul-15-2020,2020,TV-MA,Jul,1 Season
s2239,TV Show,Sunny Bunnies,Jul-15-2020,2016,TV-Y,Jul,2 Seasons
s2240,Movie,Sylvia,Jul-15-2020,2018,TV-14,Jul,104 min
s2241,Movie,The Players,Jul-15-2020,2020,TV-MA,Jul,89 min
s2242,TV Show,The Business of Drugs,Jul-14-2020,2020,TV-MA,Jul,1 Season
s2243,Movie,Urzila Carlson: Overqualified Loser,Jul-14-2020,2020,TV-MA,Jul,62 min
s2244,Movie,We Are One,Jul-14-2020,2020,TV-MA,Jul,86 min
s2245,Movie,Hole in the Wall,Jul-11-2020,2016,TV-MA,Jul,104 min
s2246,TV Show,Dating Around: Brazil,Jul-10-2020,2020,TV-14,Jul,1 Season
s2247,TV Show,Down to Earth with Zac Efron,Jul-10-2020,2020,TV-PG,Jul,1 Season
s2248,Movie,Mama's Boy,Jul-10-2020,2018,TV-14,Jul,101 min
s2249,Movie,The Claudia Kishi Club,Jul-10-2020,2020,TV-14,Jul,17 min
s2250,TV Show,The Epic Tales of Captain Underpants in Space,Jul-10-2020,2020,TV-Y7,Jul,1 Season
s2251,Movie,The Old Guard,Jul-10-2020,2020,R,Jul,126 min
s2252,TV Show,The Twelve,Jul-10-2020,2019,TV-MA,Jul,1 Season
s2253,Movie,Your Excellency,Jul-10-2020,2019,TV-G,Jul,120 min
s2254,TV Show,Japan Sinks: 2020,Jul-9-2020,2020,TV-MA,Jul,1 Season
s2255,TV Show,The Protector,Jul-9-2020,2020,TV-MA,Jul,4 Seasons
s2256,TV Show,Was It Love?,Jul-9-2020,2020,TV-14,Jul,1 Season
s2257,Movie,Born Racer,Jul-8-2020,2018,R,Jul,89 min
s2258,Movie,Mucho Mucho Amor: The Legend of Walter Mercado,Jul-8-2020,2020,TV-14,Jul,96 min
s2259,TV Show,Stateless,Jul-8-2020,2020,TV-MA,Jul,1 Season
s2260,Movie,The Long Dumb Road,Jul-8-2020,2018,R,Jul,91 min
s2261,Movie,Dr. Seuss' The Lorax,Jul-7-2020,2012,PG,Jul,86 min
s2262,Movie,Jim Jefferies: Intolerant,Jul-7-2020,2020,TV-MA,Jul,67 min
s2263,Movie,A Kid from Coney Island,Jul-6-2020,2019,TV-MA,Jul,89 min
s2264,Movie,PNL - Dans la légende tour,Jul-6-2020,2020,TV-MA,Jul,65 min
s2265,Movie,Aiyyaa,Jul-5-2020,2012,TV-14,Jul,151 min
s2266,Movie,Bbuddah Hoga Terra Baap,Jul-5-2020,2011,TV-14,Jul,116 min
s2267,Movie,Blood Money,Jul-5-2020,2012,TV-14,Jul,110 min
s2268,Movie,Bombay Talkies,Jul-5-2020,2013,TV-MA,Jul,123 min
s2269,Movie,Boss,Jul-5-2020,2013,TV-14,Jul,139 min
s2270,Movie,Budhia Singh: Born to Run,Jul-5-2020,2016,TV-MA,Jul,95 min
s2271,Movie,Chashme Baddoor,Jul-5-2020,2013,TV-14,Jul,121 min
s2272,Movie,Dharam Sankat Mein,Jul-5-2020,2015,TV-PG,Jul,127 min
s2273,Movie,Drishyam,Jul-5-2020,2015,TV-14,Jul,162 min
s2274,Movie,Gabbar Is Back,Jul-5-2020,2015,TV-14,Jul,128 min
s2275,Movie,Gollu Aur Pappu,Jul-5-2020,2014,TV-14,Jul,112 min
s2276,TV Show,Hook,Jul-5-2020,2020,TV-MA,Jul,1 Season
s2277,Movie,Inkaar,Jul-5-2020,2013,TV-MA,Jul,125 min
s2278,Movie,Madras Café,Jul-5-2020,2013,TV-14,Jul,128 min
s2279,Movie,Mary Kom,Jul-5-2020,2014,TV-PG,Jul,120 min
s2280,Movie,Michael,Jul-5-2020,2011,TV-MA,Jul,86 min
s2281,Movie,Mumbai Delhi Mumbai,Jul-5-2020,2014,TV-MA,Jul,107 min
s2282,Movie,Oh My God,Jul-5-2020,2012,TV-PG,Jul,129 min
s2283,Movie,One by Two,Jul-5-2020,2014,TV-14,Jul,135 min
s2284,Movie,Only,Jul-5-2020,2019,TV-MA,Jul,97 min
s2285,Movie,Penalty,Jul-5-2020,2019,TV-14,Jul,125 min
s2286,Movie,Players,Jul-5-2020,2012,TV-14,Jul,162 min
s2287,Movie,Pyaar Ka Punchnama 2,Jul-5-2020,2015,TV-MA,Jul,136 min
s2288,Movie,Queen,Jul-5-2020,2014,TV-MA,Jul,138 min
s2289,Movie,Shaitan,Jul-5-2020,2011,TV-MA,Jul,126 min
s2290,Movie,Special 26,Jul-5-2020,2013,TV-PG,Jul,137 min
s2291,Movie,Tanu Weds Manu,Jul-5-2020,2011,TV-14,Jul,114 min
s2292,Movie,What the Fish,Jul-5-2020,2013,TV-14,Jul,96 min
s2293,TV Show,Little Singham,Jul-4-2020,2020,TV-Y7,Jul,2 Seasons
s2294,TV Show,Cable Girls,Jul-3-2020,2019,TV-MA,Jul,6 Seasons
s2295,Movie,Desperados,Jul-3-2020,2020,TV-MA,Jul,107 min
s2296,Movie,Hunter in the Blue Side of Manchester,Jul-3-2020,2020,TV-MA,Jul,89 min
s2297,Movie,I Am Not Your Negro,Jul-3-2020,2017,PG-13,Jul,94 min
s2298,TV Show,JU-ON: Origins,Jul-3-2020,2020,TV-MA,Jul,1 Season
s2299,TV Show,Southern Survival,Jul-3-2020,2020,TV-PG,Jul,1 Season
s2300,TV Show,The Baby-Sitters Club,Jul-3-2020,2020,TV-G,Jul,1 Season
s2301,Movie,The Perfect Picture: Ten Years Later,Jul-3-2020,2019,TV-MA,Jul,148 min
s2302,TV Show,Supermarket Sweep,Jul-2-2020,1993,TV-G,Jul,1 Season
s2303,Movie,Thiago Ventura: POKAS,Jul-2-2020,2020,TV-MA,Jul,82 min
s2304,TV Show,Warrior Nun,Jul-2-2020,2020,TV-MA,Jul,1 Season
s2305,Movie,#AnneFrank - Parallel Stories,Jul-1-2020,2019,TV-14,Jul,95 min
s2306,TV Show,21 Again,Jul-1-2020,2019,TV-MA,Jul,1 Season
s2307,TV Show,A Touch of Green,Jul-1-2020,2016,TV-MA,Jul,1 Season
s2308,TV Show,Abby Hatcher,Jul-1-2020,2019,TV-Y,Jul,1 Season
s2309,Movie,Adú,Jul-1-2020,2020,TV-MA,Jul,120 min
s2310,Movie,Ali Baba ve 7 Cüceler,Jul-1-2020,2015,TV-MA,Jul,115 min
s2311,Movie,David Foster: Off the Record,Jul-1-2020,2019,TV-MA,Jul,107 min
s2312,Movie,Double Jeopardy,Jul-1-2020,1999,R,Jul,105 min
s2313,Movie,Pek Yakında,Jul-1-2020,2014,TV-MA,Jul,134 min
s2314,TV Show,Say I Do,Jul-1-2020,2020,TV-14,Jul,1 Season
s2315,Movie,Stardust,Jul-1-2020,2007,PG-13,Jul,128 min
s2316,Movie,The F**k-It List,Jul-1-2020,2019,TV-MA,Jul,103 min
s2317,Movie,The Silence of Others,Jul-1-2020,2019,TV-14,Jul,96 min
s2318,Movie,Total Recall,Jul-1-2020,1990,R,Jul,114 min
s2319,TV Show,Trotro,Jul-1-2020,2004,TV-Y,Jul,1 Season
s2320,Movie,Under the Riccione Sun,Jul-1-2020,2020,TV-MA,Jul,102 min
s2321,TV Show,BNA,Jun-30-2020,2020,TV-14,Jun,1 Season
s2322,Movie,George Lopez: We'll Do It For Half,Jun-30-2020,2020,TV-MA,Jun,52 min
s2323,TV Show,Homemade,Jun-30-2020,2020,TV-MA,Jun,1 Season
s2324,Movie,The Mirror Boy,Jun-30-2020,2011,TV-14,Jun,86 min
s2325,Movie,#FriendButMarried 2,Jun-28-2020,2020,TV-G,Jun,104 min
s2326,Movie,Skin,Jun-28-2020,2019,TV-MA,Jun,76 min
s2327,Movie,Thackeray (Marathi),Jun-28-2020,2019,TV-14,Jun,135 min
s2328,TV Show,Dark,Jun-27-2020,2020,TV-MA,Jun,3 Seasons
s2329,Movie,Ride Like a Girl,Jun-27-2020,2020,PG,Jun,99 min
s2330,TV Show,All For Love,Jun-26-2020,2020,TV-MA,Jun,1 Season
s2331,Movie,Eurovision Song Contest: The Story of Fire Saga,Jun-26-2020,2020,PG-13,Jun,124 min
s2332,TV Show,Home Game,Jun-26-2020,2020,TV-MA,Jun,1 Season
s2333,Movie,Kasanova,Jun-26-2020,2019,TV-14,Jun,117 min
s2334,Movie,Ordinary People,Jun-26-2020,2016,TV-MA,Jun,107 min
s2335,Movie,Seven (Tamil),Jun-26-2020,2019,TV-MA,Jun,111 min
s2336,Movie,Seven (Telugu),Jun-26-2020,2019,TV-14,Jun,116 min
s2337,Movie,Thackeray (Hindi),Jun-26-2020,2019,TV-14,Jun,135 min
s2338,TV Show,Twogether,Jun-26-2020,2020,TV-G,Jun,1 Season
s2339,Movie,Krishna and His Leela,Jun-25-2020,2020,TV-MA,Jun,126 min
s2340,Movie,Prem Ratan Dhan Payo,Jun-25-2020,2015,TV-14,Jun,164 min
s2341,Movie,Vivah,Jun-25-2020,2006,TV-14,Jun,166 min
s2342,Movie,Athlete A,Jun-24-2020,2020,PG-13,Jun,104 min
s2343,Movie,Bulbbul,Jun-24-2020,2020,TV-MA,Jun,94 min
s2344,TV Show,Crazy Delicious,Jun-24-2020,2020,TV-PG,Jun,1 Season
s2345,Movie,Nobody Knows I'm Here,Jun-24-2020,2020,TV-MA,Jun,92 min
s2346,Movie,Eric Andre: Legalize Everything,Jun-23-2020,2020,TV-MA,Jun,52 min
s2347,TV Show,"Roswell, New Mexico",Jun-23-2020,2020,TV-14,Jun,2 Seasons
s2348,Movie,Kappela,Jun-22-2020,2020,TV-14,Jun,112 min
s2349,Movie,The Royal Hibiscus Hotel,Jun-22-2020,2017,TV-PG,Jun,90 min
s2350,TV Show,It's Okay to Not Be Okay,Jun-21-2020,2020,TV-MA,Jun,1 Season
s2351,Movie,Woodshock,Jun-21-2020,2017,R,Jun,101 min
s2352,Movie,Elevator Baby,Jun-20-2020,2019,TV-MA,Jun,84 min
s2353,TV Show,Babies,Jun-19-2020,2020,TV-14,Jun,2 Seasons
s2354,Movie,Chaman Bahaar,Jun-19-2020,2020,TV-MA,Jun,112 min
s2355,Movie,Destiny,Jun-19-2020,1997,TV-14,Jun,136 min
s2356,Movie,Disclosure,Jun-19-2020,2020,TV-MA,Jun,108 min
s2357,Movie,Feel the Beat,Jun-19-2020,2020,TV-G,Jun,110 min
s2358,TV Show,Floor Is Lava,Jun-19-2020,2020,TV-PG,Jun,1 Season
s2359,Movie,Lost Bullet,Jun-19-2020,2020,TV-MA,Jun,93 min
s2360,TV Show,Most Beautiful Thing,Jun-19-2020,2020,TV-MA,Jun,2 Seasons
s2361,Movie,One-Way to Tomorrow,Jun-19-2020,2020,TV-MA,Jun,90 min
s2362,Movie,The Emigrant,Jun-19-2020,1994,TV-14,Jun,130 min
s2363,TV Show,The Politician,Jun-19-2020,2020,TV-MA,Jun,2 Seasons
s2364,Movie,Wasp Network,Jun-19-2020,2020,TV-MA,Jun,128 min
s2365,Movie,A Whisker Away,Jun-18-2020,2020,TV-PG,Jun,104 min
s2366,Movie,Alexandria ... Why?,Jun-18-2020,1979,TV-MA,Jun,131 min
s2367,Movie,Alexandria: Again and Forever,Jun-18-2020,1989,TV-MA,Jun,109 min
s2368,Movie,An Egyptian Story,Jun-18-2020,1982,TV-MA,Jun,129 min
s2369,Movie,Cairo Station,Jun-18-2020,1958,TV-14,Jun,73 min
s2370,Movie,Dark Waters,Jun-18-2020,1956,TV-14,Jun,104 min
s2371,Movie,El límite infinito,Jun-18-2020,2020,TV-PG,Jun,48 min
s2372,Movie,Lola Igna,Jun-18-2020,2019,TV-14,Jun,114 min
s2373,Movie,One Take,Jun-18-2020,2020,TV-G,Jun,86 min
s2374,Movie,Saladin,Jun-18-2020,1963,TV-MA,Jun,194 min
s2375,Movie,Stray Bullet,Jun-18-2020,2010,TV-MA,Jun,76 min
s2376,Movie,The Blazing Sun,Jun-18-2020,1954,TV-14,Jun,116 min
s2377,Movie,The Land,Jun-18-2020,1970,TV-MA,Jun,130 min
s2378,Movie,The Nut Job,Jun-18-2020,2014,PG,Jun,85 min
s2379,TV Show,The Order,Jun-18-2020,2020,TV-MA,Jun,2 Seasons
s2380,Movie,An Evening with Beverly Luff Linn,Jun-17-2020,2018,R,Jun,108 min
s2381,Movie,Riding Faith,Jun-17-2020,2020,TV-PG,Jun,81 min
s2382,Movie,Last Flight to Abuja,Jun-16-2020,2012,TV-14,Jun,76 min
s2383,Movie,The Darkness,Jun-16-2020,2016,PG-13,Jun,92 min
s2384,TV Show,The Chase,Jun-15-2020,2015,TV-PG,Jun,2 Seasons
s2385,Movie,The Show Must Go On: The Queen + Adam Lambert Story,Jun-15-2020,2019,TV-MA,Jun,85 min
s2386,Movie,Underdogs,Jun-15-2020,2013,PG,Jun,85 min
s2387,Movie,Wira,Jun-15-2020,2019,TV-14,Jun,108 min
s2388,Movie,4th Republic,Jun-13-2020,2019,TV-MA,Jun,120 min
s2389,TV Show,Alexa & Katie,Jun-13-2020,2020,TV-G,Jun,4 Seasons
s2390,Movie,Asura Guru,Jun-13-2020,2020,TV-14,Jun,117 min
s2391,TV Show,How to Get Away with Murder,Jun-13-2020,2020,TV-14,Jun,6 Seasons
s2392,Movie,Milea,Jun-13-2020,2020,TV-14,Jun,100 min
s2393,Movie,Axone,Jun-12-2020,2020,TV-MA,Jun,101 min
s2394,Movie,Da 5 Bloods,Jun-12-2020,2020,R,Jun,156 min
s2395,TV Show,Dating Around,Jun-12-2020,2020,TV-MA,Jun,2 Seasons
s2396,TV Show,F is for Family,Jun-12-2020,2020,TV-MA,Jun,4 Seasons
s2397,TV Show,Frank Elstner: Just One Last Question,Jun-12-2020,2020,TV-MA,Jun,1 Season
s2398,Movie,Jo Koy: In His Elements,Jun-12-2020,2020,TV-MA,Jun,55 min
s2399,Movie,Okko's Inn,Jun-12-2020,2018,PG,Jun,96 min
s2400,TV Show,ONE PIECE,Jun-12-2020,2002,TV-14,Jun,4 Seasons
s2401,TV Show,The Search,Jun-12-2020,2020,TV-MA,Jun,1 Season
s2402,TV Show,The Woods,Jun-12-2020,2020,TV-MA,Jun,1 Season
s2403,Movie,From A to B,Jun-11-2020,2014,TV-MA,Jun,104 min
s2404,Movie,Menahi,Jun-11-2020,2008,TV-14,Jun,101 min
s2405,TV Show,Curon,Jun-10-2020,2020,TV-MA,Jun,1 Season
s2406,TV Show,DC's Legends of Tomorrow,Jun-10-2020,2020,TV-14,Jun,5 Seasons
s2407,TV Show,Lenox Hill,Jun-10-2020,2020,TV-MA,Jun,1 Season
s2408,Movie,Middle Men,Jun-10-2020,2009,R,Jun,113 min
s2409,TV Show,My Mister,Jun-10-2020,2018,TV-MA,Jun,1 Season
s2410,TV Show,Reality Z,Jun-10-2020,2020,TV-MA,Jun,1 Season
s2411,Movie,The Witch: Part 1 - The Subversion,Jun-10-2020,2018,TV-MA,Jun,126 min
s2412,Movie,Before I Fall,Jun-8-2020,2017,PG-13,Jun,98 min
s2413,Movie,365 Days,Jun-7-2020,2020,TV-MA,Jun,114 min
s2414,Movie,Forensic,Jun-7-2020,2020,TV-14,Jun,132 min
s2415,Movie,Project Papa,Jun-7-2020,2018,TV-14,Jun,92 min
s2416,TV Show,Queen of the South,Jun-6-2020,2018,TV-MA,Jun,4 Seasons
s2417,Movie,The Night Clerk,Jun-6-2020,2020,R,Jun,90 min
s2418,TV Show,13 Reasons Why,Jun-5-2020,2020,TV-MA,Jun,4 Seasons
s2419,Movie,Before the Summer Crowds,Jun-5-2020,2016,TV-14,Jun,86 min
s2420,Movie,Big Stone Gap,Jun-5-2020,2014,PG-13,Jun,103 min
s2421,Movie,Choked: Paisa Bolta Hai,Jun-5-2020,2020,TV-14,Jun,114 min
s2422,Movie,Merry Men 2: Another Mission,Jun-5-2020,2019,TV-MA,Jun,115 min
s2423,TV Show,Queer Eye,Jun-5-2020,2020,TV-14,Jun,5 Seasons
s2424,TV Show,Supernatural,Jun-5-2020,2019,TV-14,Jun,15 Seasons
s2425,Movie,The Last Days of American Crime,Jun-5-2020,2020,TV-MA,Jun,149 min
s2426,Movie,The Light of My Eyes,Jun-5-2020,2010,TV-MA,Jun,96 min
s2427,TV Show,BAKI,Jun-4-2020,2020,TV-MA,Jun,3 Seasons
s2428,Movie,Hot Sweet Sour,Jun-4-2020,2017,TV-14,Jun,102 min
s2429,Movie,Overnight Republic,Jun-4-2020,2017,TV-MA,Jun,105 min
s2430,Movie,Can’t Complain,Jun-3-2020,2007,TV-MA,Jun,114 min
s2431,Movie,Lady Bird,Jun-3-2020,2017,R,Jun,94 min
s2432,Movie,Spelling the Dream,Jun-3-2020,2020,TV-G,Jun,83 min
s2433,TV Show,Alone,Jun-2-2020,2019,TV-14,Jun,1 Season
s2434,Movie,Andaleeb El Dokki,Jun-2-2020,2008,TV-14,Jun,106 min
s2435,Movie,Let's Dance,Jun-2-2020,2006,TV-14,Jun,116 min
s2436,Movie,Life's Speed Bump,Jun-2-2020,2006,TV-14,Jun,109 min
s2437,Movie,Mr. Romantic,Jun-2-2020,2009,TV-14,Jun,97 min
s2438,Movie,My Horrible Grandma,Jun-2-2020,2012,TV-MA,Jun,100 min
s2439,Movie,Sorry To Disturb,Jun-2-2020,2008,TV-14,Jun,116 min
s2440,Movie,The Student Cop,Jun-2-2020,2004,TV-14,Jun,111 min
s2441,Movie,True: Rainbow Rescue,Jun-2-2020,2020,TV-Y,Jun,24 min
s2442,Movie,What's Up?,Jun-2-2020,2006,TV-PG,Jun,95 min
s2443,Movie,X Large,Jun-2-2020,2011,TV-14,Jun,135 min
s2444,Movie,122,Jun-1-2020,2019,TV-MA,Jun,95 min
s2445,TV Show,Cardcaptor Sakura,Jun-1-2020,1999,TV-Y7,Jun,2 Seasons
s2446,Movie,Chippa,Jun-1-2020,2020,TV-14,Jun,92 min
s2447,Movie,Cook Off,Jun-1-2020,2017,TV-G,Jun,100 min
s2448,TV Show,Dear My Friends,Jun-1-2020,2016,TV-MA,Jun,1 Season
s2449,Movie,Kalek Shanab,Jun-1-2020,2019,TV-PG,Jun,80 min
s2450,TV Show,Megalobox,Jun-1-2020,2018,TV-MA,Jun,1 Season
s2451,TV Show,Midnight Diner,Jun-1-2020,2014,TV-MA,Jun,3 Seasons
s2452,Movie,Mirai,Jun-1-2020,2018,PG,Jun,98 min
s2453,TV Show,My Shy Boss,Jun-1-2020,2017,TV-MA,Jun,1 Season
s2454,TV Show,Revolutionary Love,Jun-1-2020,2017,TV-MA,Jun,1 Season
s2455,Movie,The Disaster Artist,Jun-1-2020,2017,R,Jun,104 min
s2456,Movie,The Stolen,Jun-1-2020,2016,TV-14,Jun,98 min
s2457,Movie,High Strung Free Dance,May-31-2020,2019,TV-14,May,104 min
s2458,Movie,Freej Al Taibeen,May-29-2020,2018,TV-PG,May,99 min
s2459,Movie,Kenny Sebastian: The Most Interesting Person in the Room,May-29-2020,2020,TV-MA,May,68 min
s2460,TV Show,Space Force,May-29-2020,2020,TV-MA,May,1 Season
s2461,Movie,The Other,May-29-2020,1999,TV-MA,May,106 min
s2462,TV Show,"Can't Cope, Won't Cope",May-28-2020,2018,TV-MA,May,2 Seasons
s2463,TV Show,Dorohedoro,May-28-2020,2020,TV-MA,May,1 Season
s2464,Movie,Grandmother's Farm,May-28-2020,2014,TV-14,May,71 min
s2465,Movie,Grandmother's Farm Part 2,May-28-2020,2015,TV-14,May,80 min
s2466,Movie,Intuition,May-28-2020,2020,TV-MA,May,116 min
s2467,TV Show,Mako Mermaids: An H2O Adventure,May-28-2020,2016,TV-G,May,4 Seasons
s2468,Movie,I'm No Longer Here,May-27-2020,2019,TV-MA,May,112 min
s2469,Movie,Hannah Gadsby: Douglas,May-26-2020,2020,TV-MA,May,73 min
s2470,Movie,Ne Zha,May-25-2020,2019,TV-14,May,110 min
s2471,TV Show,Supergirl,May-25-2020,2019,TV-14,May,5 Seasons
s2472,Movie,Uncut Gems,May-25-2020,2019,R,May,135 min
s2473,TV Show,Betaal,May-24-2020,2020,TV-MA,May,1 Season
s2474,TV Show,Dynasty,May-23-2020,2019,TV-14,May,3 Seasons
s2475,Movie,One Day We'll Talk About Today,May-23-2020,2020,TV-G,May,128 min
s2476,Movie,Si Doel the Movie 3,May-23-2020,2020,TV-G,May,93 min
s2477,TV Show,History 101,May-22-2020,2020,TV-14,May,1 Season
s2478,Movie,Living in Bondage: Breaking Free,May-22-2020,2019,TV-MA,May,149 min
s2479,Movie,Modest Heroes: Ponoc Short Films Theatre,May-22-2020,2018,PG,May,54 min
s2480,Movie,The Lovebirds,May-22-2020,2020,R,May,87 min
s2481,TV Show,Trailer Park Boys: The Animated Series,May-22-2020,2020,TV-MA,May,2 Seasons
s2482,Movie,#FriendButMarried,May-21-2020,2018,TV-G,May,102 min
s2483,Movie,Bye Bye London,May-21-2020,1981,TV-14,May,177 min
s2484,Movie,Fifty Year Old Teenager,May-21-2020,1996,TV-14,May,204 min
s2485,Movie,Lock Your Girls In,May-21-2020,1982,TV-PG,May,233 min
s2486,Movie,Mujeres arriba,May-21-2020,2019,TV-14,May,98 min
s2487,TV Show,Mystic Pop-up Bar,May-21-2020,2020,TV-MA,May,1 Season
s2488,Movie,No Longer kids,May-21-2020,1979,TV-14,May,237 min
s2489,Movie,Raya and Sakina,May-21-2020,1984,TV-14,May,230 min
s2490,Movie,Sayed the Servant,May-21-2020,1985,TV-14,May,173 min
s2491,Movie,The Married Couples,May-21-2020,1981,TV-14,May,195 min
s2492,Movie,The School of Mischief,May-21-2020,1973,TV-14,May,253 min
s2493,Movie,The Witness Who Didn't See Anything,May-21-2020,1976,TV-PG,May,157 min
s2494,Movie,Anchor Baby,May-20-2020,2010,TV-MA,May,97 min
s2495,Movie,Ben Platt Live from Radio City Music Hall,May-20-2020,2020,TV-PG,May,85 min
s2496,TV Show,Especial 20 años Fútbol de Primera,May-20-2020,2020,TV-14,May,1 Season
s2497,Movie,Honeytrap,May-20-2020,2014,TV-MA,May,94 min
s2498,Movie,I Will Follow,May-20-2020,2010,TV-14,May,80 min
s2499,Movie,Mutiny of the Worker Bees,May-20-2020,2020,TV-MA,May,94 min
s2500,TV Show,The Queen and the Conqueror,May-20-2020,2020,TV-14,May,1 Season
s2501,Movie,What Are the Odds?,May-20-2020,2020,TV-MA,May,92 min
s2502,Movie,Either Me Or My Auntie,May-19-2020,2006,TV-PG,May,105 min
s2503,Movie,Escaping Tel Aviv,May-19-2020,2009,TV-14,May,120 min
s2504,Movie,Game Over,May-19-2020,2012,TV-14,May,96 min
s2505,Movie,Karkar,May-19-2020,2007,TV-14,May,107 min
s2506,Movie,My Sleeping Lover,May-19-2020,2008,TV-PG,May,93 min
s2507,Movie,Omar & Salma 2,May-19-2020,2009,TV-14,May,101 min
s2508,TV Show,Patton Oswalt: I Love Everything,May-19-2020,2020,TV-MA,May,1 Season
s2509,TV Show,Sweet Magnolias,May-19-2020,2020,TV-14,May,1 Season
s2510,Movie,Tarek's Situation,May-19-2020,2006,TV-14,May,110 min
s2511,Movie,The Beach Loafer,May-19-2020,2004,TV-14,May,112 min
s2512,Movie,Wadjda,May-19-2020,2012,PG,May,93 min
s2513,Movie,Zaki Chan,May-19-2020,2005,TV-PG,May,109 min
s2514,Movie,Light in the Dark,May-18-2020,2019,TV-14,May,105 min
s2515,TV Show,The Big Flower Fight,May-18-2020,2020,TV-PG,May,1 Season
s2516,TV Show,Patriot Act with Hasan Minhaj,May-17-2020,2020,TV-MA,May,6 Seasons
s2517,Movie,The End,May-17-2020,2019,TV-MA,May,97 min
s2518,TV Show,Boys Over Flowers,May-16-2020,2009,TV-14,May,1 Season
s2519,TV Show,Iris,May-16-2020,2009,TV-14,May,1 Season
s2520,TV Show,Avatar: The Last Airbender,May-15-2020,2007,TV-Y7,May,3 Seasons
s2521,Movie,Heaven Without People,May-15-2020,2017,TV-MA,May,91 min
s2522,Movie,"I love you, stupid",May-15-2020,2019,TV-MA,May,88 min
s2523,TV Show,Inhuman Resources,May-15-2020,2020,TV-MA,May,1 Season
s2524,TV Show,Madam Secretary,May-15-2020,2019,TV-PG,May,6 Seasons
s2525,TV Show,Magic for Humans,May-15-2020,2020,TV-14,May,3 Seasons
s2526,TV Show,Parasyte: The Maxim,May-15-2020,2014,TV-MA,May,1 Season
s2527,TV Show,She-Ra and the Princesses of Power,May-15-2020,2020,TV-Y7,May,5 Seasons
s2528,TV Show,Sleepless Society: Two Pillows & A Lost Soul,May-15-2020,2020,TV-MA,May,1 Season
s2529,TV Show,Strangers from Hell,May-15-2020,2019,TV-MA,May,1 Season
s2530,TV Show,The Wiggles,May-15-2020,2015,TV-Y,May,2 Seasons
s2531,TV Show,White Lines,May-15-2020,2020,TV-MA,May,1 Season
s2532,Movie,Dilan 1990,May-14-2020,2018,TV-14,May,109 min
s2533,Movie,Dilan 1991,May-14-2020,2019,TV-14,May,118 min
s2534,Movie,Fan of Amoory,May-14-2020,2018,TV-G,May,109 min
s2535,Movie,Malang,May-14-2020,2020,TV-MA,May,131 min
s2536,Movie,Match,May-14-2020,2017,TV-14,May,91 min
s2537,Movie,Rencor tatuado,May-14-2020,2018,TV-MA,May,152 min
s2538,Movie,The Delivery Boy,May-14-2020,2018,TV-14,May,67 min
s2539,Movie,Wedy Atkalam,May-14-2020,2018,TV-PG,May,72 min
s2540,Movie,Fire in the Blood,May-13-2020,2012,TV-14,May,83 min
s2541,Movie,The Wrong Missy,May-13-2020,2020,TV-MA,May,90 min
s2542,Movie,Ali & Alia,May-12-2020,2019,TV-14,May,106 min
s2543,TV Show,True: Terrific Tales,May-12-2020,2020,TV-Y,May,1 Season
s2544,Movie,Unbreakable Kimmy Schmidt: Kimmy vs. the Reverend,May-12-2020,2020,TV-14,May,190 min
s2545,Movie,Action Replayy,May-11-2020,2010,TV-PG,May,129 min
s2546,Movie,Andaz Apna Apna,May-11-2020,1994,TV-14,May,160 min
s2547,TV Show,Bordertown,May-11-2020,2019,TV-MA,May,3 Seasons
s2548,Movie,Have a Good Trip: Adventures in Psychedelics,May-11-2020,2020,TV-MA,May,86 min
s2549,TV Show,Trial By Media,May-11-2020,2020,TV-MA,May,1 Season
s2550,Movie,John Henry,May-9-2020,2020,R,May,92 min
s2551,Movie,18 Presents,May-8-2020,2020,TV-MA,May,114 min
s2552,TV Show,Dead to Me,May-8-2020,2020,TV-MA,May,2 Seasons
s2553,TV Show,Restaurants on the Edge,May-8-2020,2020,TV-14,May,2 Seasons
s2554,TV Show,The Eddy,May-8-2020,2020,TV-MA,May,1 Season
s2555,TV Show,The Hollow,May-8-2020,2020,TV-Y7,May,2 Seasons
s2556,Movie,Aerials,May-7-2020,2016,TV-14,May,90 min
s2557,Movie,In Paradox,May-7-2020,2019,TV-14,May,94 min
s2558,TV Show,Scissor Seven,May-7-2020,2020,TV-MA,May,2 Seasons
s2559,Movie,Si Doel the Movie,May-7-2020,2018,TV-PG,May,86 min
s2560,Movie,Becoming,May-6-2020,2020,PG,May,89 min
s2561,Movie,"Sí, Mi Amor",May-6-2020,2020,TV-MA,May,107 min
s2562,Movie,Jerry Seinfeld: 23 Hours To Kill,May-5-2020,2020,TV-PG,May,61 min
s2563,Movie,Arctic Dogs,May-4-2020,2019,PG,May,93 min
s2564,Movie,Luccas Neto em: Acampamento de Férias 2,May-4-2020,2020,TV-G,May,81 min
s2565,Movie,One Day: Justice Delivered,May-3-2020,2019,TV-14,May,120 min
s2566,TV Show,Almost Happy,May-2-2020,2020,TV-MA,May,1 Season
s2567,Movie,Bennett's War,May-2-2020,2019,PG-13,May,94 min
s2568,Movie,Death Can Wait,May-2-2020,2020,TV-14,May,91 min
s2569,TV Show,Hangar 1: The UFO Files,May-2-2020,2015,TV-PG,May,1 Season
s2570,TV Show,Hoarders,May-2-2020,2020,TV-PG,May,1 Season
s2571,Movie,Lady Driver,May-2-2020,2019,PG,May,104 min
s2572,Movie,Mike Birbiglia: My Girlfriend's Boyfriend,May-2-2020,2013,TV-14,May,76 min
s2573,Movie,Roped,May-2-2020,2020,PG,May,90 min
s2574,Movie,The Stand at Paxton County,May-2-2020,2020,R,May,103 min
s2575,TV Show,The Universe: Ancient Mysteries Solved,May-2-2020,2015,TV-PG,May,1 Season
s2576,TV Show,WWII in HD,May-2-2020,2009,TV-14,May,1 Season
s2577,Movie,All Day and a Night,May-1-2020,2020,R,May,122 min
s2578,Movie,Cracked Up: The Darrell Hammond Story,May-1-2020,2018,TV-MA,May,97 min
s2579,Movie,Get In,May-1-2020,2019,TV-MA,May,98 min
s2580,Movie,Go! Go! Cory Carson: The Chrissy,May-1-2020,2020,TV-Y,May,42 min
s2581,TV Show,Hollywood,May-1-2020,2020,TV-MA,May,1 Season
s2582,Movie,I Am Divine,May-1-2020,2013,TV-MA,May,90 min
s2583,Movie,Madagascar: Escape 2 Africa,May-1-2020,2008,PG,May,91 min
s2584,TV Show,Masha and the Bear,May-1-2020,2019,TV-Y,May,4 Seasons
s2585,Movie,Material,May-1-2020,2012,TV-14,May,94 min
s2586,TV Show,Medici: Masters of Florence,May-1-2020,2019,TV-MA,May,3 Seasons
s2587,TV Show,Monthly Girls' Nozaki Kun,May-1-2020,2014,TV-PG,May,1 Season
s2588,Movie,Mrs. Serial Killer,May-1-2020,2020,TV-MA,May,107 min
s2589,TV Show,Oh Yuck,May-1-2020,2020,TV-G,May,1 Season
s2590,Movie,Psycho,May-1-2020,2020,TV-MA,May,143 min
s2591,TV Show,Reckoning,May-1-2020,2019,TV-MA,May,1 Season
s2592,Movie,The Half Of It,May-1-2020,2020,PG-13,May,105 min
s2593,Movie,The Heartbreak Kid,May-1-2020,2007,R,May,116 min
s2594,Movie,Thomas & Friends: Marvelous Machinery: A New Arrival,May-1-2020,2020,TV-Y,May,23 min
s2595,Movie,Thomas & Friends: Marvelous Machinery: World of Tomorrow,May-1-2020,2020,TV-Y,May,23 min
s2596,Movie,Thomas & Friends: Thomas and the Royal Engine,May-1-2020,2020,TV-Y,May,23 min
s2597,Movie,What a Girl Wants,May-1-2020,2003,PG,May,105 min
s2598,Movie,Dangerous Lies,Apr-30-2020,2020,TV-14,Apr,97 min
s2599,TV Show,DRIFTING DRAGONS,Apr-30-2020,2020,TV-14,Apr,1 Season
s2600,TV Show,El señor de los Cielos,Apr-30-2020,2019,TV-MA,Apr,7 Seasons
s2601,TV Show,Good Witch,Apr-30-2020,2019,TV-PG,Apr,5 Seasons
s2602,Movie,Rich in Love,Apr-30-2020,2020,TV-14,Apr,105 min
s2603,TV Show,The Forest of Love: Deep Cut,Apr-30-2020,2020,TV-MA,Apr,1 Season
s2604,TV Show,The Victims' Game,Apr-30-2020,2020,TV-MA,Apr,1 Season
s2605,Movie,A Secret Love,Apr-29-2020,2020,TV-14,Apr,83 min
s2606,Movie,Ekşi Elmalar,Apr-29-2020,2016,TV-PG,Apr,109 min
s2607,TV Show,Extracurricular,Apr-29-2020,2020,TV-MA,Apr,1 Season
s2608,Movie,Love Is War,Apr-29-2020,2019,TV-14,Apr,111 min
s2609,Movie,Murder to Mercy: The Cyntoia Brown Story,Apr-29-2020,2020,TV-MA,Apr,97 min
s2610,TV Show,Nadiya’s Time to Eat,Apr-29-2020,2020,TV-G,Apr,1 Season
s2611,Movie,R.K.Nagar,Apr-29-2020,2019,TV-14,Apr,132 min
s2612,TV Show,Tjovitjo,Apr-29-2020,2017,TV-MA,Apr,2 Seasons
s2613,Movie,Beynelmilel,Apr-28-2020,2006,TV-MA,Apr,102 min
s2614,Movie,Bir Baba Hindu,Apr-28-2020,2016,TV-MA,Apr,107 min
s2615,Movie,Boushkash,Apr-28-2020,2008,TV-MA,Apr,100 min
s2616,Movie,Cinar Agaci,Apr-28-2020,2011,TV-14,Apr,115 min
s2617,Movie,Görümce,Apr-28-2020,2016,TV-MA,Apr,104 min
s2618,Movie,İstanbul Kırmızısı,Apr-28-2020,2017,TV-MA,Apr,110 min
s2619,Movie,Küçük Esnaf,Apr-28-2020,2016,TV-MA,Apr,100 min
s2620,Movie,Lembi 8 Giga,Apr-28-2020,2010,TV-MA,Apr,111 min
s2621,Movie,Neseli Hayat,Apr-28-2020,2009,TV-14,Apr,108 min
s2622,Movie,Organize Isler,Apr-28-2020,2005,TV-14,Apr,104 min
s2623,Movie,The Reliant,Apr-28-2020,2019,PG-13,Apr,116 min
s2624,Movie,We'll Be Right Back After The Break,Apr-28-2020,2012,TV-14,Apr,106 min
s2625,Movie,5Gang,Apr-27-2020,2019,TV-14,Apr,96 min
s2626,Movie,Love Aaj Kal,Apr-27-2020,2020,TV-MA,Apr,140 min
s2627,Movie,The Lift Boy,Apr-27-2020,2020,TV-MA,Apr,107 min
s2628,TV Show,"Coronavirus, Explained",Apr-26-2020,2020,TV-PG,Apr,1 Season
s2629,TV Show,The Last Kingdom,Apr-26-2020,2020,TV-MA,Apr,4 Seasons
s2630,Movie,Bheeshma,Apr-25-2020,2020,TV-14,Apr,138 min
s2631,Movie,Bittersweet,Apr-25-2020,2010,TV-MA,Apr,132 min
s2632,TV Show,My Secret Romance,Apr-25-2020,2017,TV-14,Apr,1 Season
s2633,Movie,No Direction Home: Bob Dylan,Apr-25-2020,2005,TV-MA,Apr,208 min
s2634,Movie,She Made Me a Criminal,Apr-25-2020,2006,TV-14,Apr,105 min
s2635,Movie,The Artist,Apr-25-2020,2011,PG-13,Apr,101 min
s2636,Movie,The Dealer,Apr-25-2020,2010,TV-14,Apr,124 min
s2637,Movie,The International Player,Apr-25-2020,2009,TV-14,Apr,93 min
s2638,Movie,The Promise,Apr-25-2020,2008,TV-14,Apr,110 min
s2639,Movie,الف مبروك,Apr-25-2020,2009,TV-14,Apr,115 min
s2640,TV Show,دفعة القاهرة,Apr-25-2020,2019,TV-14,Apr,1 Season
s2641,TV Show,After Life,Apr-24-2020,2020,TV-MA,Apr,2 Seasons
s2642,TV Show,DreamWorks Spooky Stories: Volume 2,Apr-24-2020,2011,TV-PG,Apr,1 Season
s2643,Movie,Kolaiyuthir Kaalam,Apr-24-2020,2019,TV-14,Apr,107 min
s2644,TV Show,Love 101,Apr-24-2020,2020,TV-MA,Apr,1 Season
s2645,Movie,"Yours Sincerely, Kanan Gill",Apr-24-2020,2020,TV-MA,Apr,72 min
s2646,TV Show,Ghost in the Shell: SAC_2045,Apr-23-2020,2020,TV-14,Apr,1 Season
s2647,Movie,My Stupid Boss,Apr-23-2020,2016,TV-G,Apr,107 min
s2648,Movie,My Stupid Boss 2,Apr-23-2020,2019,TV-14,Apr,95 min
s2649,TV Show,The House of Flowers,Apr-23-2020,2020,TV-MA,Apr,3 Seasons
s2650,Movie,This Earth of Mankind,Apr-23-2020,2019,TV-14,Apr,180 min
s2651,Movie,Time to Hunt,Apr-23-2020,2020,TV-MA,Apr,135 min
s2652,TV Show,Absurd Planet,Apr-22-2020,2020,TV-PG,Apr,1 Season
s2653,Movie,Circus of Books,Apr-22-2020,2020,TV-MA,Apr,87 min
s2654,Movie,The Plagues of Breslau,Apr-22-2020,2018,TV-MA,Apr,94 min
s2655,Movie,The Set Up,Apr-22-2020,2019,TV-MA,Apr,105 min
s2656,Movie,The Silence of the Marsh,Apr-22-2020,2019,TV-MA,Apr,93 min
s2657,Movie,The Willoughbys,Apr-22-2020,2020,PG,Apr,92 min
s2658,TV Show,Win the Wilderness,Apr-22-2020,2020,TV-14,Apr,1 Season
s2659,TV Show,Bleach,Apr-21-2020,2006,TV-14,Apr,5 Seasons
s2660,TV Show,Middleditch & Schwartz,Apr-21-2020,2020,TV-MA,Apr,1 Season
s2661,TV Show,Nicky Jam: El Ganador,Apr-21-2020,2018,TV-MA,Apr,1 Season
s2662,TV Show,Cooked with Cannabis,Apr-20-2020,2020,TV-MA,Apr,1 Season
s2663,TV Show,The Midnight Gospel,Apr-20-2020,2020,TV-MA,Apr,1 Season
s2664,Movie,Varane Avashyamund,Apr-20-2020,2020,TV-14,Apr,144 min
s2665,TV Show,ChuChu TV Nursery Rhymes & Kids Songs (Hindi),Apr-18-2020,2019,TV-Y,Apr,1 Season
s2666,TV Show,The King: Eternal Monarch,Apr-18-2020,2020,TV-14,Apr,1 Season
s2667,TV Show,#blackAF,Apr-17-2020,2020,TV-MA,Apr,1 Season
s2668,Movie,Babamın Ceketi,Apr-17-2020,2018,TV-MA,Apr,101 min
s2669,Movie,Earth and Blood,Apr-17-2020,2020,TV-MA,Apr,81 min
s2670,TV Show,El Dragón: Return of a Warrior,Apr-17-2020,2020,TV-MA,Apr,2 Seasons
s2671,TV Show,Hasmukh,Apr-17-2020,2020,TV-MA,Apr,1 Season
s2672,Movie,Rising High,Apr-17-2020,2020,TV-MA,Apr,95 min
s2673,Movie,Sergio,Apr-17-2020,2020,R,Apr,119 min
s2674,Movie,The Legacy of the Bones,Apr-17-2020,2019,TV-MA,Apr,121 min
s2675,Movie,Alelí,Apr-16-2020,2019,TV-MA,Apr,88 min
s2676,TV Show,Fary : Hexagone,Apr-16-2020,2020,TV-MA,Apr,2 Seasons
s2677,TV Show,Fauda,Apr-16-2020,2020,TV-MA,Apr,3 Seasons
s2678,Movie,"Hail, Caesar!",Apr-16-2020,2016,PG-13,Apr,106 min
s2679,Movie,Jem and the Holograms,Apr-16-2020,2015,PG,Apr,119 min
s2680,Movie,Maurício Meirelles: Generating Chaos,Apr-16-2020,2020,TV-MA,Apr,63 min
s2681,Movie,Puerto Ricans in Paris,Apr-16-2020,2015,R,Apr,82 min
s2682,Movie,Stunt School,Apr-16-2020,2019,TV-G,Apr,95 min
s2683,Movie,For the Broken Hearted,Apr-15-2020,2018,TV-14,Apr,93 min
s2684,Movie,Mischief,Apr-15-2020,2019,TV-PG,Apr,120 min
s2685,TV Show,The Innocence Files,Apr-15-2020,2020,TV-MA,Apr,1 Season
s2686,Movie,World Famous Lover,Apr-15-2020,2020,TV-MA,Apr,147 min
s2687,Movie,Chris D'Elia: No Pain,Apr-14-2020,2020,TV-MA,Apr,55 min
s2688,Movie,New Money,Apr-14-2020,2018,TV-14,Apr,107 min
s2689,Movie,Moms at War,Apr-13-2020,2018,TV-14,Apr,92 min
s2690,Movie,Surviving R. Kelly: The Impact,Apr-13-2020,2019,TV-14,Apr,85 min
s2691,Movie,Code 8,Apr-11-2020,2019,TV-MA,Apr,98 min
s2692,TV Show,Brews Brothers,Apr-10-2020,2020,TV-MA,Apr,1 Season
s2693,Movie,LA Originals,Apr-10-2020,2020,TV-MA,Apr,92 min
s2694,Movie,Love Wedding Repeat,Apr-10-2020,2020,TV-MA,Apr,101 min
s2695,Movie,School Life,Apr-10-2020,2019,TV-MA,Apr,112 min
s2696,Movie,The Main Event,Apr-10-2020,2020,TV-G,Apr,103 min
s2697,TV Show,The Trial,Apr-10-2020,2019,TV-MA,Apr,1 Season
s2698,Movie,Tigertail,Apr-10-2020,2020,PG,Apr,91 min
s2699,TV Show,Hi Score Girl,Apr-9-2020,2019,TV-14,Apr,2 Seasons
s2700,TV Show,The Circle France,Apr-9-2020,2020,TV-MA,Apr,1 Season
s2701,Movie,Born Beautiful,Apr-8-2020,2019,TV-MA,Apr,96 min
s2702,Movie,The Last Airbender,Apr-8-2020,2010,PG,Apr,104 min
s2703,Movie,Tiffany Haddish: She Ready! From the Hood To Hollywood!,Apr-7-2020,2017,TV-MA,Apr,66 min
s2704,Movie,Mine 9,Apr-6-2020,2019,TV-MA,Apr,83 min
s2705,Movie,The Florida Project,Apr-6-2020,2017,R,Apr,111 min
s2706,Movie,Dark Light,Apr-5-2020,2019,TV-MA,Apr,90 min
s2707,Movie,The Killing of a Sacred Deer,Apr-5-2020,2017,R,Apr,121 min
s2708,Movie,Angel Has Fallen,Apr-4-2020,2019,R,Apr,121 min
s2709,TV Show,El Reemplazante,Apr-4-2020,2013,TV-MA,Apr,2 Seasons
s2710,Movie,Coffee & Kareem,Apr-3-2020,2020,TV-MA,Apr,88 min
s2711,TV Show,Legacies,Apr-3-2020,2019,TV-14,Apr,2 Seasons
s2712,Movie,Money Heist: The Phenomenon,Apr-3-2020,2020,TV-MA,Apr,57 min
s2713,Movie,The Death of Stalin,Apr-3-2020,2017,R,Apr,107 min
s2714,Movie,Sol Levante,Apr-2-2020,2020,TV-14,Apr,5 min
s2715,Movie,Violet Evergarden: Eternity and the Auto Memory Doll,Apr-2-2020,2019,TV-PG,Apr,91 min
s2716,Movie,Agneepath,Apr-1-2020,1990,TV-14,Apr,174 min
s2717,Movie,Brothers,Apr-1-2020,2015,TV-14,Apr,155 min
s2718,Movie,Chhota Bheem and the Curse of Damyaan,Apr-1-2020,2012,TV-Y7,Apr,87 min
s2719,TV Show,Community,Apr-1-2020,2015,TV-14,Apr,6 Seasons
s2720,Movie,David Batra: Elefanten i rummet,Apr-1-2020,2020,TV-MA,Apr,77 min
s2721,Movie,Dostana,Apr-1-2020,2008,TV-14,Apr,142 min
s2722,Movie,Duniya,Apr-1-2020,1984,TV-14,Apr,170 min
s2723,Movie,Duplicate,Apr-1-2020,1998,TV-14,Apr,165 min
s2724,Movie,Friendship,Apr-1-2020,1980,TV-14,Apr,161 min
s2725,Movie,Gori Tere Pyaar Mein,Apr-1-2020,2013,TV-14,Apr,144 min
s2726,Movie,Gumrah,Apr-1-2020,1993,TV-14,Apr,149 min
s2727,Movie,Hasee Toh Phasee,Apr-1-2020,2014,TV-14,Apr,135 min
s2728,TV Show,How to Fix a Drug Scandal,Apr-1-2020,2020,TV-MA,Apr,1 Season
s2729,Movie,Humpty Sharma Ki Dulhania,Apr-1-2020,2014,TV-14,Apr,131 min
s2730,Movie,Kaal,Apr-1-2020,2005,TV-14,Apr,126 min
s2731,Movie,Kabhi Alvida Naa Kehna,Apr-1-2020,2006,TV-14,Apr,192 min
s2732,Movie,Kabhi Khushi Kabhie Gham,Apr-1-2020,2001,TV-14,Apr,209 min
s2733,Movie,Kal Ho Naa Ho,Apr-1-2020,2003,TV-14,Apr,187 min
s2734,Movie,Kapoor & Sons,Apr-1-2020,2016,TV-14,Apr,138 min
s2735,Movie,Kuch Kuch Hota Hai,Apr-1-2020,1998,TV-14,Apr,185 min
s2736,Movie,Magnificent,Apr-1-2020,2015,TV-14,Apr,143 min
s2737,TV Show,Man Like Mobeen,Apr-1-2020,2020,TV-MA,Apr,3 Seasons
s2738,Movie,Mighty Raju Rio Calling,Apr-1-2020,2014,TV-Y7,Apr,97 min
s2739,Movie,Muqaddar ka Faisla,Apr-1-2020,1987,TV-14,Apr,172 min
s2740,TV Show,Pokémon the Series,Apr-1-2020,2019,TV-Y7,Apr,3 Seasons
s2741,TV Show,Saint Seiya,Apr-1-2020,1986,TV-14,Apr,6 Seasons
s2742,Movie,SETHUM AAYIRAM PON,Apr-1-2020,2020,TV-MA,Apr,103 min
s2743,TV Show,Sunderland 'Til I Die,Apr-1-2020,2020,TV-MA,Apr,2 Seasons
s2744,TV Show,The Iliza Shlesinger Sketch Show,Apr-1-2020,2020,TV-MA,Apr,1 Season
s2745,Movie,The Little Vampire,Apr-1-2020,2017,TV-G,Apr,83 min
s2746,Movie,The Runaways,Apr-1-2020,2010,R,Apr,107 min
s2747,TV Show,The Windsors,Apr-1-2020,2020,TV-MA,Apr,3 Seasons
s2748,Movie,Ungli,Apr-1-2020,2014,TV-14,Apr,114 min
s2749,TV Show,Well-Intended Love,Apr-1-2020,2020,TV-14,Apr,2 Seasons
s2750,Movie,Wildling,Apr-1-2020,2018,R,Apr,93 min
s2751,Movie,A truthful Mother,Mar-31-2020,2020,TV-Y7,Mar,85 min
s2752,TV Show,Akbar Birbal,Mar-31-2020,2019,TV-G,Mar,1 Season
s2753,TV Show,Bal Ganesh,Mar-31-2020,2019,TV-Y7,Mar,1 Season
s2754,Movie,Dave Chappelle: The Kennedy Center Mark Twain Prize for American Humor,Mar-31-2020,2020,TV-MA,Mar,85 min
s2755,Movie,Greater,Mar-31-2020,2016,PG,Mar,131 min
s2756,Movie,Indian Horse,Mar-31-2020,2017,TV-MA,Mar,101 min
s2757,Movie,Paharganj,Mar-31-2020,2019,TV-MA,Mar,107 min
s2758,Movie,Pretty Little Stalker,Mar-31-2020,2018,TV-14,Mar,84 min
s2759,Movie,Through My Father's Eyes: The Ronda Rousey Story,Mar-31-2020,2019,R,Mar,104 min
s2760,TV Show,Tree House Tales,Mar-31-2020,2019,TV-Y,Mar,1 Season
s2761,Movie,Kannum Kannum Kollaiyadithaal,Mar-29-2020,2020,TV-14,Mar,160 min
s2762,TV Show,Rugal,Mar-29-2020,2020,TV-MA,Mar,1 Season
s2763,Movie,Rogue Warfare,Mar-28-2020,2019,R,Mar,103 min
s2764,Movie,Dragons: Rescue Riders: Hunt for the Golden Dragon,Mar-27-2020,2020,TV-Y,Mar,46 min
s2765,TV Show,Happy!,Mar-27-2020,2019,TV-MA,Mar,2 Seasons
s2766,TV Show,Ladies Up,Mar-27-2020,2019,TV-MA,Mar,1 Season
s2767,Movie,Maska,Mar-27-2020,2020,TV-MA,Mar,112 min
s2768,TV Show,Ozark,Mar-27-2020,2020,TV-MA,Mar,3 Seasons
s2769,Movie,The Decline,Mar-27-2020,2020,TV-MA,Mar,83 min
s2770,Movie,There's Something in the Water,Mar-27-2020,2019,TV-14,Mar,72 min
s2771,Movie,True: Wuzzle Wegg Day,Mar-27-2020,2020,TV-Y,Mar,24 min
s2772,Movie,Uncorked,Mar-27-2020,2020,TV-MA,Mar,104 min
s2773,TV Show,Wassup Man GO!,Mar-27-2020,2020,TV-MA,Mar,1 Season
s2774,Movie,Willy and the Guardians of the Lake: Tales from the Lakeside Winter Adventure,Mar-27-2020,2019,TV-Y,Mar,72 min
s2775,TV Show,7SEEDS,Mar-26-2020,2020,TV-MA,Mar,2 Seasons
s2776,Movie,Happy Old Year,Mar-26-2020,2019,TV-MA,Mar,113 min
s2777,Movie,Making Unorthodox,Mar-26-2020,2020,TV-G,Mar,21 min
s2778,TV Show,Unorthodox,Mar-26-2020,2020,TV-MA,Mar,1 Season
s2779,Movie,Bethany Hamilton: Unstoppable,Mar-25-2020,2019,PG,Mar,100 min
s2780,Movie,Crip Camp: A Disability Revolution,Mar-25-2020,2020,R,Mar,108 min
s2781,Movie,Curtiz,Mar-25-2020,2018,TV-MA,Mar,99 min
s2782,Movie,The Occupant,Mar-25-2020,2020,TV-MA,Mar,104 min
s2783,Movie,Tom Segura: Ball Hog,Mar-24-2020,2020,TV-MA,Mar,70 min
s2784,TV Show,Freud,Mar-23-2020,2020,TV-MA,Mar,1 Season
s2785,TV Show,J-Style Trip,Mar-22-2020,2020,TV-14,Mar,1 Season
s2786,TV Show,Barbie Dreamhouse Adventures: Go Team Roberts,Mar-21-2020,2020,TV-Y,Mar,2 Seasons
s2787,Movie,A Life of Speed: The Juan Manuel Fangio Story,Mar-20-2020,2020,TV-14,Mar,93 min
s2788,TV Show,Archibald's Next Big Thing,Mar-20-2020,2020,TV-Y7,Mar,2 Seasons
s2789,TV Show,Dino Girl Gauko,Mar-20-2020,2020,TV-Y7,Mar,2 Seasons
s2790,Movie,El silencio es bienvenido,Mar-20-2020,2017,TV-14,Mar,95 min
s2791,TV Show,Greenhouse Academy,Mar-20-2020,2020,TV-PG,Mar,4 Seasons
s2792,TV Show,Self Made: Inspired by the Life of Madam C.J. Walker,Mar-20-2020,2020,TV-MA,Mar,1 Season
s2793,TV Show,She,Mar-20-2020,2020,TV-MA,Mar,1 Season
s2794,TV Show,The English Game,Mar-20-2020,2020,TV-14,Mar,1 Season
s2795,TV Show,The Letter for the King,Mar-20-2020,2020,TV-PG,Mar,1 Season
s2796,TV Show,"Tiger King: Murder, Mayhem and Madness",Mar-20-2020,2020,TV-MA,Mar,1 Season
s2797,Movie,Ultras,Mar-20-2020,2020,TV-MA,Mar,109 min
s2798,TV Show,Vampires,Mar-20-2020,2020,TV-MA,Mar,1 Season
s2799,Movie,3022,Mar-19-2020,2019,R,Mar,91 min
s2800,Movie,Altered Carbon: Resleeved,Mar-19-2020,2020,TV-MA,Mar,75 min
s2801,Movie,Masameer - The Movie,Mar-19-2020,2020,TV-14,Mar,100 min
s2802,Movie,AllI Wish,Mar-18-2020,2017,R,Mar,95 min
s2803,TV Show,Caliphate,Mar-18-2020,2020,TV-MA,Mar,1 Season
s2804,Movie,Lu Over the Wall,Mar-18-2020,2017,PG,Mar,113 min
s2805,TV Show,Women Of The Night,Mar-18-2020,2019,TV-MA,Mar,1 Season
s2806,Movie,XV: Beyond the Tryline,Mar-18-2020,2016,TV-14,Mar,91 min
s2807,Movie,Bert Kreischer: Hey Big Boy,Mar-17-2020,2020,TV-MA,Mar,62 min
s2808,TV Show,Shaun the Sheep: Adventures from Mossy Bottom,Mar-17-2020,2020,TV-Y7,Mar,1 Season
s2809,TV Show,We Speak Dance,Mar-17-2020,2018,TV-MA,Mar,1 Season
s2810,Movie,Search Party,Mar-16-2020,2014,R,Mar,93 min
s2811,Movie,Bypass Road,Mar-15-2020,2019,TV-14,Mar,135 min
s2812,Movie,Digs & Discoveries: All Track's Lead to Rome,Mar-15-2020,2019,TV-Y,Mar,23 min
s2813,Movie,Digs & Discoveries: Mines of Mystery,Mar-15-2020,2019,TV-Y,Mar,23 min
s2814,TV Show,Ken Burns Presents: College Behind Bars: A Film by Lynn Novick and Produced by Sarah Botstein,Mar-15-2020,2019,TV-MA,Mar,1 Season
s2815,Movie,Steam Team to the Rescue,Mar-15-2020,2019,TV-Y,Mar,23 min
s2816,Movie,Jai Mummy Di,Mar-14-2020,2020,TV-MA,Mar,101 min
s2817,TV Show,100 Humans,Mar-13-2020,2020,TV-14,Mar,1 Season
s2818,Movie,Baby Mamas,Mar-13-2020,2018,TV-14,Mar,98 min
s2819,TV Show,Bloodride,Mar-13-2020,2020,TV-MA,Mar,1 Season
s2820,Movie,Go Karts,Mar-13-2020,2020,TV-PG,Mar,103 min
s2821,Movie,Justine,Mar-13-2020,2019,TV-MA,Mar,106 min
s2822,TV Show,Kingdom,Mar-13-2020,2020,TV-MA,Mar,2 Seasons
s2823,Movie,Lost Girls,Mar-13-2020,2020,R,Mar,95 min
s2824,Movie,Miracle in Cell No. 7,Mar-13-2020,2019,TV-14,Mar,132 min
s2825,TV Show,The Valhalla Murders,Mar-13-2020,2020,TV-MA,Mar,1 Season
s2826,TV Show,Dirty Money,Mar-11-2020,2020,TV-MA,Mar,2 Seasons
s2827,TV Show,On My Block,Mar-11-2020,2020,TV-14,Mar,3 Seasons
s2828,TV Show,The Circle Brazil,Mar-11-2020,2020,TV-MA,Mar,1 Season
s2829,Movie,Carmen Sandiego: To Steal or Not to Steal,Mar-10-2020,2020,TV-Y7,Mar,82 min
s2830,Movie,Marc Maron: End Times Fun,Mar-10-2020,2020,TV-MA,Mar,71 min
s2831,Movie,Sitara: Let Girls Dream,Mar-8-2020,2020,TV-PG,Mar,16 min
s2832,Movie,Alakada Reloaded,Mar-6-2020,2017,TV-MA,Mar,104 min
s2833,Movie,All About Love,Mar-6-2020,2017,TV-MA,Mar,79 min
s2834,Movie,Guilty,Mar-6-2020,2020,TV-MA,Mar,120 min
s2835,Movie,I am Jonas,Mar-6-2020,2019,TV-MA,Mar,82 min
s2836,Movie,Miles Davis: Birth of the Cool,Mar-6-2020,2019,TV-MA,Mar,115 min
s2837,Movie,Spenser Confidential,Mar-6-2020,2020,R,Mar,111 min
s2838,Movie,Twin Murders: the Silence of the White City,Mar-6-2020,2020,TV-MA,Mar,110 min
s2839,TV Show,Ugly Delicious,Mar-6-2020,2020,TV-MA,Mar,2 Seasons
s2840,Movie,93 Days,Mar-5-2020,2016,TV-PG,Mar,121 min
s2841,Movie,Angu Vaikuntapurathu (Malayalam),Mar-5-2020,2020,TV-14,Mar,162 min
s2842,TV Show,Mighty Little Bheem: Festival of Colors,Mar-5-2020,2020,TV-Y,Mar,1 Season
s2843,Movie,Tootsies & The Fake,Mar-5-2020,2019,TV-MA,Mar,108 min
s2844,Movie,Aurora,Mar-4-2020,2010,TV-MA,Mar,186 min
s2845,Movie,Lil Peep: Everybody’s Everything,Mar-4-2020,2019,TV-MA,Mar,116 min
s2846,Movie,The Death of Mr. Lazarescu,Mar-4-2020,2005,R,Mar,154 min
s2847,TV Show,Velvet,Mar-4-2020,2016,TV-14,Mar,4 Seasons
s2848,Movie,Freaks,Mar-3-2020,2018,R,Mar,105 min
s2849,Movie,Luccas Neto in: The End of Christmas,Mar-3-2020,2019,TV-Y,Mar,71 min
s2850,Movie,Taylor Tomlinson: Quarter-Life Crisis,Mar-3-2020,2020,TV-MA,Mar,61 min
s2851,Movie,The Last Bomb of the Second World War,Mar-3-2020,2019,TV-14,Mar,133 min
s2852,Movie,Uncovered,Mar-3-2020,2019,TV-MA,Mar,98 min
s2853,Movie,W.E.,Mar-3-2020,2011,R,Mar,119 min
s2854,Movie,Fat Ballerina - David A. Arnold,Mar-2-2020,2020,TV-MA,Mar,61 min
s2855,TV Show,Akame ga Kill!,Mar-1-2020,2014,TV-14,Mar,1 Season
s2856,TV Show,Babylon Berlin,Mar-1-2020,2020,TV-MA,Mar,3 Seasons
s2857,Movie,Bhangra Paa Le,Mar-1-2020,2019,TV-14,Mar,130 min
s2858,TV Show,Calico Critters Mini Episodes Clover,Mar-1-2020,2020,TV-Y,Mar,1 Season
s2859,Movie,Calico Critters: Everyone's Big Dream Flying in the Sky,Mar-1-2020,2019,TV-Y,Mar,11 min
s2860,Movie,Frank & Lola,Mar-1-2020,2016,TV-MA,Mar,87 min
s2861,Movie,Hugo,Mar-1-2020,2011,PG,Mar,127 min
s2862,Movie,Ordinary World,Mar-1-2020,2016,TV-14,Mar,87 min
s2863,Movie,"Pop, Lock 'n Roll",Mar-1-2020,2017,TV-14,Mar,88 min
s2864,Movie,There Will Be Blood,Mar-1-2020,2007,R,Mar,158 min
s2865,Movie,Velvet Colección: Grand Finale,Mar-1-2020,2020,TV-14,Mar,82 min
s2866,Movie,Voulez-vous rire avec moi ce soir?,Mar-1-2020,2018,TV-MA,Mar,93 min
s2867,Movie,ZZ TOP: THAT LITTLE OL' BAND FROM TEXAS,Mar-1-2020,2019,TV-MA,Mar,90 min
s2868,Movie,All The Bright Places,Feb-28-2020,2020,TV-MA,Feb,109 min
s2869,TV Show,Always a Witch,Feb-28-2020,2019,TV-14,Feb,2 Seasons
s2870,Movie,Amit Tandon: Family Tandoncies,Feb-28-2020,2019,TV-14,Feb,72 min
s2871,TV Show,Queen Sono,Feb-28-2020,2020,TV-MA,Feb,1 Season
s2872,TV Show,Toy Boy,Feb-28-2020,2019,TV-MA,Feb,1 Season
s2873,TV Show,Unstoppable,Feb-28-2020,2020,TV-MA,Feb,1 Season
s2874,Movie,Ala Vaikunthapurramuloo,Feb-27-2020,2020,TV-14,Feb,162 min
s2875,TV Show,Altered Carbon,Feb-27-2020,2020,TV-MA,Feb,2 Seasons
s2876,TV Show,Followers,Feb-27-2020,2020,TV-MA,Feb,1 Season
s2877,Movie,Pokémon: Mewtwo Strikes Back - Evolution,Feb-27-2020,2019,TV-Y7,Feb,98 min
s2878,TV Show,Six Windows in the Desert,Feb-27-2020,2020,TV-14,Feb,1 Season
s2879,Movie,Couple of Days,Feb-26-2020,2016,TV-14,Feb,103 min
s2880,Movie,Gbomo Gbomo Express,Feb-26-2020,2015,TV-MA,Feb,97 min
s2881,TV Show,I Am Not Okay With This,Feb-26-2020,2020,TV-MA,Feb,1 Season
s2882,Movie,Taxi Driver,Feb-26-2020,2015,TV-MA,Feb,94 min
s2883,Movie,The Arbitration,Feb-26-2020,2016,TV-MA,Feb,101 min
s2884,TV Show,The Trials of Gabriel Fernandez,Feb-26-2020,2020,TV-MA,Feb,1 Season
s2885,Movie,The Visit,Feb-26-2020,2015,TV-MA,Feb,138 min
s2886,Movie,When Love Happens,Feb-26-2020,2014,TV-14,Feb,109 min
s2887,Movie,Pete Davidson: Alive From New York,Feb-25-2020,2020,TV-MA,Feb,50 min
s2888,Movie,Full Count,Feb-23-2020,2019,TV-PG,Feb,110 min
s2889,TV Show,"Hi Bye, Mama!",Feb-23-2020,2020,TV-14,Feb,1 Season
s2890,Movie,Girl on the Third Floor,Feb-22-2020,2019,TV-MA,Feb,92 min
s2891,TV Show,Unabomber - In His Own Words,Feb-22-2020,2018,TV-MA,Feb,1 Season
s2892,TV Show,Gentefied,Feb-21-2020,2020,TV-MA,Feb,1 Season
s2893,TV Show,Hyena,Feb-21-2020,2020,TV-MA,Feb,1 Season
s2894,TV Show,Passion. Panache. Pep,Feb-21-2020,2020,TV-G,Feb,1 Season
s2895,TV Show,Puerta 7,Feb-21-2020,2020,TV-MA,Feb,1 Season
s2896,Movie,System Crasher,Feb-21-2020,2020,TV-MA,Feb,120 min
s2897,Movie,The Body,Feb-21-2020,2019,TV-14,Feb,101 min
s2898,Movie,The Last Thing He Wanted,Feb-21-2020,2020,R,Feb,116 min
s2899,Movie,Yeh Ballet,Feb-21-2020,2020,TV-MA,Feb,117 min
s2900,Movie,Pretville,Feb-20-2020,2012,TV-PG,Feb,95 min
s2901,TV Show,Spectros,Feb-20-2020,2020,TV-MA,Feb,1 Season
s2902,Movie,Untamed Romania,Feb-20-2020,2018,TV-PG,Feb,93 min
s2903,TV Show,DreamWorks Shrek's Swamp Stories,Feb-17-2020,2008,TV-PG,Feb,1 Season
s2904,Movie,By the Sea,Feb-16-2020,2015,R,Feb,122 min
s2905,Movie,Miss Virginia,Feb-16-2020,2019,TV-MA,Feb,102 min
s2906,Movie,MR. RIGHT,Feb-16-2020,2015,R,Feb,96 min
s2907,TV Show,On the Real,Feb-16-2020,2017,TV-MA,Feb,1 Season
s2908,Movie,Term Life,Feb-16-2020,2016,R,Feb,93 min
s2909,Movie,The Forest,Feb-16-2020,2016,PG-13,Feb,93 min
s2910,Movie,Monster High: Electrified,Feb-15-2020,2017,TV-Y,Feb,72 min
s2911,TV Show,Talking Tom and Friends,Feb-15-2020,2017,TV-Y,Feb,1 Season
s2912,Movie,A Shaun the Sheep Movie: Farmageddon,Feb-14-2020,2019,G,Feb,87 min
s2913,Movie,Cuddle Weather,Feb-14-2020,2019,TV-MA,Feb,95 min
s2914,Movie,Fanatyk,Feb-14-2020,2017,TV-MA,Feb,33 min
s2915,Movie,Isi & Ossi,Feb-14-2020,2020,TV-MA,Feb,113 min
s2916,Movie,Liefling,Feb-14-2020,2010,TV-PG,Feb,118 min
s2917,Movie,Panipat - The Great Betrayal,Feb-14-2020,2019,TV-14,Feb,171 min
s2918,TV Show,Taj Mahal 1989,Feb-14-2020,2020,TV-MA,Feb,1 Season
s2919,Movie,The Ghost and the Tout,Feb-14-2020,2018,TV-14,Feb,100 min
s2920,Movie,Dragon Quest Your Story,Feb-13-2020,2019,TV-PG,Feb,103 min
s2921,TV Show,Love Is Blind,Feb-13-2020,2021,TV-MA,Feb,1 Season
s2922,TV Show,Narcos: Mexico,Feb-13-2020,2020,TV-MA,Feb,2 Seasons
s2923,TV Show,Palazuelos mi rey,Feb-13-2020,2019,TV-14,Feb,1 Season
s2924,TV Show,Sleepless Society: Insomnia,Feb-13-2020,2019,TV-MA,Feb,1 Season
s2925,Movie,French Toast,Feb-12-2020,2015,TV-PG,Feb,86 min
s2926,Movie,To All the Boys: P.S. I Still Love You,Feb-12-2020,2020,TV-14,Feb,102 min
s2927,TV Show,We Bare Bears,Feb-12-2020,2018,TV-Y,Feb,2 Seasons
s2928,Movie,Captain Underpants Epic Choice-o-Rama,Feb-11-2020,2020,TV-Y7,Feb,81 min
s2929,Movie,Good Time,Feb-11-2020,2017,R,Feb,101 min
s2930,Movie,ROAD TO ROMA,Feb-11-2020,2020,TV-PG,Feb,73 min
s2931,Movie,Love for Sale 2,Feb-10-2020,2019,TV-14,Feb,96 min
s2932,TV Show,Better Call Saul,Feb-9-2020,2018,TV-MA,Feb,4 Seasons
s2933,Movie,Fronteras,Feb-9-2020,2018,TV-MA,Feb,106 min
s2934,Movie,Polaroid,Feb-9-2020,2019,PG-13,Feb,88 min
s2935,Movie,The Coldest Game,Feb-8-2020,2019,TV-MA,Feb,103 min
s2936,Movie,Thottappan,Feb-8-2020,2019,TV-14,Feb,139 min
s2937,Movie,Azali,Feb-7-2020,2018,TV-14,Feb,89 min
s2938,TV Show,Dragons: Rescue Riders,Feb-7-2020,2020,TV-Y,Feb,2 Seasons
s2939,TV Show,Fifty: The Series,Feb-7-2020,2018,TV-14,Feb,2 Seasons
s2940,Movie,Horse Girl,Feb-7-2020,2020,R,Feb,104 min
s2941,Movie,Jada,Feb-7-2020,2019,TV-14,Feb,124 min
s2942,TV Show,Locke & Key,Feb-7-2020,2020,TV-14,Feb,1 Season
s2943,TV Show,My Holo Love,Feb-7-2020,2020,TV-14,Feb,1 Season
s2944,Movie,The Ballad of Lefty Brown,Feb-7-2020,2017,R,Feb,112 min
s2945,TV Show,Who Killed Malcolm X?,Feb-7-2020,2020,TV-MA,Feb,1 Season
s2946,TV Show,Cagaster of an Insect Cage,Feb-6-2020,2020,TV-MA,Feb,1 Season
s2947,Movie,Gardeners of Eden,Feb-6-2020,2014,TV-14,Feb,70 min
s2948,TV Show,Arrow,Feb-5-2020,2019,TV-14,Feb,8 Seasons
s2949,TV Show,The Pharmacist,Feb-5-2020,2020,TV-MA,Feb,1 Season
s2950,Movie,Uppity: The Willy T. Ribbs Story,Feb-5-2020,2020,TV-MA,Feb,106 min
s2951,Movie,Dragonheart: Vengeance,Feb-4-2020,2020,PG-13,Feb,97 min
s2952,Movie,"Faith, Hope & Love",Feb-4-2020,2019,PG,Feb,106 min
s2953,Movie,Tom Papa: You're Doing Great!,Feb-4-2020,2020,TV-14,Feb,60 min
s2954,TV Show,Team Kaylie,Feb-3-2020,2020,TV-PG,Feb,3 Seasons
s2955,Movie,Thambi,Feb-3-2020,2019,TV-14,Feb,148 min
s2956,Movie,The Silent War,Feb-3-2020,2020,TV-MA,Feb,122 min
s2957,Movie,Chronically Metropolitan,Feb-1-2020,2016,TV-MA,Feb,86 min
s2958,Movie,Hum Aapke Hain Koun,Feb-1-2020,1994,TV-14,Feb,193 min
s2959,TV Show,Is It Wrong to Try to Pick Up Girls in a Dungeon?,Feb-1-2020,2015,TV-MA,Feb,1 Season
s2960,TV Show,Itaewon Class,Feb-1-2020,2020,TV-MA,Feb,1 Season
s2961,Movie,Justice,Feb-1-2020,2017,R,Feb,92 min
s2962,Movie,Love Jacked,Feb-1-2020,2018,PG-13,Feb,94 min
s2963,TV Show,Miraculous: Tales of Ladybug & Cat Noir,Feb-1-2020,2019,TV-Y7,Feb,5 Seasons
s2964,Movie,Misfit 2,Feb-1-2020,2019,TV-G,Feb,82 min
s2965,Movie,Night on Earth: Shot in the Dark,Feb-1-2020,2020,TV-PG,Feb,59 min
s2966,TV Show,No Game No Life,Feb-1-2020,2014,TV-MA,Feb,1 Season
s2967,TV Show,Pop Team Epic,Feb-1-2020,2018,TV-14,Feb,1 Season
s2968,TV Show,Shopkins,Feb-1-2020,2014,TV-Y,Feb,1 Season
s2969,Movie,The Car: Road to Revenge,Feb-1-2020,2019,TV-MA,Feb,89 min
s2970,Movie,Together For Eternity,Feb-1-2020,1999,TV-G,Feb,176 min
s2971,Movie,37 Seconds,Jan-31-2020,2020,TV-MA,Jan,116 min
s2972,TV Show,Diablero,Jan-31-2020,2020,TV-MA,Jan,2 Seasons
s2973,Movie,Gang of the Caribbean,Jan-31-2020,2016,TV-MA,Jan,86 min
s2974,Movie,Hakkunde,Jan-31-2020,2017,TV-14,Jan,93 min
s2975,TV Show,Luna Nera,Jan-31-2020,2020,TV-MA,Jan,1 Season
s2976,Movie,Miss Americana,Jan-31-2020,2020,TV-MA,Jan,85 min
s2977,TV Show,Unauthorized Living,Jan-31-2020,2020,TV-MA,Jan,2 Seasons
s2978,TV Show,Ainori Love Wagon: African Journey,Jan-30-2020,2019,TV-14,Jan,1 Season
s2979,Movie,Kevin Hart: I'm a Grown Little Man,Jan-30-2020,2009,TV-MA,Jan,62 min
s2980,TV Show,THE STRANGER,Jan-30-2020,2020,TV-MA,Jan,1 Season
s2981,TV Show,What the Love! with Karan Johar,Jan-30-2020,2020,TV-14,Jan,1 Season
s2982,Movie,Close Enemies,Jan-29-2020,2018,TV-MA,Jan,112 min
s2983,TV Show,Find Yourself,Jan-29-2020,2020,TV-14,Jan,1 Season
s2984,TV Show,Night on Earth,Jan-29-2020,2020,TV-PG,Jan,1 Season
s2985,TV Show,Omniscient,Jan-29-2020,2020,TV-MA,Jan,1 Season
s2986,Movie,Shimla Mirchi,Jan-27-2020,2020,TV-14,Jan,121 min
s2987,Movie,Sillu Karuppatti,Jan-26-2020,2019,TV-14,Jan,133 min
s2988,Movie,Vir Das: For India,Jan-26-2020,2020,TV-MA,Jan,76 min
s2989,Movie,Menashe,Jan-25-2020,2017,PG,Jan,82 min
s2990,Movie,A Sun,Jan-24-2020,2019,TV-MA,Jan,156 min
s2991,Movie,Die Ontwaking,Jan-24-2020,2015,TV-MA,Jan,90 min
s2992,TV Show,Rise of Empires: Ottoman,Jan-24-2020,2020,TV-MA,Jan,1 Season
s2993,TV Show,Sons of the Caliphate,Jan-24-2020,2017,TV-14,Jan,2 Seasons
s2994,TV Show,The goop lab with Gwyneth Paltrow,Jan-24-2020,2020,TV-MA,Jan,1 Season
s2995,TV Show,The Ranch,Jan-24-2020,2020,TV-MA,Jan,8 Seasons
s2996,Movie,Airplane Mode,Jan-23-2020,2020,TV-PG,Jan,97 min
s2997,Movie,Alex Fernández: The Best Comedian in the World,Jan-23-2020,2020,TV-MA,Jan,51 min
s2998,TV Show,October Faction,Jan-23-2020,2020,TV-MA,Jan,1 Season
s2999,TV Show,​SAINT SEIYA: Knights of the Zodiac,Jan-23-2020,2020,TV-14,Jan,2 Seasons
s3000,TV Show,The Ghost Bride,Jan-23-2020,2020,TV-14,Jan,1 Season
s3001,TV Show,Pandemic: How to Prevent an Outbreak,Jan-22-2020,2020,TV-14,Jan,1 Season
s3002,TV Show,Playing with Fire,Jan-22-2020,2019,TV-MA,Jan,1 Season
s3003,Movie,Whisky,Jan-22-2020,2004,TV-MA,Jan,98 min
s3004,Movie,Fortune Feimster: Sweet & Salty,Jan-21-2020,2020,TV-MA,Jan,61 min
s3005,Movie,KD (A) Karuppudurai,Jan-21-2020,2019,TV-14,Jan,116 min
s3006,TV Show,DreamWorks How to Train Your Dragon Legends,Jan-20-2020,2011,TV-PG,Jan,1 Season
s3007,Movie,Motichoor Chaknachoor,Jan-20-2020,2019,TV-14,Jan,132 min
s3008,Movie,WHAT DID JACK DO?,Jan-20-2020,2020,TV-14,Jan,17 min
s3009,Movie,The Bling Ring,Jan-18-2020,2013,R,Jan,91 min
s3010,Movie,A Fall from Grace,Jan-17-2020,2020,TV-MA,Jan,121 min
s3011,TV Show,Ares,Jan-17-2020,2020,TV-MA,Jan,1 Season
s3012,TV Show,Hip-Hop Evolution,Jan-17-2020,2020,TV-MA,Jan,4 Seasons
s3013,TV Show,Nailed It! Germany,Jan-17-2020,2020,TV-14,Jan,1 Season
s3014,TV Show,Tiny House Nation,Jan-17-2020,2019,TV-PG,Jan,2 Seasons
s3015,Movie,Deadcon,Jan-16-2020,2019,TV-14,Jan,78 min
s3016,TV Show,Handsome Siblings,Jan-16-2020,2020,TV-14,Jan,1 Season
s3017,Movie,Hop,Jan-16-2020,2011,PG,Jan,95 min
s3018,Movie,Jezebel,Jan-16-2020,2019,TV-MA,Jan,86 min
s3019,Movie,Legend,Jan-16-2020,2015,R,Jan,132 min
s3020,Movie,NiNoKuni,Jan-16-2020,2019,TV-14,Jan,107 min
s3021,TV Show,Soul Eater,Jan-16-2020,2008,TV-14,Jan,1 Season
s3022,Movie,Steve Jobs,Jan-16-2020,2015,R,Jan,122 min
s3023,Movie,Bulbul Can Sing,Jan-15-2020,2018,TV-14,Jan,95 min
s3024,Movie,Eye For An Eye,Jan-15-2020,2019,TV-MA,Jan,108 min
s3025,TV Show,Killer Inside: The Mind of Aaron Hernandez,Jan-15-2020,2020,TV-MA,Jan,1 Season
s3026,Movie,MindGamers,Jan-15-2020,2017,R,Jan,99 min
s3027,Movie,The Brave,Jan-15-2020,2019,TV-MA,Jan,103 min
s3028,Movie,Leslie Jones: Time Machine,Jan-14-2020,2020,TV-MA,Jan,66 min
s3029,TV Show,The Ollie & Moon Show,Jan-14-2020,2018,TV-Y,Jan,1 Season
s3030,Movie,Women of Mafia 2,Jan-14-2020,2019,TV-MA,Jan,132 min
s3031,TV Show,The Healing Powers of Dude,Jan-13-2020,2020,TV-G,Jan,1 Season
s3032,Movie,Betty White: First Lady of Television,Jan-12-2020,2018,TV-14,Jan,56 min
s3033,Movie,Made in China,Jan-12-2020,2019,TV-MA,Jan,128 min
s3034,TV Show,AJ and the Queen,Jan-10-2020,2020,TV-14,Jan,1 Season
s3035,TV Show,Giri / Haji,Jan-10-2020,2019,TV-MA,Jan,1 Season
s3036,TV Show,Harvey Street Kids,Jan-10-2020,2020,TV-Y7,Jan,4 Seasons
s3037,TV Show,Jamtara - Sabka Number Ayega,Jan-10-2020,2020,TV-MA,Jan,1 Season
s3038,TV Show,Medical Police,Jan-10-2020,2020,TV-MA,Jan,1 Season
s3039,Movie,Monsters: Dark Continent,Jan-10-2020,2014,R,Jan,119 min
s3040,TV Show,The InBESTigators,Jan-10-2020,2020,TV-Y,Jan,2 Seasons
s3041,TV Show,Until Dawn,Jan-10-2020,2020,TV-MA,Jan,1 Season
s3042,Movie,Bulletproof 2,Jan-9-2020,2020,TV-MA,Jan,97 min
s3043,TV Show,Cheer,Jan-8-2020,2020,TV-MA,Jan,1 Season
s3044,Movie,A Ghost Story,Jan-7-2020,2017,R,Jan,92 min
s3045,Movie,"Live Twice, Love Once",Jan-7-2020,2020,TV-MA,Jan,102 min
s3046,TV Show,Dracula,Jan-4-2020,2020,TV-14,Jan,1 Season
s3047,Movie,All the Freckles in the World,Jan-3-2020,2020,TV-14,Jan,90 min
s3048,TV Show,Anne with an E,Jan-3-2020,2019,TV-PG,Jan,3 Seasons
s3049,Movie,Half Girlfriend,Jan-2-2020,2017,TV-14,Jan,129 min
s3050,TV Show,"Sex, Explained",Jan-2-2020,2020,TV-MA,Jan,1 Season
s3051,TV Show,Thieves of the Wood,Jan-2-2020,2019,TV-MA,Jan,1 Season
s3052,Movie,Aruna & Her Palate,Jan-1-2020,2018,TV-14,Jan,106 min
s3053,TV Show,Because This Is My First Life,Jan-1-2020,2017,TV-14,Jan,1 Season
s3054,TV Show,Border Security: America's Front Line,Jan-1-2020,2018,TV-14,Jan,1 Season
s3055,Movie,Breaking the Bank,Jan-1-2020,2014,TV-PG,Jan,105 min
s3056,TV Show,Cells at Work!,Jan-1-2020,2018,TV-PG,Jan,1 Season
s3057,TV Show,Chhota Bheem Kung Fu Dhamaka Series,Jan-1-2020,2019,TV-Y7,Jan,1 Season
s3058,Movie,Garfield Gets Real,Jan-1-2020,2007,TV-Y,Jan,78 min
s3059,Movie,Garfield's Fun Fest,Jan-1-2020,2008,TV-Y7,Jan,79 min
s3060,Movie,Garfield's Pet Force,Jan-1-2020,2009,G,Jan,78 min
s3061,Movie,Ghost Stories,Jan-1-2020,2020,TV-MA,Jan,145 min
s3062,Movie,Jeff Dunham: Unhinged in Hollywood,Jan-1-2020,2015,TV-MA,Jan,71 min
s3063,Movie,Jimmy Neutron: Boy Genius,Jan-1-2020,2001,G,Jan,83 min
s3064,TV Show,Live Up To Your Name,Jan-1-2020,2017,TV-MA,Jan,1 Season
s3065,Movie,Luccas Neto in: Children's Day,Jan-1-2020,2019,TV-G,Jan,81 min
s3066,TV Show,Messiah,Jan-1-2020,2020,TV-MA,Jan,1 Season
s3067,TV Show,Mia and Me,Jan-1-2020,2017,TV-Y7,Jan,2 Seasons
s3068,TV Show,"Nisman: The Prosecutor, the President, and the Spy",Jan-1-2020,2020,TV-MA,Jan,1 Season
s3069,Movie,Pan's Labyrinth,Jan-1-2020,2006,R,Jan,119 min
s3070,Movie,Pokémon the Movie: Power of Us,Jan-1-2020,2018,TV-Y7,Jan,98 min
s3071,Movie,Posesif,Jan-1-2020,2017,TV-MA,Jan,102 min
s3072,TV Show,Reply 1988,Jan-1-2020,2015,TV-14,Jan,1 Season
s3073,Movie,Riot,Jan-1-2020,2015,TV-MA,Jan,88 min
s3074,Movie,Road Trip: Beer Pong,Jan-1-2020,2009,R,Jan,97 min
s3075,TV Show,Save Me,Jan-1-2020,2017,TV-MA,Jan,1 Season
s3076,TV Show,Spinning Out,Jan-1-2020,2020,TV-MA,Jan,1 Season
s3077,TV Show,The Bride of Habaek,Jan-1-2020,2017,TV-14,Jan,1 Season
s3078,Movie,Aaviri,Dec-31-2019,2019,TV-14,Dec,110 min
s3079,Movie,Albert Pinto Ko Gussa Kyun Aata Hai?,Dec-31-2019,2019,TV-MA,Dec,85 min
s3080,TV Show,ARASHI's Diary -Voyage-,Dec-31-2019,2019,TV-PG,Dec,1 Season
s3081,Movie,Benchwarmers 2: Breaking Balls,Dec-31-2019,2019,PG-13,Dec,90 min
s3082,Movie,How High 2,Dec-31-2019,2019,TV-MA,Dec,89 min
s3083,TV Show,Occupied,Dec-31-2019,2019,TV-MA,Dec,3 Seasons
s3084,TV Show,Pucca: Love Recipe,Dec-31-2019,2018,TV-Y7,Dec,1 Season
s3085,TV Show,Rainbow Ruby,Dec-31-2019,2016,TV-Y,Dec,1 Season
s3086,TV Show,Robot Trains,Dec-31-2019,2018,TV-Y7,Dec,2 Seasons
s3087,TV Show,The Degenerates,Dec-31-2019,2019,TV-MA,Dec,2 Seasons
s3088,TV Show,Yanxi Palace: Princess Adventures,Dec-31-2019,2019,TV-14,Dec,1 Season
s3089,TV Show,The Disastrous Life of Saiki K.: Reawakened,Dec-30-2019,2019,TV-14,Dec,1 Season
s3090,Movie,Hot Gimmick: Girl Meets Boy,Dec-28-2019,2019,TV-MA,Dec,120 min
s3091,Movie,Blitz Patrollie,Dec-27-2019,2013,TV-MA,Dec,102 min
s3092,Movie,"El Pepe, a Supreme Life",Dec-27-2019,2018,TV-14,Dec,73 min
s3093,TV Show,Kevin Hart: Don’t F**k This Up,Dec-27-2019,2019,TV-MA,Dec,1 Season
s3094,Movie,The Vendor,Dec-27-2019,2018,TV-MA,Dec,103 min
s3095,Movie,The App,Dec-26-2019,2019,TV-MA,Dec,79 min
s3096,TV Show,The Bonfire of Destiny,Dec-26-2019,2019,TV-MA,Dec,1 Season
s3097,TV Show,You,Dec-26-2019,2019,TV-MA,Dec,2 Seasons
s3098,Movie,Doom: Annihilation,Dec-25-2019,2019,R,Dec,97 min
s3099,Movie,Fireworks,Dec-25-2019,2017,TV-PG,Dec,91 min
s3100,Movie,Grand-Daddy Day Care,Dec-25-2019,2019,PG-13,Dec,96 min
s3101,Movie,Jarhead: Law of Return,Dec-25-2019,2019,R,Dec,103 min
s3102,Movie,MFKZ,Dec-25-2019,2017,R,Dec,95 min
s3103,Movie,Sweetheart,Dec-25-2019,2019,PG-13,Dec,83 min
s3104,TV Show,CAROLE & TUESDAY,Dec-24-2019,2019,TV-MA,Dec,2 Seasons
s3105,Movie,Como caído del cielo,Dec-24-2019,2019,TV-14,Dec,117 min
s3106,Movie,John Mulaney & The Sack Lunch Bunch,Dec-24-2019,2019,TV-PG,Dec,70 min
s3107,TV Show,Lost in Space,Dec-24-2019,2019,TV-PG,Dec,2 Seasons
s3108,Movie,Jacob's Ladder,Dec-22-2019,2019,R,Dec,90 min
s3109,TV Show,Private Practice,Dec-22-2019,2012,TV-14,Dec,6 Seasons
s3110,Movie,Back of the Net,Dec-21-2019,2019,TV-Y,Dec,86 min
s3111,Movie,Lost in London,Dec-21-2019,2017,TV-PG,Dec,86 min
s3112,TV Show,Agent,Dec-20-2019,2019,TV-MA,Dec,1 Season
s3113,Movie,Being Mrs Elliot,Dec-20-2019,2014,TV-14,Dec,113 min
s3114,Movie,Falz Experience,Dec-20-2019,2018,TV-MA,Dec,82 min
s3115,Movie,Iyore,Dec-20-2019,2015,TV-PG,Dec,141 min
s3116,Movie,The First Lady,Dec-20-2019,2015,TV-MA,Dec,107 min
s3117,Movie,The Two Popes,Dec-20-2019,2019,PG-13,Dec,126 min
s3118,TV Show,The Witcher,Dec-20-2019,2019,TV-MA,Dec,1 Season
s3119,Movie,After the Raid,Dec-19-2019,2019,TV-PG,Dec,25 min
s3120,TV Show,Twice Upon A Time,Dec-19-2019,2019,TV-MA,Dec,1 Season
s3121,TV Show,Ultraviolet,Dec-19-2019,2019,TV-MA,Dec,2 Seasons
s3122,TV Show,Don't F**k with Cats: Hunting an Internet Killer,Dec-18-2019,2019,TV-MA,Dec,1 Season
s3123,TV Show,Soundtrack,Dec-18-2019,2019,TV-MA,Dec,1 Season
s3124,Movie,Ronny Chieng: Asian Comedian Destroys America!,Dec-17-2019,2019,TV-MA,Dec,63 min
s3125,Movie,"Sincerely Yours, Dhaka",Dec-16-2019,2018,TV-MA,Dec,136 min
s3126,Movie,The Danish Girl,Dec-16-2019,2015,R,Dec,120 min
s3127,Movie,Bangistan,Dec-15-2019,2015,TV-14,Dec,134 min
s3128,TV Show,Cinderella and the Four Knights,Dec-15-2019,2016,TV-PG,Dec,1 Season
s3129,TV Show,Cocomong,Dec-15-2019,2015,TV-Y,Dec,2 Seasons
s3130,TV Show,Crash Landing on You,Dec-15-2019,2019,TV-14,Dec,1 Season
s3131,TV Show,"Crazy, Lovely, Cool",Dec-15-2019,2018,TV-MA,Dec,1 Season
s3132,Movie,Dil Chahta Hai,Dec-15-2019,2001,TV-14,Dec,185 min
s3133,Movie,Dil Dhadakne Do,Dec-15-2019,2015,TV-MA,Dec,174 min
s3134,Movie,Don,Dec-15-2019,2006,TV-14,Dec,169 min
s3135,Movie,Don 2,Dec-15-2019,2011,TV-14,Dec,148 min
s3136,Movie,Fukrey,Dec-15-2019,2013,TV-14,Dec,135 min
s3137,Movie,Game,Dec-15-2019,2011,TV-14,Dec,135 min
s3138,TV Show,Girls und Panzer,Dec-15-2019,2012,TV-PG,Dec,1 Season
s3139,Movie,Holy Expectations,Dec-15-2019,2019,TV-14,Dec,89 min
s3140,Movie,Honeymoon Travels Pvt. Ltd.,Dec-15-2019,2007,TV-14,Dec,119 min
s3141,Movie,Isoken,Dec-15-2019,2017,TV-14,Dec,98 min
s3142,Movie,Karthik Calling Karthik,Dec-15-2019,2010,TV-14,Dec,135 min
s3143,Movie,Lakshya,Dec-15-2019,2004,TV-PG,Dec,185 min
s3144,Movie,Luck by Chance,Dec-15-2019,2009,TV-14,Dec,156 min
s3145,Movie,Potato Potahto,Dec-15-2019,2017,TV-MA,Dec,104 min
s3146,Movie,Rock On!!,Dec-15-2019,2008,TV-14,Dec,139 min
s3147,TV Show,Scooby-Doo!: Mystery Incorporated,Dec-15-2019,2012,TV-Y7,Dec,2 Seasons
s3148,Movie,Talaash,Dec-15-2019,2012,TV-14,Dec,140 min
s3149,TV Show,What's New Scooby-Doo?,Dec-15-2019,2005,TV-Y7,Dec,3 Seasons
s3150,Movie,Zindagi Na Milegi Dobara,Dec-15-2019,2011,TV-14,Dec,154 min
s3151,Movie,6 Underground,Dec-13-2019,2019,R,Dec,129 min
s3152,Movie,A Trip to Jamaica,Dec-13-2019,2016,TV-MA,Dec,99 min
s3153,Movie,My Wife and I,Dec-13-2019,2017,TV-MA,Dec,100 min
s3154,Movie,Okafor's Law,Dec-13-2019,2016,TV-14,Dec,110 min
s3155,Movie,Seven and a half dates,Dec-13-2019,2018,TV-14,Dec,107 min
s3156,Movie,The 9th Precinct,Dec-13-2019,2019,TV-MA,Dec,95 min
s3157,Movie,Zero Hour,Dec-13-2019,2018,TV-MA,Dec,89 min
s3158,Movie,Jack Whitehall: Christmas with My Father,Dec-12-2019,2019,TV-MA,Dec,65 min
s3159,Movie,The Sky Is Pink,Dec-11-2019,2019,TV-MA,Dec,143 min
s3160,Movie,Good and Prosperous,Dec-10-2019,2017,TV-14,Dec,101 min
s3161,Movie,Michelle Wolf: Joke Show,Dec-10-2019,2019,TV-MA,Dec,60 min
s3162,Movie,A Family Reunion Christmas,Dec-9-2019,2019,TV-PG,Dec,29 min
s3163,Movie,It Comes at Night,Dec-9-2019,2017,R,Dec,92 min
s3164,Movie,Saaho,Dec-8-2019,2019,TV-14,Dec,172 min
s3165,Movie,Nothing to Lose 2,Dec-7-2019,2019,PG-13,Dec,97 min
s3166,TV Show,Astronomy Club: The Sketch Show,Dec-6-2019,2019,TV-MA,Dec,1 Season
s3167,Movie,Banana Island Ghost,Dec-6-2019,2017,TV-14,Dec,108 min
s3168,Movie,Celebrity Marriage,Dec-6-2019,2017,TV-14,Dec,107 min
s3169,TV Show,Fuller House,Dec-6-2019,2020,TV-PG,Dec,5 Seasons
s3170,Movie,Marriage Story,Dec-6-2019,2019,R,Dec,137 min
s3171,Movie,No Game No Life: Zero,Dec-6-2019,2017,TV-MA,Dec,106 min
s3172,Movie,Slow Country,Dec-6-2019,2017,TV-MA,Dec,115 min
s3173,Movie,Spirit Riding Free: Spirit of Christmas,Dec-6-2019,2019,TV-Y7,Dec,46 min
s3174,TV Show,Teasing Master Takagi-san,Dec-6-2019,2019,TV-PG,Dec,1 Season
s3175,TV Show,The Chosen One,Dec-6-2019,2019,TV-MA,Dec,2 Seasons
s3176,TV Show,The Confession Killer,Dec-6-2019,2019,TV-14,Dec,1 Season
s3177,TV Show,Three Days of Christmas,Dec-6-2019,2019,TV-MA,Dec,1 Season
s3178,TV Show,Triad Princess,Dec-6-2019,2019,TV-MA,Dec,1 Season
s3179,Movie,Wives on Strike,Dec-6-2019,2016,TV-14,Dec,92 min
s3180,Movie,Wives on Strike: The Revolution,Dec-6-2019,2017,TV-PG,Dec,93 min
s3181,Movie,A Christmas Prince: The Royal Baby,Dec-5-2019,2019,TV-PG,Dec,85 min
s3182,Movie,The Irishman: In Conversation,Dec-5-2019,2019,TV-MA,Dec,24 min
s3183,TV Show,V Wars,Dec-5-2019,2019,TV-MA,Dec,1 Season
s3184,TV Show,The Last O.G.,Dec-4-2019,2019,TV-MA,Dec,2 Seasons
s3185,TV Show,The Prince of Tennis ~ Match! Tennis Juniors ~,Dec-4-2019,2019,TV-PG,Dec,1 Season
s3186,TV Show,The Road to Love,Dec-4-2019,2019,TV-14,Dec,1 Season
s3187,Movie,Tiffany Haddish: Black Mitzvah,Dec-3-2019,2019,TV-MA,Dec,56 min
s3188,TV Show,Nightflyers,Dec-2-2019,2018,TV-MA,Dec,1 Season
s3189,Movie,A Cinderella Story: Christmas Wish,Dec-1-2019,2019,PG,Dec,86 min
s3190,Movie,Baby Dolls,Dec-1-2019,2019,TV-PG,Dec,127 min
s3191,Movie,Cut Bank,Dec-1-2019,2014,R,Dec,93 min
s3192,Movie,Dead Kids,Dec-1-2019,2019,TV-MA,Dec,94 min
s3193,TV Show,Eastsiders,Dec-1-2019,2018,TV-MA,Dec,4 Seasons
s3194,Movie,High End Yaariyan,Dec-1-2019,2019,TV-14,Dec,120 min
s3195,Movie,Iron Fists and Kung-Fu Kicks,Dec-1-2019,2019,TV-MA,Dec,108 min
s3196,Movie,Jindua,Dec-1-2019,2017,TV-14,Dec,135 min
s3197,Movie,Lakeeran,Dec-1-2019,2016,TV-PG,Dec,111 min
s3198,Movie,Mahi NRI,Dec-1-2019,2017,TV-14,Dec,134 min
s3199,Movie,Qismat,Dec-1-2019,2018,TV-PG,Dec,137 min
s3200,TV Show,Space Jungle,Dec-1-2019,2016,TV-Y,Dec,2 Seasons
s3201,Movie,Tee Shot: Ariya Jutanugarn,Dec-1-2019,2019,TV-14,Dec,103 min
s3202,Movie,Thug Life,Dec-1-2019,2017,TV-14,Dec,133 min
s3203,Movie,Wandering Stars,Dec-1-2019,2019,TV-MA,Dec,95 min
s3204,Movie,Why Me?,Dec-1-2019,2015,TV-MA,Dec,126 min
s3205,TV Show,Chocolate,Nov-30-2019,2019,TV-14,Nov,1 Season
s3206,Movie,Guatemala: Heart of the Mayan World,Nov-30-2019,2019,TV-G,Nov,67 min
s3207,Movie,The Zoya Factor,Nov-30-2019,2019,TV-14,Nov,135 min
s3208,Movie,Atlantics,Nov-29-2019,2019,TV-14,Nov,106 min
s3209,TV Show,Chip and Potato,Nov-29-2019,2019,TV-Y,Nov,2 Seasons
s3210,Movie,Crazy people,Nov-29-2019,2018,TV-MA,Nov,107 min
s3211,Movie,I Lost My Body,Nov-29-2019,2019,TV-MA,Nov,81 min
s3212,Movie,Kalushi: The Story of Solomon Mahlangu,Nov-29-2019,2016,TV-MA,Nov,107 min
s3213,TV Show,La Reina del Sur,Nov-29-2019,2019,TV-MA,Nov,2 Seasons
s3214,Movie,Lagos Real Fake Life,Nov-29-2019,2018,TV-MA,Nov,118 min
s3215,Movie,Payday,Nov-29-2019,2018,TV-MA,Nov,110 min
s3216,Movie,The Accidental Spy,Nov-29-2019,2017,TV-MA,Nov,104 min
s3217,TV Show,The Charming Stepmom,Nov-29-2019,2019,TV-14,Nov,1 Season
s3218,Movie,The Island,Nov-29-2019,2018,TV-14,Nov,93 min
s3219,Movie,Holiday Rush,Nov-28-2019,2019,TV-PG,Nov,94 min
s3220,TV Show,Levius,Nov-28-2019,2019,TV-14,Nov,1 Season
s3221,TV Show,Lugar de Mulher,Nov-28-2019,2019,TV-MA,Nov,1 Season
s3222,TV Show,Merry Happy Whatever,Nov-28-2019,2019,TV-PG,Nov,1 Season
s3223,TV Show,Mythomaniac,Nov-28-2019,2019,TV-MA,Nov,1 Season
s3224,Movie,Defiance,Nov-27-2019,2008,R,Nov,137 min
s3225,Movie,Evvarikee Cheppoddu,Nov-27-2019,2019,TV-14,Nov,134 min
s3226,Movie,Little Singham: Mahabali,Nov-27-2019,2019,TV-Y7,Nov,69 min
s3227,Movie,The Body Remembers When the World Broke Open,Nov-27-2019,2019,TV-MA,Nov,106 min
s3228,Movie,The Irishman,Nov-27-2019,2019,R,Nov,209 min
s3229,Movie,Mike Birbiglia: The New One,Nov-26-2019,2019,TV-MA,Nov,86 min
s3230,Movie,Super Monsters Save Christmas,Nov-26-2019,2019,TV-Y,Nov,24 min
s3231,TV Show,The Crime,Nov-26-2019,2015,TV-MA,Nov,2 Seasons
s3232,Movie,True: Winter Wishes,Nov-26-2019,2019,TV-Y,Nov,46 min
s3233,TV Show,Zona Rosa,Nov-26-2019,2019,TV-MA,Nov,1 Season
s3234,Movie,Pranaam,Nov-25-2019,2019,TV-14,Nov,117 min
s3235,Movie,What the F* Is Going On?,Nov-25-2019,2019,TV-MA,Nov,87 min
s3236,Movie,Shot Caller,Nov-24-2019,2017,R,Nov,121 min
s3237,TV Show,Once Upon A Time In Lingjian Mountain,Nov-23-2019,2019,TV-14,Nov,1 Season
s3238,Movie,Brother,Nov-22-2019,2019,TV-MA,Nov,97 min
s3239,TV Show,Dolly Parton's Heartstrings,Nov-22-2019,2019,TV-14,Nov,1 Season
s3240,Movie,Girls und Panzer der Film,Nov-22-2019,2015,TV-MA,Nov,121 min
s3241,Movie,Mike Birbiglia: What I Should Have Said Was Nothing: Tales from My Secret Public Journal,Nov-22-2019,2008,TV-MA,Nov,56 min
s3242,TV Show,Nailed It! Holiday!,Nov-22-2019,2019,TV-PG,Nov,2 Seasons
s3243,TV Show,Narcoworld: Dope Stories,Nov-22-2019,2019,TV-MA,Nov,1 Season
s3244,TV Show,Nobody's Looking,Nov-22-2019,2019,TV-MA,Nov,1 Season
s3245,Movie,Shelby American,Nov-22-2019,2019,TV-MA,Nov,119 min
s3246,TV Show,Singapore Social,Nov-22-2019,2019,TV-MA,Nov,1 Season
s3247,TV Show,The Dragon Prince,Nov-22-2019,2019,TV-Y7,Nov,3 Seasons
s3248,TV Show,Trolls: The Beat Goes On!,Nov-22-2019,2019,TV-Y7,Nov,8 Seasons
s3249,Movie,The Knight Before Christmas,Nov-21-2019,2019,TV-14,Nov,93 min
s3250,TV Show,Bangkok Buddies,Nov-20-2019,2019,TV-MA,Nov,1 Season
s3251,Movie,"Bikram: Yogi, Guru, Predator",Nov-20-2019,2019,TV-MA,Nov,86 min
s3252,Movie,Dorasaani,Nov-20-2019,2019,TV-14,Nov,134 min
s3253,TV Show,Holiday Secrets,Nov-20-2019,2019,TV-MA,Nov,1 Season
s3254,Movie,"Lorena, Light-Footed Woman",Nov-20-2019,2019,TV-G,Nov,28 min
s3255,Movie,Mallesham,Nov-20-2019,2019,TV-14,Nov,131 min
s3256,TV Show,Who Killed Little Gregory?,Nov-20-2019,2019,TV-MA,Nov,1 Season
s3257,Movie,Iliza Shlesinger: Unveiled,Nov-19-2019,2019,TV-MA,Nov,78 min
s3258,TV Show,Miss Culinary,Nov-19-2019,2019,TV-14,Nov,1 Season
s3259,TV Show,Candy Online,Nov-17-2019,2019,TV-MA,Nov,1 Season
s3260,Movie,Iron Sky: The Coming Race,Nov-16-2019,2019,TV-MA,Nov,93 min
s3261,Movie,Jeff Dunham: All Over the Map,Nov-16-2019,2014,TV-MA,Nov,84 min
s3262,Movie,Suffragette,Nov-16-2019,2015,PG-13,Nov,107 min
s3263,Movie,The Green Inferno,Nov-16-2019,2013,R,Nov,101 min
s3264,TV Show,At the Dolphin Bay,Nov-15-2019,2003,TV-14,Nov,1 Season
s3265,Movie,Earthquake Bird,Nov-15-2019,2019,R,Nov,107 min
s3266,Movie,El sendero de la anaconda,Nov-15-2019,2019,TV-14,Nov,74 min
s3267,Movie,GO! The Unforgettable Party,Nov-15-2019,2019,TV-PG,Nov,60 min
s3268,Movie,Guna 369,Nov-15-2019,2019,TV-MA,Nov,143 min
s3269,Movie,House Arrest,Nov-15-2019,2019,TV-14,Nov,105 min
s3270,TV Show,I'm with the Band: Nasty Cherry,Nov-15-2019,2019,TV-MA,Nov,1 Season
s3271,TV Show,Inheritors,Nov-15-2019,2013,TV-14,Nov,1 Season
s3272,TV Show,K-On!,Nov-15-2019,2010,TV-PG,Nov,2 Seasons
s3273,Movie,K-on! the movie,Nov-15-2019,2011,TV-PG,Nov,110 min
s3274,Movie,Klaus,Nov-15-2019,2019,PG,Nov,98 min
s3275,TV Show,La Robe De Mariee Des Cieux,Nov-15-2019,2004,TV-MA,Nov,1 Season
s3276,TV Show,Llama Llama,Nov-15-2019,2019,TV-Y,Nov,2 Seasons
s3277,TV Show,My MVP Valentine,Nov-15-2019,2002,TV-PG,Nov,1 Season
s3278,TV Show,My Sassy Girl,Nov-15-2019,2017,TV-14,Nov,1 Season
s3279,Movie,SunGanges,Nov-15-2019,2018,TV-14,Nov,74 min
s3280,TV Show,The Club,Nov-15-2019,2019,TV-MA,Nov,1 Season
s3281,Movie,The Garden of Words,Nov-15-2019,2013,TV-14,Nov,46 min
s3282,TV Show,The Stranded,Nov-15-2019,2019,TV-MA,Nov,1 Season
s3283,TV Show,The Toys That Made Us,Nov-15-2019,2019,TV-14,Nov,3 Seasons
s3284,TV Show,The Yard,Nov-15-2019,2019,TV-MA,Nov,2 Seasons
s3285,TV Show,Westside Story,Nov-15-2019,2003,TV-14,Nov,1 Season
s3286,Movie,Fadily Camara : La plus drôle de tes copines,Nov-14-2019,2019,TV-MA,Nov,54 min
s3287,TV Show,My Dear Warrior,Nov-14-2019,2019,TV-14,Nov,1 Season
s3288,TV Show,Maradona in Mexico,Nov-13-2019,2020,TV-MA,Nov,1 Season
s3289,TV Show,Chief of Staff,Nov-12-2019,2019,TV-14,Nov,2 Seasons
s3290,Movie,Jeff Garlin: Our Man In Chicago,Nov-12-2019,2019,TV-MA,Nov,59 min
s3291,Movie,A Single Man,Nov-11-2019,2009,R,Nov,100 min
s3292,TV Show,Put Your Head on My Shoulder,Nov-11-2019,2019,TV-14,Nov,1 Season
s3293,Movie,To Be of Service,Nov-11-2019,2019,TV-MA,Nov,88 min
s3294,TV Show,Little Things,Nov-9-2019,2019,TV-MA,Nov,3 Seasons
s3295,TV Show,Greatest Events of WWII in Colour,Nov-8-2019,2019,TV-14,Nov,1 Season
s3296,TV Show,Green Eggs and Ham,Nov-8-2019,2019,TV-Y7,Nov,1 Season
s3297,Movie,Let It Snow,Nov-8-2019,2019,PG-13,Nov,93 min
s3298,Movie,Paradise Beach,Nov-8-2019,2019,TV-MA,Nov,94 min
s3299,TV Show,Wild District,Nov-8-2019,2019,TV-MA,Nov,2 Seasons
s3300,Movie,U Turn,Nov-7-2019,2016,TV-14,Nov,121 min
s3301,Movie,Burning Cane,Nov-6-2019,2019,TV-MA,Nov,78 min
s3302,TV Show,SCAMS,Nov-6-2019,2019,TV-14,Nov,1 Season
s3303,Movie,Shadow,Nov-6-2019,2018,TV-14,Nov,116 min
s3304,Movie,Luccas Neto in: Summer Camp,Nov-5-2019,2019,TV-G,Nov,87 min
s3305,TV Show,Sam & Cat,Nov-5-2019,2014,TV-PG,Nov,2 Seasons
s3306,Movie,Seth Meyers: Lobby Baby,Nov-5-2019,2019,TV-MA,Nov,61 min
s3307,TV Show,The End of the F***ing World,Nov-5-2019,2019,TV-MA,Nov,2 Seasons
s3308,Movie,The Lovers,Nov-5-2019,2017,R,Nov,98 min
s3309,Movie,Tune in for Love,Nov-5-2019,2019,TV-MA,Nov,123 min
s3310,Movie,Undercover Brother 2,Nov-5-2019,2019,R,Nov,85 min
s3311,TV Show,Meet the Adebanjos,Nov-4-2019,2016,TV-PG,Nov,3 Seasons
s3312,Movie,Minimalism: A Documentary About the Important Things,Nov-4-2019,2016,TV-14,Nov,78 min
s3313,Movie,Oththa Seruppu Size 7,Nov-4-2019,2019,TV-MA,Nov,103 min
s3314,TV Show,The Devil Next Door,Nov-4-2019,2019,TV-MA,Nov,1 Season
s3315,Movie,100 Things to do Before High School,Nov-2-2019,2014,TV-Y,Nov,44 min
s3316,Movie,A Fairly Odd Summer,Nov-2-2019,2014,TV-Y7,Nov,68 min
s3317,TV Show,Bella and the Bulldogs,Nov-2-2019,2015,TV-G,Nov,1 Season
s3318,Movie,Big Time Movie,Nov-2-2019,2012,TV-PG,Nov,68 min
s3319,Movie,Escape from Mr. Lemoncello’s Library,Nov-2-2019,2017,TV-Y,Nov,69 min
s3320,Movie,Hey Arnold! The Jungle Movie,Nov-2-2019,2017,TV-PG,Nov,81 min
s3321,Movie,Jinxed,Nov-2-2019,2013,TV-Y,Nov,69 min
s3322,Movie,LEGENDS OF THE HIDDEN TEMPLE,Nov-2-2019,2016,TV-PG,Nov,68 min
s3323,Movie,"Liar, Liar, Vampire",Nov-2-2019,2015,TV-PG,Nov,68 min
s3324,Movie,The Boy Who Cried Werewolf,Nov-2-2019,2010,TV-Y,Nov,86 min
s3325,Movie,The Massively Mixed-Up Middle School Mystery,Nov-2-2019,2015,TV-Y,Nov,40 min
s3326,TV Show,Victorious,Nov-2-2019,2013,TV-G,Nov,3 Seasons
s3327,Movie,A Remarkable Tale,Nov-1-2019,2019,TV-MA,Nov,94 min
s3328,TV Show,A Year In Space,Nov-1-2019,2015,TV-PG,Nov,1 Season
s3329,TV Show,Ad Vitam,Nov-1-2019,2018,TV-MA,Nov,1 Season
s3330,Movie,American Son,Nov-1-2019,2019,TV-MA,Nov,90 min
s3331,TV Show,Billy on the Street,Nov-1-2019,2016,TV-14,Nov,4 Seasons
s3332,Movie,Christmas in the Heartland,Nov-1-2019,2017,TV-PG,Nov,112 min
s3333,Movie,Christmas Survival,Nov-1-2019,2018,TV-MA,Nov,101 min
s3334,TV Show,CLANNAD,Nov-1-2019,2008,TV-PG,Nov,2 Seasons
s3335,Movie,Drive,Nov-1-2019,2019,TV-14,Nov,119 min
s3336,Movie,Fire in Paradise,Nov-1-2019,2019,TV-MA,Nov,40 min
s3337,TV Show,Haikyu!!,Nov-1-2019,2015,TV-14,Nov,2 Seasons
s3338,Movie,Holiday in the Wild,Nov-1-2019,2019,TV-PG,Nov,86 min
s3339,Movie,Holly Star,Nov-1-2019,2018,PG,Nov,92 min
s3340,TV Show,"Love, Chunibyo & Other Delusions!",Nov-1-2019,2014,TV-PG,Nov,2 Seasons
s3341,TV Show,Maid-Sama!,Nov-1-2019,2010,TV-14,Nov,1 Season
s3342,TV Show,Mobile Suit Gundam: Iron-Blooded Orphans,Nov-1-2019,2016,TV-14,Nov,2 Seasons
s3343,TV Show,Queer Eye: We're in Japan!,Nov-1-2019,2019,TV-14,Nov,1 Season
s3344,Movie,Santa Girl,Nov-1-2019,2019,TV-PG,Nov,91 min
s3345,TV Show,The Boulet Brothers Dragula,Nov-1-2019,2019,TV-MA,Nov,2 Seasons
s3346,TV Show,The Deep,Nov-1-2019,2019,TV-Y7,Nov,3 Seasons
s3347,Movie,The House of Flowers Presents: The Funeral,Nov-1-2019,2019,TV-MA,Nov,36 min
s3348,Movie,The King,Nov-1-2019,2019,R,Nov,141 min
s3349,Movie,The Man Without Gravity,Nov-1-2019,2019,TV-MA,Nov,107 min
s3350,Movie,The Old Thieves: The Legend of Artegios,Nov-1-2019,2007,TV-MA,Nov,97 min
s3351,Movie,True: Grabbleapple Harvest,Nov-1-2019,2019,TV-Y,Nov,24 min
s3352,TV Show,Vientos de agua,Nov-1-2019,2006,TV-MA,Nov,1 Season
s3353,TV Show,We Are the Wave,Nov-1-2019,2019,TV-MA,Nov,1 Season
s3354,Movie,Zoé: Panoramas,Nov-1-2019,2016,TV-MA,Nov,89 min
s3355,Movie,Grego Rossello: Disculpe las molestias,Oct-31-2019,2019,TV-MA,Oct,65 min
s3356,TV Show,KENGAN ASHURA,Oct-31-2019,2019,TV-MA,Oct,2 Seasons
s3357,TV Show,Nowhere Man,Oct-31-2019,2019,TV-MA,Oct,1 Season
s3358,TV Show,Sleepless Society: Bedtime Wishes,Oct-31-2019,2019,TV-MA,Oct,1 Season
s3359,TV Show,"Bring It On, Ghost",Oct-30-2019,2016,TV-14,Oct,1 Season
s3360,Movie,Mehandi Circus,Oct-30-2019,2019,TV-MA,Oct,126 min
s3361,TV Show,Tomorrow with You,Oct-30-2019,2017,TV-14,Oct,1 Season
s3362,TV Show,Tunnel,Oct-30-2019,2019,TV-14,Oct,1 Season
s3363,Movie,Arsenio Hall: Smart & Classy,Oct-29-2019,2019,TV-MA,Oct,63 min
s3364,TV Show,Shine On with Reese,Oct-29-2019,2018,TV-MA,Oct,1 Season
s3365,Movie,The Road to El Camino: Behind the Scenes of El Camino: A Breaking Bad Movie,Oct-29-2019,2019,TV-14,Oct,14 min
s3366,Movie,A 3 Minute Hug,Oct-28-2019,2019,TV-PG,Oct,28 min
s3367,Movie,Little Miss Sumo,Oct-28-2019,2018,TV-G,Oct,20 min
s3368,TV Show,"Wait, My Youth",Oct-27-2019,2019,TV-PG,Oct,1 Season
s3369,TV Show,A Little Thing Called First Love,Oct-26-2019,2019,TV-G,Oct,1 Season
s3370,TV Show,BoJack Horseman,Oct-25-2019,2020,TV-MA,Oct,6 Seasons
s3371,TV Show,Brotherhood,Oct-25-2019,2019,TV-MA,Oct,1 Season
s3372,Movie,Consequences,Oct-25-2019,2014,TV-MA,Oct,106 min
s3373,Movie,Dolemite Is My Name,Oct-25-2019,2019,R,Oct,118 min
s3374,TV Show,Drug Squad: Costa del Sol,Oct-25-2019,2019,TV-MA,Oct,1 Season
s3375,Movie,It Takes a Lunatic,Oct-25-2019,2019,TV-MA,Oct,127 min
s3376,TV Show,Monzón: A Knockout Blow,Oct-25-2019,2018,TV-MA,Oct,1 Season
s3377,Movie,My Next Guest with David Letterman and Shah Rukh Khan,Oct-25-2019,2019,TV-PG,Oct,61 min
s3378,TV Show,Nailed It! France,Oct-25-2019,2019,TV-14,Oct,1 Season
s3379,TV Show,Nailed It! Spain,Oct-25-2019,2019,TV-PG,Oct,1 Season
s3380,Movie,Rattlesnake,Oct-25-2019,2019,TV-MA,Oct,86 min
s3381,Movie,The Awakening of Motti Wolkenbruch,Oct-25-2019,2018,TV-MA,Oct,94 min
s3382,TV Show,The Untamed,Oct-25-2019,2019,TV-14,Oct,1 Season
s3383,TV Show,Daybreak,Oct-24-2019,2019,TV-MA,Oct,1 Season
s3384,Movie,Echo in the Canyon,Oct-24-2019,2019,PG-13,Oct,82 min
s3385,Movie,Revenge of the Pontianak,Oct-24-2019,2019,TV-14,Oct,92 min
s3386,TV Show,"Breakfast, Lunch & Dinner",Oct-23-2019,2019,TV-MA,Oct,1 Season
s3387,Movie,Dancing with the Birds,Oct-23-2019,2019,TV-PG,Oct,52 min
s3388,Movie,Master Z: The Ip Man Legacy,Oct-23-2019,2018,TV-14,Oct,108 min
s3389,Movie,Jenny Slate: Stage Fright,Oct-22-2019,2019,TV-MA,Oct,67 min
s3390,Movie,Free Fire,Oct-21-2019,2016,R,Oct,91 min
s3391,Movie,Little Singham: Kaal Ki Tabaahi,Oct-19-2019,2019,TV-Y7,Oct,66 min
s3392,Movie,The Command,Oct-19-2019,2018,PG-13,Oct,118 min
s3393,Movie,10 Days in Sun City,Oct-18-2019,2017,TV-14,Oct,87 min
s3394,TV Show,"ChuChu TV Kids Songs, Learning Videos & Bedtime Stories",Oct-18-2019,2019,TV-Y,Oct,1 Season
s3395,Movie,ChuChuTV Bedtime Stories & Moral Stories for Kids (English),Oct-18-2019,2019,TV-Y,Oct,47 min
s3396,Movie,ChuChuTV Bedtime Stories & Moral Stories for Kids (Hindi),Oct-18-2019,2019,TV-Y,Oct,56 min
s3397,Movie,ChuChuTV Surprise Eggs Learning Videos (English),Oct-18-2019,2019,TV-Y,Oct,61 min
s3398,Movie,ChuChuTV Surprise Eggs Learning Videos (Hindi),Oct-18-2019,2019,TV-Y,Oct,34 min
s3399,Movie,Eli,Oct-18-2019,2019,TV-MA,Oct,98 min
s3400,Movie,In My Country,Oct-18-2019,2018,TV-MA,Oct,99 min
s3401,TV Show,Interior Design Masters,Oct-18-2019,2019,TV-PG,Oct,1 Season
s3402,TV Show,Little Baby Bum: Nursery Rhyme Friends,Oct-18-2019,2019,TV-Y,Oct,2 Seasons
s3403,Movie,"Love, Surreal and Odd",Oct-18-2019,2017,TV-14,Oct,95 min
s3404,TV Show,Mighty Little Bheem: Diwali,Oct-18-2019,2019,TV-Y,Oct,1 Season
s3405,TV Show,MONKART,Oct-18-2019,2017,TV-Y7,Oct,1 Season
s3406,Movie,Seventeen,Oct-18-2019,2019,TV-MA,Oct,100 min
s3407,TV Show,Spirit Riding Free: Pony Tales,Oct-18-2019,2019,TV-Y7,Oct,2 Seasons
s3408,Movie,Tatu,Oct-18-2019,2017,TV-MA,Oct,101 min
s3409,Movie,Tell Me Who I Am,Oct-18-2019,2019,TV-MA,Oct,86 min
s3410,Movie,The Laundromat,Oct-18-2019,2019,R,Oct,96 min
s3411,TV Show,Toon,Oct-18-2019,2017,TV-MA,Oct,2 Seasons
s3412,Movie,Up North,Oct-18-2019,2018,TV-14,Oct,99 min
s3413,Movie,Upstarts,Oct-18-2019,2019,TV-14,Oct,112 min
s3414,Movie,Verses of Love 2,Oct-18-2019,2017,TV-14,Oct,127 min
s3415,TV Show,Chosen,Oct-17-2019,2019,TV-14,Oct,2 Seasons
s3416,TV Show,THE UNLISTED,Oct-17-2019,2019,TV-PG,Oct,1 Season
s3417,TV Show,Another Miss Oh,Oct-16-2019,2016,TV-MA,Oct,1 Season
s3418,Movie,Ghosts of Sugar Land,Oct-16-2019,2019,TV-MA,Oct,22 min
s3419,Movie,League of Legends Origins,Oct-16-2019,2019,TV-MA,Oct,78 min
s3420,Movie,Park Na-rae: Glamour Warning,Oct-16-2019,2019,TV-MA,Oct,63 min
s3421,TV Show,Second 20s,Oct-16-2019,2015,TV-14,Oct,1 Season
s3422,Movie,Sinister 2,Oct-16-2019,2015,R,Oct,97 min
s3423,Movie,The Game Changers,Oct-16-2019,2018,TV-MA,Oct,86 min
s3424,TV Show,Black Money Love,Oct-15-2019,2014,TV-MA,Oct,1 Season
s3425,Movie,"Martin Matte: La vie, la mort...eh la la..!",Oct-14-2019,2019,TV-14,Oct,62 min
s3426,Movie,Street Flow,Oct-13-2019,2019,TV-MA,Oct,96 min
s3427,TV Show,The Lies Within,Oct-13-2019,2019,TV-14,Oct,1 Season
s3428,Movie,Bygones Be Bygones,Oct-11-2019,2017,TV-MA,Oct,104 min
s3429,Movie,El Camino: A Breaking Bad Movie,Oct-11-2019,2019,TV-MA,Oct,123 min
s3430,Movie,Fractured,Oct-11-2019,2019,TV-MA,Oct,100 min
s3431,TV Show,Insatiable,Oct-11-2019,2019,TV-MA,Oct,2 Seasons
s3432,Movie,The Bling Lagosians,Oct-11-2019,2019,TV-14,Oct,99 min
s3433,Movie,The Forest of Love,Oct-11-2019,2019,TV-MA,Oct,151 min
s3434,TV Show,The Hook Up Plan,Oct-11-2019,2020,TV-MA,Oct,2 Seasons
s3435,Movie,The Influence,Oct-11-2019,2019,TV-MA,Oct,102 min
s3436,TV Show,Beyblade Burst Turbo,Oct-10-2019,2018,TV-Y7,Oct,1 Season
s3437,Movie,GEN HOSHINO STADIUM TOUR “POP VIRUS”,Oct-10-2019,2019,TV-14,Oct,154 min
s3438,TV Show,Ultramarine Magmell,Oct-10-2019,2019,TV-14,Oct,1 Season
s3439,Movie,After,Oct-9-2019,2019,PG-13,Oct,106 min
s3440,Movie,Home Is Where the Killer Is,Oct-9-2019,2019,TV-14,Oct,87 min
s3441,TV Show,Rhythm + Flow,Oct-9-2019,2019,TV-MA,Oct,1 Season
s3442,Movie,Deon Cole: Cole Hearted,Oct-8-2019,2019,TV-MA,Oct,70 min
s3443,Movie,The Spooky Tale of Captain Underpants Hack-a-ween,Oct-8-2019,2019,TV-Y7,Oct,46 min
s3444,Movie,Love for Sale,Oct-6-2019,2018,TV-14,Oct,101 min
s3445,TV Show,Legend Quest: Masters of Myth,Oct-5-2019,2019,TV-Y7,Oct,1 Season
s3446,TV Show,My Country: The New Age,Oct-5-2019,2019,TV-14,Oct,1 Season
s3447,Movie,Noblemen,Oct-5-2019,2019,TV-MA,Oct,109 min
s3448,Movie,A Plastic Ocean,Oct-4-2019,2016,TV-14,Oct,100 min
s3449,Movie,Brother in Love,Oct-4-2019,2019,TV-MA,Oct,110 min
s3450,TV Show,Creeped Out,Oct-4-2019,2019,TV-PG,Oct,2 Seasons
s3451,Movie,In the Tall Grass,Oct-4-2019,2019,TV-MA,Oct,102 min
s3452,Movie,Kids on the Block,Oct-4-2019,2019,TV-PG,Oct,102 min
s3453,TV Show,Peaky Blinders,Oct-4-2019,2019,TV-MA,Oct,5 Seasons
s3454,TV Show,Raising Dion,Oct-4-2019,2019,TV-PG,Oct,1 Season
s3455,TV Show,Rotten,Oct-4-2019,2019,TV-MA,Oct,2 Seasons
s3456,TV Show,Super Monsters,Oct-4-2019,2019,TV-Y,Oct,3 Seasons
s3457,Movie,Super Monsters: Vida's First Halloween,Oct-4-2019,2019,TV-Y,Oct,24 min
s3458,TV Show,Seis Manos,Oct-3-2019,2019,TV-MA,Oct,1 Season
s3459,TV Show,Living Undocumented,Oct-2-2019,2019,TV-MA,Oct,1 Season
s3460,Movie,Ready to Mingle,Oct-2-2019,2019,TV-MA,Oct,98 min
s3461,Movie,Salam - The First ****** Nobel Laureate,Oct-2-2019,2018,TV-PG,Oct,76 min
s3462,TV Show,Cheese in the Trap,Oct-1-2019,2016,TV-14,Oct,1 Season
s3463,TV Show,Chicago Typewriter,Oct-1-2019,2017,TV-14,Oct,1 Season
s3464,TV Show,College Romance,Oct-1-2019,2018,TV-MA,Oct,1 Season
s3465,TV Show,Engineering Girls,Oct-1-2019,2018,TV-MA,Oct,1 Season
s3466,Movie,First Kiss,Oct-1-2019,2018,TV-14,Oct,90 min
s3467,TV Show,Girls Hostel,Oct-1-2019,2018,TV-MA,Oct,1 Season
s3468,TV Show,Inmates,Oct-1-2019,2017,TV-MA,Oct,1 Season
s3469,Movie,Limitless,Oct-1-2019,2017,TV-PG,Oct,59 min
s3470,Movie,Little Baby Bum: Go Buster,Oct-1-2019,2019,TV-Y,Oct,58 min
s3471,TV Show,Miniforce X,Oct-1-2019,2018,TV-Y7,Oct,1 Season
s3472,Movie,Nikki Glaser: Bangin’,Oct-1-2019,2019,TV-MA,Oct,64 min
s3473,Movie,Rugrats in Paris: The Movie,Oct-1-2019,2000,G,Oct,79 min
s3474,TV Show,The K2,Oct-1-2019,2016,TV-14,Oct,1 Season
s3475,TV Show,The Liar and His Lover,Oct-1-2019,2017,TV-PG,Oct,1 Season
s3476,Movie,The Rugrats Movie,Oct-1-2019,1998,G,Oct,81 min
s3477,Movie,The Squid and the Whale,Oct-1-2019,2005,R,Oct,81 min
s3478,TV Show,Gotham,Sep-30-2019,2019,TV-MA,Sep,5 Seasons
s3479,Movie,Mo Gilligan: Momentum,Sep-30-2019,2019,TV-MA,Sep,64 min
s3480,Movie,Cultivating the Seas: History and Future of the Full-Cycle Cultured Kindai Tuna,Sep-28-2019,2019,TV-PG,Sep,45 min
s3481,Movie,TUNA GIRL,Sep-28-2019,2019,TV-PG,Sep,90 min
s3482,TV Show,Bard of Blood,Sep-27-2019,2019,TV-MA,Sep,1 Season
s3483,Movie,Deliha 2,Sep-27-2019,2018,TV-PG,Sep,102 min
s3484,TV Show,El Marginal,Sep-27-2019,2019,TV-MA,Sep,3 Seasons
s3485,Movie,In the Shadow of the Moon,Sep-27-2019,2019,TV-MA,Sep,116 min
s3486,Movie,Sturgill Simpson Presents Sound & Fury,Sep-27-2019,2019,TV-MA,Sep,42 min
s3487,Movie,Malaal,Sep-26-2019,2019,TV-14,Sep,133 min
s3488,Movie,The Grandmaster,Sep-26-2019,2013,PG-13,Sep,108 min
s3489,TV Show,The Inmate,Sep-26-2019,2018,TV-MA,Sep,1 Season
s3490,TV Show,Abstract: The Art of Design,Sep-25-2019,2019,TV-14,Sep,2 Seasons
s3491,Movie,Birders,Sep-25-2019,2019,TV-G,Sep,38 min
s3492,TV Show,Glitch,Sep-25-2019,2019,TV-MA,Sep,3 Seasons
s3493,Movie,Oh! Baby (Malayalam),Sep-25-2019,2019,TV-14,Sep,146 min
s3494,Movie,Oh! Baby (Tamil),Sep-25-2019,2019,TV-14,Sep,146 min
s3495,Movie,Inside Man: Most Wanted,Sep-24-2019,2019,R,Sep,106 min
s3496,Movie,Jeff Dunham: Beside Himself,Sep-24-2019,2019,TV-MA,Sep,58 min
s3497,Movie,Manmadhudu 2,Sep-23-2019,2019,TV-MA,Sep,152 min
s3498,Movie,Under the Eiffel Tower,Sep-23-2019,2018,TV-MA,Sep,87 min
s3499,Movie,Do Paise Ki Dhoop Chaar Aane Ki Baarish,Sep-22-2019,2009,TV-MA,Sep,121 min
s3500,TV Show,Vagabond,Sep-21-2019,2019,TV-MA,Sep,1 Season
s3501,Movie,Between Two Ferns: The Movie,Sep-20-2019,2019,TV-MA,Sep,83 min
s3502,TV Show,Criminal: France,Sep-20-2019,2019,TV-MA,Sep,1 Season
s3503,TV Show,Criminal: Germany,Sep-20-2019,2019,TV-MA,Sep,1 Season
s3504,TV Show,Criminal: Spain,Sep-20-2019,2019,TV-MA,Sep,1 Season
s3505,TV Show,Fastest Car,Sep-20-2019,2019,TV-MA,Sep,2 Seasons
s3506,TV Show,Inside Bill's Brain: Decoding Bill Gates,Sep-20-2019,2019,TV-14,Sep,1 Season
s3507,TV Show,The Hockey Girls,Sep-20-2019,2019,TV-MA,Sep,1 Season
s3508,Movie,Travel Mates 2,Sep-20-2019,2018,TV-MA,Sep,111 min
s3509,Movie,True: Tricky Treat Day,Sep-20-2019,2019,TV-Y,Sep,24 min
s3510,Movie,Kabir Singh,Sep-19-2019,2019,TV-MA,Sep,171 min
s3511,TV Show,When the Camellia Blooms,Sep-18-2019,2019,TV-14,Sep,1 Season
s3512,Movie,Avengement,Sep-17-2019,2019,TV-MA,Sep,88 min
s3513,Movie,Sebastian Maniscalco: What's Wrong with People?,Sep-17-2019,2012,TV-MA,Sep,76 min
s3514,Movie,Los Tigres del Norte at Folsom Prison,Sep-15-2019,2019,TV-PG,Sep,64 min
s3515,Movie,Steal a Pencil for Me,Sep-15-2019,2006,TV-14,Sep,94 min
s3516,TV Show,Surviving R. Kelly,Sep-15-2019,2019,TV-MA,Sep,1 Season
s3517,Movie,Oh! Baby,Sep-14-2019,2019,TV-14,Sep,157 min
s3518,Movie,The Crystal Calls Making the Dark Crystal: Age of Resistance,Sep-14-2019,2019,TV-PG,Sep,83 min
s3519,Movie,"Hello, Privilege. It's Me, Chelsea",Sep-13-2019,2019,TV-MA,Sep,65 min
s3520,TV Show,Kabaneri of the Iron Fortress: The Battle of Unato,Sep-13-2019,2019,TV-MA,Sep,1 Season
s3521,Movie,Locked on You,Sep-13-2019,2018,TV-14,Sep,105 min
s3522,TV Show,Marianne,Sep-13-2019,2019,TV-MA,Sep,1 Season
s3523,Movie,Shanghai Fortress,Sep-13-2019,2019,TV-14,Sep,107 min
s3524,Movie,Tall Girl,Sep-13-2019,2019,TV-PG,Sep,103 min
s3525,TV Show,Top Boy,Sep-13-2019,2019,TV-MA,Sep,1 Season
s3526,TV Show,Unbelievable,Sep-13-2019,2019,TV-MA,Sep,1 Season
s3527,TV Show,The I-Land,Sep-12-2019,2019,TV-MA,Sep,1 Season
s3528,TV Show,"The Mind, Explained",Sep-12-2019,2019,TV-14,Sep,1 Season
s3529,Movie,Bill Burr: Paper Tiger,Sep-10-2019,2019,TV-MA,Sep,67 min
s3530,Movie,Evelyn,Sep-10-2019,2019,TV-MA,Sep,96 min
s3531,Movie,Article 15,Sep-6-2019,2019,TV-MA,Sep,125 min
s3532,Movie,Care of Kancharapalem,Sep-6-2019,2018,TV-MA,Sep,142 min
s3533,Movie,Ee Nagaraniki Emaindi,Sep-6-2019,2018,TV-14,Sep,133 min
s3534,Movie,Kill Me If You Dare,Sep-6-2019,2019,TV-14,Sep,100 min
s3535,TV Show,The Spy,Sep-6-2019,2019,TV-MA,Sep,1 Season
s3536,Movie,American Factory: A Conversation with the Obamas,Sep-5-2019,2019,TV-G,Sep,10 min
s3537,Movie,Saawan,Sep-4-2019,2016,TV-14,Sep,128 min
s3538,Movie,Watchman,Sep-4-2019,2019,TV-14,Sep,93 min
s3539,Movie,Elena,Sep-1-2019,2012,TV-MA,Sep,81 min
s3540,TV Show,Loo Loo Kids: Johny & Friends Musical Adventures,Sep-1-2019,2016,TV-Y,Sep,1 Season
s3541,TV Show,Moving Art,Sep-1-2019,2018,TV-G,Sep,3 Seasons
s3542,TV Show,Naruto,Sep-1-2019,2006,TV-14,Sep,9 Seasons
s3543,Movie,Olmo & the Seagull,Sep-1-2019,2014,TV-MA,Sep,82 min
s3544,TV Show,Serial Killer with Piers Morgan,Sep-1-2019,2018,TV-14,Sep,1 Season
s3545,Movie,Spookley the Square Pumpkin,Sep-1-2019,2004,G,Sep,47 min
s3546,Movie,Uncle Naji in UAE,Sep-1-2019,2019,TV-14,Sep,95 min
s3547,TV Show,Luo Bao Bei,Aug-31-2019,2018,TV-Y,Aug,1 Season
s3548,Movie,Back to School,Aug-30-2019,2019,TV-MA,Aug,84 min
s3549,Movie,Feo pero sabroso,Aug-30-2019,2018,TV-MA,Aug,91 min
s3550,Movie,Mi amigo Alexis,Aug-30-2019,2019,TV-PG,Aug,102 min
s3551,TV Show,Styling Hollywood,Aug-30-2019,2019,TV-14,Aug,1 Season
s3552,TV Show,The Dark Crystal: Age of Resistance,Aug-30-2019,2019,TV-PG,Aug,1 Season
s3553,TV Show,The Good Bandit,Aug-30-2019,2018,TV-MA,Aug,1 Season
s3554,TV Show,True and the Rainbow Kingdom,Aug-30-2019,2019,TV-Y,Aug,3 Seasons
s3555,Movie,Unbridled,Aug-30-2019,2018,TV-MA,Aug,100 min
s3556,Movie,Falling Inn Love,Aug-29-2019,2019,TV-PG,Aug,98 min
s3557,Movie,Kardec,Aug-29-2019,2019,TV-14,Aug,110 min
s3558,Movie,Travis Scott: Look Mom I Can Fly,Aug-28-2019,2019,TV-MA,Aug,85 min
s3559,TV Show,Million Pound Menu,Aug-27-2019,2019,TV-MA,Aug,2 Seasons
s3560,Movie,Dave Chappelle: Sticks & Stones,Aug-26-2019,2019,TV-MA,Aug,66 min
s3561,Movie,Drink Drank Drunk,Aug-24-2019,2016,TV-MA,Aug,92 min
s3562,TV Show,13 Reasons Why: Beyond the Reasons,Aug-23-2019,2019,TV-MA,Aug,3 Seasons
s3563,TV Show,HERO MASK,Aug-23-2019,2019,TV-14,Aug,2 Seasons
s3564,Movie,Kaake Da Viyah,Aug-23-2019,2019,TV-PG,Aug,133 min
s3565,Movie,Marriage Palace,Aug-23-2019,2018,TV-14,Aug,135 min
s3566,Movie,Mayday Life,Aug-23-2019,2019,TV-PG,Aug,120 min
s3567,Movie,Saavat,Aug-23-2019,2019,TV-14,Aug,118 min
s3568,Movie,American Factory,Aug-21-2019,2019,TV-14,Aug,110 min
s3569,Movie,Game Over (Hindi Version),Aug-21-2019,2019,TV-MA,Aug,98 min
s3570,Movie,Game Over (Tamil Version),Aug-21-2019,2019,TV-MA,Aug,98 min
s3571,Movie,Game Over (Telugu Version),Aug-21-2019,2019,TV-MA,Aug,98 min
s3572,TV Show,Hyperdrive,Aug-21-2019,2019,TV-PG,Aug,1 Season
s3573,Movie,The Girl Allergic to Wi-Fi,Aug-21-2019,2018,TV-MA,Aug,104 min
s3574,Movie,Our Planet - Behind The Scenes,Aug-20-2019,2019,TV-G,Aug,63 min
s3575,Movie,Simon Amstell: Set Free,Aug-20-2019,2019,TV-MA,Aug,52 min
s3576,TV Show,45 rpm,Aug-16-2019,2019,TV-MA,Aug,1 Season
s3577,TV Show,Apache: The Life of Carlos Tevez,Aug-16-2019,2019,TV-MA,Aug,1 Season
s3578,TV Show,Better Than Us,Aug-16-2019,2019,TV-MA,Aug,1 Season
s3579,TV Show,Diagnosis,Aug-16-2019,2019,TV-14,Aug,1 Season
s3580,TV Show,Green Frontier,Aug-16-2019,2019,TV-MA,Aug,1 Season
s3581,Movie,Invader Zim: Enter the Florpus,Aug-16-2019,2019,TV-Y7,Aug,72 min
s3582,TV Show,MINDHUNTER,Aug-16-2019,2019,TV-MA,Aug,2 Seasons
s3583,Movie,Selfless,Aug-16-2019,2015,PG-13,Aug,117 min
s3584,Movie,Sextuplets,Aug-16-2019,2019,TV-14,Aug,100 min
s3585,Movie,Super Monsters Back to School,Aug-16-2019,2019,TV-Y,Aug,24 min
s3586,TV Show,The King's Avatar,Aug-16-2019,2019,TV-MA,Aug,1 Season
s3587,Movie,The Little Switzerland,Aug-16-2019,2019,TV-MA,Aug,86 min
s3588,TV Show,Victim Number 8,Aug-16-2019,2018,TV-MA,Aug,1 Season
s3589,TV Show,Cannon Busters,Aug-15-2019,2019,TV-MA,Aug,1 Season
s3590,TV Show,Sacred Games,Aug-15-2019,2019,TV-MA,Aug,2 Seasons
s3591,TV Show,Til Death Do Us Part,Aug-15-2019,2019,TV-MA,Aug,1 Season
s3592,Movie,Whindersson Nunes: Adult,Aug-15-2019,2019,TV-MA,Aug,69 min
s3593,TV Show,Happy Jail,Aug-14-2019,2019,TV-MA,Aug,1 Season
s3594,Movie,Uyare,Aug-14-2019,2019,TV-14,Aug,119 min
s3595,Movie,90 ML,Aug-13-2019,2019,TV-MA,Aug,123 min
s3596,Movie,Calum von Moger: Unbroken,Aug-13-2019,2019,TV-MA,Aug,93 min
s3597,Movie,Hasta los dientes,Aug-13-2019,2018,TV-MA,Aug,109 min
s3598,TV Show,Knightfall,Aug-13-2019,2019,TV-MA,Aug,2 Seasons
s3599,TV Show,DC Super Hero Girls,Aug-12-2019,2019,TV-Y7,Aug,1 Season
s3600,Movie,Colin Quinn: Red State Blue State,Aug-9-2019,2019,TV-14,Aug,66 min
s3601,TV Show,GLOW,Aug-9-2019,2019,TV-MA,Aug,3 Seasons
s3602,TV Show,IZombie,Aug-9-2019,2019,TV-MA,Aug,5 Seasons
s3603,Movie,Jaoon Kahan Bata Ae Dil,Aug-9-2019,2018,TV-MA,Aug,107 min
s3604,Movie,Rocko's Modern Life: Static Cling,Aug-9-2019,2019,TV-Y7,Aug,46 min
s3605,TV Show,Sintonia,Aug-9-2019,2019,TV-MA,Aug,1 Season
s3606,TV Show,The Family,Aug-9-2019,2019,TV-14,Aug,1 Season
s3607,TV Show,Bad Guys,Aug-8-2019,2014,TV-MA,Aug,1 Season
s3608,TV Show,Dollar,Aug-8-2019,2019,TV-MA,Aug,1 Season
s3609,TV Show,Jane The Virgin,Aug-8-2019,2019,TV-14,Aug,5 Seasons
s3610,TV Show,Let's Eat 2,Aug-8-2019,2015,TV-MA,Aug,1 Season
s3611,TV Show,Let’s Eat,Aug-8-2019,2013,TV-PG,Aug,1 Season
s3612,TV Show,Misaeng,Aug-8-2019,2014,TV-MA,Aug,1 Season
s3613,TV Show,Oh My Ghost,Aug-8-2019,2015,TV-MA,Aug,1 Season
s3614,TV Show,Reply 1994,Aug-8-2019,2014,TV-MA,Aug,1 Season
s3615,TV Show,Reply 1997,Aug-8-2019,2012,TV-MA,Aug,1 Season
s3616,TV Show,Wu Assassins,Aug-8-2019,2019,TV-MA,Aug,1 Season
s3617,Movie,Badla,Aug-7-2019,2019,TV-14,Aug,117 min
s3618,Movie,Theo Von: No Offense,Aug-7-2019,2016,TV-MA,Aug,67 min
s3619,Movie,Crazy Beautiful You,Aug-6-2019,2015,TV-14,Aug,114 min
s3620,Movie,I'm Brent Morin,Aug-6-2019,2015,TV-MA,Aug,67 min
s3621,Movie,Jim Jefferies : BARE,Aug-6-2019,2014,TV-MA,Aug,77 min
s3622,Movie,Screwball,Aug-6-2019,2018,TV-MA,Aug,105 min
s3623,Movie,Sebastian Maniscalco: Why Would You Do That,Aug-6-2019,2016,TV-MA,Aug,63 min
s3624,Movie,Enter the Anime,Aug-5-2019,2019,TV-MA,Aug,59 min
s3625,TV Show,No Good Nick,Aug-5-2019,2019,TV-PG,Aug,2 Seasons
s3626,Movie,No One Will Ever Know,Aug-5-2019,2017,TV-MA,Aug,102 min
s3627,Movie,Misfit,Aug-3-2019,2017,TV-14,Aug,81 min
s3628,TV Show,Basketball or Nothing,Aug-2-2019,2019,TV-PG,Aug,1 Season
s3629,Movie,Léa & I,Aug-2-2019,2019,TV-MA,Aug,84 min
s3630,Movie,Otherhood,Aug-2-2019,2019,R,Aug,101 min
s3631,Movie,Uriyadi 2,Aug-2-2019,2019,TV-14,Aug,116 min
s3632,Movie,Manu,Aug-1-2019,2018,TV-14,Aug,177 min
s3633,TV Show,Sleepless Society: Nyctophobia,Aug-1-2019,2019,TV-MA,Aug,1 Season
s3634,TV Show,The Letdown,Jul-31-2019,2019,TV-MA,Jul,2 Seasons
s3635,Movie,The Red Sea Diving Resort,Jul-31-2019,2019,TV-MA,Jul,130 min
s3636,Movie,Whitney Cummings: Can I Touch It?,Jul-30-2019,2019,TV-MA,Jul,59 min
s3637,TV Show,Twelve Forever,Jul-29-2019,2019,TV-PG,Jul,1 Season
s3638,Movie,Boi,Jul-26-2019,2018,TV-MA,Jul,111 min
s3639,Movie,Eerie,Jul-26-2019,2019,TV-14,Jul,100 min
s3640,Movie,Girls With Balls,Jul-26-2019,2019,TV-MA,Jul,77 min
s3641,TV Show,My First First Love,Jul-26-2019,2019,TV-14,Jul,2 Seasons
s3642,Movie,The Son,Jul-26-2019,2019,TV-MA,Jul,93 min
s3643,TV Show,Another Life,Jul-25-2019,2019,TV-MA,Jul,1 Season
s3644,Movie,The Great Hack,Jul-24-2019,2019,TV-MA,Jul,114 min
s3645,TV Show,Beat Bugs,Jul-21-2019,2018,TV-Y,Jul,3 Seasons
s3646,Movie,D.L. Hughley: Contrarian,Jul-21-2019,2018,TV-MA,Jul,58 min
s3647,Movie,Demetri Martin: The Overthinker,Jul-21-2019,2018,TV-MA,Jul,56 min
s3648,Movie,The Beast Stalker,Jul-21-2019,2008,TV-14,Jul,110 min
s3649,Movie,The Midas Touch,Jul-21-2019,2013,TV-14,Jul,98 min
s3650,Movie,The Twins Effect II,Jul-21-2019,2004,TV-14,Jul,106 min
s3651,Movie,Twins Mission,Jul-21-2019,2007,TV-MA,Jul,102 min
s3652,TV Show,Sexy Central,Jul-20-2019,2019,TV-MA,Jul,1 Season
s3653,Movie,"¡Ay, mi madre!",Jul-19-2019,2019,TV-MA,Jul,81 min
s3654,TV Show,Comedians in Cars Getting Coffee,Jul-19-2019,2019,TV-14,Jul,6 Seasons
s3655,TV Show,The Epic Tales of Captain Underpants,Jul-19-2019,2019,TV-Y7,Jul,3 Seasons
s3656,TV Show,Typewriter,Jul-19-2019,2019,TV-MA,Jul,1 Season
s3657,TV Show,Rookie Historian Goo Hae-Ryung,Jul-18-2019,2019,TV-14,Jul,1 Season
s3658,Movie,Secret Obsession,Jul-18-2019,2019,TV-14,Jul,98 min
s3659,Movie,Mauli,Jul-17-2019,2018,TV-14,Jul,136 min
s3660,TV Show,Pinky Malinky,Jul-17-2019,2019,TV-Y7,Jul,3 Seasons
s3661,TV Show,Unrequited Love,Jul-17-2019,2019,TV-14,Jul,1 Season
s3662,Movie,Bogda,Jul-16-2019,2018,TV-PG,Jul,161 min
s3663,Movie,"Frankenstein’s Monster’s Monster, Frankenstein",Jul-16-2019,2019,TV-14,Jul,32 min
s3664,TV Show,Angel Beats!,Jul-15-2019,2010,TV-PG,Jul,1 Season
s3665,TV Show,Anohana: The Flower We Saw That Day,Jul-15-2019,2011,TV-14,Jul,1 Season
s3666,TV Show,God Eater,Jul-15-2019,2015,TV-14,Jul,1 Season
s3667,TV Show,GRANBLUE FANTASY the Animation,Jul-15-2019,2017,TV-PG,Jul,1 Season
s3668,TV Show,3Below: Tales of Arcadia,Jul-12-2019,2019,TV-Y7,Jul,2 Seasons
s3669,Movie,4L,Jul-12-2019,2019,TV-MA,Jul,105 min
s3670,TV Show,Bonus Family,Jul-12-2019,2019,TV-MA,Jul,3 Seasons
s3671,Movie,Cities of Last Things,Jul-12-2019,2018,TV-MA,Jul,106 min
s3672,TV Show,Extreme Engagement,Jul-12-2019,2019,TV-MA,Jul,1 Season
s3673,Movie,Kidnapping Stella,Jul-12-2019,2019,TV-MA,Jul,90 min
s3674,TV Show,One Spring Night,Jul-12-2019,2019,TV-14,Jul,1 Season
s3675,TV Show,PILI Fantasy: War of Dragons,Jul-12-2019,2019,TV-14,Jul,1 Season
s3676,Movie,Point Blank,Jul-12-2019,2019,TV-MA,Jul,87 min
s3677,Movie,The Milk System,Jul-12-2019,2017,TV-14,Jul,91 min
s3678,TV Show,True Tunes,Jul-12-2019,2019,TV-Y,Jul,1 Season
s3679,Movie,Parchís: the Documentary,Jul-11-2019,2019,TV-14,Jul,106 min
s3680,Movie,Aziz Ansari: RIGHT NOW,Jul-9-2019,2019,TV-MA,Jul,65 min
s3681,TV Show,Free Rein,Jul-6-2019,2019,TV-G,Jul,3 Seasons
s3682,Movie,"River, el más grande siempre",Jul-5-2019,2019,TV-G,Jul,105 min
s3683,TV Show,The Legend of White Snake,Jul-5-2019,2019,TV-14,Jul,1 Season
s3684,Movie,Cristina,Jul-4-2019,2016,TV-14,Jul,40 min
s3685,TV Show,Kakegurui,Jul-4-2019,2019,TV-MA,Jul,2 Seasons
s3686,TV Show,Stranger Things,Jul-4-2019,2019,TV-14,Jul,3 Seasons
s3687,TV Show,The Last Czars,Jul-3-2019,2019,TV-MA,Jul,1 Season
s3688,TV Show,Yummy Mummies,Jul-3-2019,2019,TV-MA,Jul,2 Seasons
s3689,TV Show,Bangkok Love Stories: Objects of Affection,Jul-2-2019,2019,TV-14,Jul,1 Season
s3690,TV Show,Bangkok Love Stories: Plead,Jul-2-2019,2019,TV-14,Jul,1 Season
s3691,TV Show,Designated Survivor: 60 Days,Jul-2-2019,2019,TV-14,Jul,1 Season
s3692,TV Show,DreamWorks Kung Fu Panda Awesome Secrets,Jul-1-2019,2008,TV-PG,Jul,1 Season
s3693,TV Show,Hatchimals | Adventures in Hatchtopia,Jul-1-2019,2018,TV-Y,Jul,2 Seasons
s3694,Movie,Katherine Ryan: Glitter Room,Jul-1-2019,2019,TV-MA,Jul,66 min
s3695,TV Show,Molang,Jul-1-2019,2015,TV-Y,Jul,1 Season
s3696,TV Show,Rabbids Invasion,Jul-1-2019,2018,TV-Y7,Jul,1 Season
s3697,TV Show,Record of Grancrest War,Jul-1-2019,2018,TV-MA,Jul,1 Season
s3698,Movie,War Against Women,Jul-1-2019,2013,TV-MA,Jul,61 min
s3699,Movie,Inhuman Kiss,Jun-30-2019,2019,TV-MA,Jun,122 min
s3700,Movie,Romeo Akbar Walter,Jun-30-2019,2019,TV-14,Jun,141 min
s3701,TV Show,Scare Tactics,Jun-30-2019,2011,TV-MA,Jun,2 Seasons
s3702,Movie,Super Deluxe,Jun-29-2019,2019,TV-MA,Jun,176 min
s3703,TV Show,Dope,Jun-28-2019,2019,TV-MA,Jun,3 Seasons
s3704,Movie,El testigo,Jun-28-2019,2018,TV-14,Jun,73 min
s3705,TV Show,Exhibit A,Jun-28-2019,2019,TV-MA,Jun,1 Season
s3706,TV Show,Instant Hotel,Jun-28-2019,2019,TV-MA,Jun,2 Seasons
s3707,Movie,La Leyenda del Diamante,Jun-28-2019,2017,TV-MA,Jun,87 min
s3708,TV Show,Motown Magic,Jun-28-2019,2019,TV-Y,Jun,2 Seasons
s3709,TV Show,Paquita Salas,Jun-28-2019,2018,TV-MA,Jun,3 Seasons
s3710,Movie,ANIMA,Jun-27-2019,2019,TV-PG,Jun,15 min
s3711,TV Show,Answer for Heaven,Jun-27-2019,2019,TV-MA,Jun,1 Season
s3712,Movie,Daniel Sosa: Maleducado,Jun-27-2019,2019,TV-MA,Jun,55 min
s3713,Movie,Hikaru Utada Laughter in the Dark Tour 2018,Jun-26-2019,2018,TV-PG,Jun,141 min
s3714,Movie,Kahaani,Jun-26-2019,2012,TV-14,Jun,122 min
s3715,Movie,Unbroken,Jun-26-2019,2019,TV-14,Jun,109 min
s3716,Movie,Mike Epps: Only One Mike,Jun-25-2019,2019,TV-MA,Jun,63 min
s3717,TV Show,Forest of Piano,Jun-24-2019,2019,TV-14,Jun,2 Seasons
s3718,Movie,Triple Threat,Jun-22-2019,2019,R,Jun,96 min
s3719,Movie,Blood Will Tell,Jun-21-2019,2019,TV-MA,Jun,113 min
s3720,TV Show,Bolívar,Jun-21-2019,2019,TV-MA,Jun,1 Season
s3721,Movie,EVANGELION: DEATH (TRUE)²,Jun-21-2019,1998,TV-MA,Jun,69 min
s3722,TV Show,Girls Incarcerated,Jun-21-2019,2019,TV-MA,Jun,2 Seasons
s3723,TV Show,Go! Live Your Way,Jun-21-2019,2019,TV-PG,Jun,2 Seasons
s3724,TV Show,Magi: The Labyrinth of Magic,Jun-21-2019,2013,TV-MA,Jun,2 Seasons
s3725,TV Show,Neon Genesis Evangelion,Jun-21-2019,1995,TV-MA,Jun,1 Season
s3726,TV Show,Shooter,Jun-21-2019,2018,TV-14,Jun,3 Seasons
s3727,TV Show,The Casketeers,Jun-21-2019,2019,TV-14,Jun,2 Seasons
s3728,TV Show,The Confession Tapes,Jun-21-2019,2019,TV-MA,Jun,2 Seasons
s3729,Movie,The End of Evangelion,Jun-21-2019,1997,TV-MA,Jun,87 min
s3730,Movie,Rakkhosh,Jun-20-2019,2019,TV-MA,Jun,116 min
s3731,Movie,The Wolf's Call,Jun-20-2019,2019,TV-14,Jun,116 min
s3732,Movie,Beats,Jun-19-2019,2019,TV-MA,Jun,110 min
s3733,Movie,The Edge of Democracy,Jun-19-2019,2019,TV-14,Jun,122 min
s3734,Movie,Adam Devine: Best Time of Our Lives,Jun-18-2019,2019,TV-MA,Jun,59 min
s3735,Movie,Cop Car,Jun-16-2019,2015,R,Jun,88 min
s3736,Movie,Right Here Right Now,Jun-16-2019,2018,TV-MA,Jun,91 min
s3737,TV Show,Fate/Zero,Jun-15-2019,2012,TV-MA,Jun,2 Seasons
s3738,TV Show,Kill la Kill,Jun-15-2019,2014,TV-MA,Jun,1 Season
s3739,Movie,Life Overtakes Me,Jun-15-2019,2019,TV-PG,Jun,40 min
s3740,Movie,Luckee,Jun-15-2019,2019,TV-14,Jun,113 min
s3741,Movie,Pihu,Jun-15-2019,2018,TV-14,Jun,90 min
s3742,TV Show,Puella Magi Madoka Magica,Jun-15-2019,2011,TV-14,Jun,1 Season
s3743,TV Show,Somewhere Only We Know,Jun-15-2019,2019,TV-MA,Jun,1 Season
s3744,TV Show,The Alcàsser Murders,Jun-15-2019,2019,TV-MA,Jun,1 Season
s3745,TV Show,Unit 42,Jun-15-2019,2017,TV-MA,Jun,1 Season
s3746,TV Show,Awake: The Million Dollar Game,Jun-14-2019,2019,TV-PG,Jun,1 Season
s3747,TV Show,Black Spot,Jun-14-2019,2019,TV-MA,Jun,2 Seasons
s3748,Movie,DJ Cinderella,Jun-14-2019,2019,TV-PG,Jun,95 min
s3749,TV Show,El desconocido,Jun-14-2019,2019,TV-MA,Jun,2 Seasons
s3750,TV Show,Girlfriends' Guide to Divorce,Jun-14-2019,2019,TV-MA,Jun,5 Seasons
s3751,TV Show,Leila,Jun-14-2019,2019,TV-MA,Jun,1 Season
s3752,TV Show,Marlon,Jun-14-2019,2018,TV-14,Jun,2 Seasons
s3753,TV Show,Marvel's Jessica Jones,Jun-14-2019,2019,TV-MA,Jun,3 Seasons
s3754,Movie,Murder Mystery,Jun-14-2019,2019,PG-13,Jun,98 min
s3755,TV Show,Yankee,Jun-14-2019,2019,TV-MA,Jun,1 Season
s3756,TV Show,Jinn,Jun-13-2019,2019,TV-MA,Jun,1 Season
s3757,Movie,Oprah Presents When They See Us Now,Jun-13-2019,2019,TV-PG,Jun,61 min
s3758,Movie,The 3rd Eye 2,Jun-13-2019,2019,TV-MA,Jun,117 min
s3759,Movie,Jo Koy: Comin' In Hot,Jun-12-2019,2019,TV-MA,Jun,60 min
s3760,Movie,Rolling Thunder Revue: A Bob Dylan Story by Martin Scorsese,Jun-12-2019,2019,TV-MA,Jun,142 min
s3761,TV Show,Upin & Ipin,Jun-10-2019,2011,TV-Y,Jun,1 Season
s3762,Movie,Belmonte,Jun-7-2019,2018,TV-MA,Jun,74 min
s3763,TV Show,Designated Survivor,Jun-7-2019,2019,TV-MA,Jun,3 Seasons
s3764,Movie,Elisa & Marcela,Jun-7-2019,2019,TV-MA,Jun,119 min
s3765,Movie,I Am Mother,Jun-7-2019,2019,TV-PG,Jun,114 min
s3766,Movie,Luka Chuppi,Jun-7-2019,2019,TV-PG,Jun,125 min
s3767,Movie,Pachamama,Jun-7-2019,2019,PG,Jun,71 min
s3768,Movie,Rock My Heart,Jun-7-2019,2019,TV-PG,Jun,110 min
s3769,Movie,Stree,Jun-7-2019,2018,TV-MA,Jun,127 min
s3770,TV Show,Super Monsters Monster Pets,Jun-7-2019,2019,TV-Y,Jun,1 Season
s3771,TV Show,Tales of the City,Jun-7-2019,2019,TV-MA,Jun,1 Season
s3772,Movie,The Black Godfather,Jun-7-2019,2019,TV-MA,Jun,118 min
s3773,Movie,Alles ist gut,Jun-6-2019,2019,TV-MA,Jun,90 min
s3774,Movie,A Silent Voice,Jun-5-2019,2016,TV-14,Jun,130 min
s3775,TV Show,Black Mirror,Jun-5-2019,2019,TV-MA,Jun,5 Seasons
s3776,Movie,Cosmos Laundromat: First Cycle,Jun-4-2019,2015,TV-MA,Jun,12 min
s3777,Movie,Miranda Sings Live…Your Welcome,Jun-4-2019,2019,TV-14,Jun,62 min
s3778,Movie,Silent,Jun-4-2019,2014,TV-Y,Jun,3 min
s3779,TV Show,Documentary Now!,Jun-3-2019,2019,TV-14,Jun,3 Seasons
s3780,TV Show,Malibu Rescue: The Series,Jun-3-2019,2019,TV-G,Jun,1 Season
s3781,TV Show,Arthdal Chronicles,Jun-2-2019,2019,TV-MA,Jun,1 Season
s3782,Movie,Krutant,Jun-2-2019,2019,TV-14,Jun,114 min
s3783,TV Show,A Thousand Goodnights,Jun-1-2019,2019,TV-14,Jun,1 Season
s3784,Movie,III Smoking Barrels,Jun-1-2019,2017,TV-MA,Jun,128 min
s3785,TV Show,March Comes in Like a Lion,Jun-1-2019,2017,TV-14,Jun,2 Seasons
s3786,Movie,"Oh, Ramona!",Jun-1-2019,2019,TV-MA,Jun,109 min
s3787,Movie,We Are Legends,Jun-1-2019,2019,TV-14,Jun,109 min
s3788,TV Show,Bad Blood,May-31-2019,2019,TV-MA,May,2 Seasons
s3789,Movie,Chopsticks,May-31-2019,2019,TV-MA,May,101 min
s3790,TV Show,Killer Ratings,May-31-2019,2019,TV-MA,May,1 Season
s3791,Movie,Mere Pyare Prime Minister,May-31-2019,2019,TV-MA,May,103 min
s3792,Movie,Pegasus,May-31-2019,2019,TV-MA,May,98 min
s3793,TV Show,When They See Us,May-31-2019,2019,TV-MA,May,1 Season
s3794,Movie,Svaha: The Sixth Finger,May-30-2019,2019,TV-MA,May,123 min
s3795,TV Show,Historical Roasts,May-27-2019,2019,TV-MA,May,1 Season
s3796,Movie,After Maria,May-24-2019,2019,TV-PG,May,38 min
s3797,TV Show,Hyper HardBoiled Gourmet Report,May-24-2019,2017,TV-MA,May,1 Season
s3798,Movie,Joy,May-24-2019,2019,TV-MA,May,101 min
s3799,Movie,Rim of the World,May-24-2019,2019,TV-14,May,99 min
s3800,TV Show,She's Gotta Have It,May-24-2019,2018,TV-MA,May,2 Seasons
s3801,Movie,The Perfection,May-24-2019,2019,TV-MA,May,91 min
s3802,TV Show,WHAT / IF,May-24-2019,2019,TV-MA,May,1 Season
s3803,Movie,The Lonely Island Presents: The Unauthorized Bash Brothers Experience,May-23-2019,2019,TV-MA,May,30 min
s3804,Movie,A Tale of Two Kitchens,May-22-2019,2019,TV-PG,May,30 min
s3805,Movie,The Man Who Feels No Pain,May-22-2019,2018,TV-14,May,137 min
s3806,Movie,Wanda Sykes: Not Normal,May-21-2019,2019,TV-MA,May,66 min
s3807,TV Show,Prince of Peoria,May-20-2019,2019,TV-G,May,2 Seasons
s3808,TV Show,Rosario Tijeras,May-20-2019,2018,TV-MA,May,2 Seasons
s3809,TV Show,1994,May-17-2019,2019,TV-MA,May,1 Season
s3810,Movie,Born in Gaza,May-17-2019,2014,TV-14,May,70 min
s3811,Movie,Born in Syria,May-17-2019,2016,TV-14,May,87 min
s3812,Movie,Dying to Tell,May-17-2019,2018,TV-MA,May,88 min
s3813,TV Show,It's Bruno!,May-17-2019,2019,TV-MA,May,1 Season
s3814,Movie,Maria,May-17-2019,2019,TV-MA,May,90 min
s3815,Movie,ReMastered: The Lion's Share,May-17-2019,2019,TV-14,May,84 min
s3816,Movie,Saverio Raimondo: Il Satiro Parlante,May-17-2019,2019,TV-MA,May,53 min
s3817,Movie,See You Yesterday,May-17-2019,2019,TV-MA,May,87 min
s3818,TV Show,White Gold,May-17-2019,2019,TV-MA,May,2 Seasons
s3819,Movie,Good Sam,May-16-2019,2019,TV-PG,May,90 min
s3820,Movie,Jonaki,May-16-2019,2018,TV-MA,May,96 min
s3821,Movie,PATRICK (2019),May-16-2019,2019,TV-PG,May,94 min
s3822,TV Show,Dennis and Gnasher Unleashed,May-15-2019,2017,TV-Y,May,1 Season
s3823,Movie,Hamid,May-15-2019,2018,TV-MA,May,108 min
s3824,TV Show,"Heidi, bienvenida a casa",May-15-2019,2017,TV-Y,May,1 Season
s3825,TV Show,I Hear You,May-15-2019,2019,TV-14,May,1 Season
s3826,Movie,Backdraft 2,May-14-2019,2019,R,May,102 min
s3827,TV Show,Revisions,May-14-2019,2018,TV-14,May,1 Season
s3828,Movie,Still LAUGH-IN: The Stars Celebrate,May-14-2019,2019,TV-MA,May,61 min
s3829,Movie,Weed the People,May-14-2019,2018,TV-MA,May,94 min
s3830,Movie,Malibu Rescue,May-13-2019,2019,TV-G,May,70 min
s3831,Movie,Merata: How Mum Decolonised the Screen,May-12-2019,2018,TV-14,May,88 min
s3832,TV Show,The Defected,May-12-2019,2019,TV-14,May,1 Season
s3833,Movie,Dry Martina,May-11-2019,2018,TV-MA,May,100 min
s3834,Movie,Shéhérazade,May-11-2019,2019,TV-MA,May,111 min
s3835,Movie,The Great Magician,May-11-2019,2011,TV-14,May,128 min
s3836,TV Show,Easy,May-10-2019,2019,TV-MA,May,3 Seasons
s3837,Movie,In Family I Trust,May-10-2019,2018,TV-MA,May,98 min
s3838,TV Show,Jailbirds,May-10-2019,2019,TV-MA,May,1 Season
s3839,TV Show,The Mechanism,May-10-2019,2019,TV-MA,May,2 Seasons
s3840,TV Show,The Princess Weiyoung,May-10-2019,2016,TV-14,May,1 Season
s3841,TV Show,The Society,May-10-2019,2019,TV-MA,May,1 Season
s3842,Movie,Wine Country,May-10-2019,2019,R,May,104 min
s3843,Movie,Gatao 2: Rise of the King,May-9-2019,2018,TV-MA,May,126 min
s3844,TV Show,Away From Home,May-8-2019,2015,TV-PG,May,1 Season
s3845,TV Show,Bibik-Bibikku,May-8-2019,2016,TV-PG,May,1 Season
s3846,TV Show,Cinta 100KG,May-8-2019,2016,TV-14,May,1 Season
s3847,TV Show,Cinta Iris,May-8-2019,2015,TV-PG,May,1 Season
s3848,TV Show,Cinta Si Wedding Planner,May-8-2019,2015,TV-14,May,1 Season
s3849,TV Show,Cinta Teruna Kimchi,May-8-2019,2016,TV-PG,May,1 Season
s3850,TV Show,Secret of Success,May-8-2019,2015,TV-14,May,1 Season
s3851,TV Show,The Missing Menu,May-8-2019,2016,TV-PG,May,1 Season
s3852,TV Show,Unchained Fate,May-8-2019,2016,TV-14,May,1 Season
s3853,TV Show,Abyss,May-7-2019,2019,TV-14,May,1 Season
s3854,TV Show,I Have a Script,May-7-2019,2019,TV-14,May,1 Season
s3855,TV Show,In the Bosom of a Thorn,May-7-2019,2019,TV-14,May,1 Season
s3856,TV Show,The Writer,May-7-2019,2019,TV-14,May,1 Season
s3857,TV Show,What If?,May-7-2019,2019,TV-14,May,1 Season
s3858,Movie,Last Breath,May-6-2019,2019,TV-MA,May,86 min
s3859,Movie,The Wandering Earth,May-6-2019,2019,TV-MA,May,125 min
s3860,Movie,All In My Family,May-3-2019,2019,TV-14,May,40 min
s3861,TV Show,Crime Diaries: Night Out,May-3-2019,2019,TV-MA,May,1 Season
s3862,TV Show,Cupcake & Dino - General Services,May-3-2019,2019,TV-Y7,May,2 Seasons
s3863,Movie,Despite Everything,May-3-2019,2019,TV-MA,May,79 min
s3864,Movie,"Extremely Wicked, Shockingly Evil and Vile",May-3-2019,2019,R,May,110 min
s3865,TV Show,Flinch,May-3-2019,2019,TV-PG,May,1 Season
s3866,Movie,Jo Pil-ho: The Dawning Rage,May-3-2019,2018,TV-MA,May,128 min
s3867,Movie,The Last Summer,May-3-2019,2019,TV-14,May,110 min
s3868,TV Show,Tuca & Bertie,May-3-2019,2019,TV-MA,May,1 Season
s3869,Movie,Laatu,May-2-2019,2018,TV-PG,May,116 min
s3870,Movie,Olympus Has Fallen,May-2-2019,2013,R,May,119 min
s3871,TV Show,Code Geass: Lelouch of the Rebellion,May-1-2019,2008,TV-MA,May,2 Seasons
s3872,Movie,John & Yoko: Above Us Only Sky,May-1-2019,2018,TV-MA,May,90 min
s3873,Movie,Knock Down The House,May-1-2019,2019,PG,May,88 min
s3874,Movie,Munafik 2,May-1-2019,2018,TV-MA,May,104 min
s3875,Movie,Sur Sapata,May-1-2019,2019,TV-14,May,140 min
s3876,Movie,A Home with A View,Apr-30-2019,2019,TV-MA,Apr,92 min
s3877,TV Show,Angel 'N' Devil,Apr-30-2019,2014,TV-14,Apr,1 Season
s3878,Movie,Anthony Jeselnik: Fire in the Maternity Ward,Apr-30-2019,2019,TV-MA,Apr,64 min
s3879,TV Show,Hong Kong West Side Stories,Apr-30-2019,2018,TV-MA,Apr,1 Season
s3880,TV Show,Ingress: The Animation,Apr-30-2019,2018,TV-MA,Apr,1 Season
s3881,TV Show,K.O. One Re-act,Apr-30-2019,2013,TV-14,Apr,1 Season
s3882,TV Show,K.O.3an Guo,Apr-30-2019,2009,TV-14,Apr,1 Season
s3883,TV Show,KO One Return,Apr-30-2019,2012,TV-MA,Apr,1 Season
s3884,TV Show,The Outsiders,Apr-30-2019,2004,TV-MA,Apr,1 Season
s3885,TV Show,Ash vs. Evil Dead,Apr-29-2019,2018,TV-MA,Apr,3 Seasons
s3886,Movie,Teen Aur Aadha,Apr-29-2019,2018,TV-MA,Apr,119 min
s3887,TV Show,Señora Acero,Apr-28-2019,2018,TV-MA,Apr,5 Seasons
s3888,TV Show,Chambers,Apr-26-2019,2019,TV-MA,Apr,1 Season
s3889,Movie,Loving is Losing,Apr-26-2019,2019,TV-MA,Apr,91 min
s3890,Movie,Money Trap,Apr-26-2019,2019,TV-MA,Apr,122 min
s3891,Movie,Njan Prakashan,Apr-26-2019,2018,TV-PG,Apr,125 min
s3892,Movie,ReMastered: Devil at the Crossroads,Apr-26-2019,2019,TV-14,Apr,49 min
s3893,TV Show,Street Food,Apr-26-2019,2019,TV-PG,Apr,1 Season
s3894,TV Show,The Hateful Eight: Extended Version,Apr-25-2019,2015,R,Apr,1 Season
s3895,Movie,A Fortunate Man,Apr-20-2019,2018,TV-MA,Apr,168 min
s3896,Movie,Grass Is Greener,Apr-20-2019,2019,TV-MA,Apr,98 min
s3897,Movie,Brené Brown: The Call to Courage,Apr-19-2019,2019,TV-14,Apr,77 min
s3898,TV Show,KO One,Apr-19-2019,2005,TV-MA,Apr,1 Season
s3899,TV Show,Lunatics,Apr-19-2019,2019,TV-MA,Apr,1 Season
s3900,Movie,Music Teacher,Apr-19-2019,2019,TV-14,Apr,102 min
s3901,TV Show,My Dear Boy,Apr-19-2019,2017,TV-MA,Apr,1 Season
s3902,TV Show,Rilakkuma and Kaoru,Apr-19-2019,2019,TV-PG,Apr,1 Season
s3903,TV Show,Samantha!,Apr-19-2019,2019,TV-MA,Apr,2 Seasons
s3904,Movie,Someone Great,Apr-19-2019,2019,R,Apr,92 min
s3905,Movie,The Ruthless,Apr-19-2019,2019,TV-MA,Apr,111 min
s3906,Movie,A Little Chaos,Apr-17-2019,2014,R,Apr,113 min
s3907,Movie,Franco Escamilla: Bienvenido al mundo,Apr-17-2019,2019,TV-MA,Apr,54 min
s3908,Movie,HOMECOMING: A film by Beyoncé,Apr-17-2019,2019,TV-MA,Apr,138 min
s3909,Movie,About Time,Apr-16-2019,2013,R,Apr,123 min
s3910,Movie,Super Monsters Furever Friends,Apr-16-2019,2019,TV-Y,Apr,59 min
s3911,Movie,Bollywood Calling,Apr-15-2019,2001,TV-MA,Apr,102 min
s3912,Movie,Ek Khiladi Ek Haseena,Apr-15-2019,2005,TV-14,Apr,141 min
s3913,Movie,Generation Iron 3,Apr-15-2019,2018,TV-MA,Apr,95 min
s3914,Movie,Hazaaron Khwaishein Aisi,Apr-15-2019,2003,TV-MA,Apr,111 min
s3915,Movie,Jhankaar Beats,Apr-15-2019,2003,TV-14,Apr,131 min
s3916,Movie,Mumbai Matinee,Apr-15-2019,2003,TV-14,Apr,116 min
s3917,Movie,Rainbow Jelly,Apr-15-2019,2018,TV-14,Apr,119 min
s3918,Movie,Shabd,Apr-15-2019,2005,TV-14,Apr,146 min
s3919,Movie,Shortcut Safari,Apr-15-2019,2016,TV-PG,Apr,101 min
s3920,Movie,Thriller,Apr-14-2019,2018,TV-MA,Apr,87 min
s3921,TV Show,Crazy Ex-Girlfriend,Apr-13-2019,2019,TV-MA,Apr,4 Seasons
s3922,Movie,Who Would You Take to a Deserted Island?,Apr-13-2019,2019,TV-MA,Apr,94 min
s3923,Movie,Dabbe 5: Zehr-i Cin,Apr-12-2019,2014,TV-MA,Apr,133 min
s3924,Movie,Dabbe: The Possession,Apr-12-2019,2013,TV-MA,Apr,135 min
s3925,Movie,Francesco De Carlo: Cose di Questo Mondo,Apr-12-2019,2019,TV-MA,Apr,61 min
s3926,TV Show,Huge in France,Apr-12-2019,2019,TV-MA,Apr,1 Season
s3927,Movie,The Perfect Date,Apr-12-2019,2019,TV-14,Apr,91 min
s3928,TV Show,New Girl,Apr-11-2019,2018,TV-14,Apr,7 Seasons
s3929,TV Show,Persona,Apr-11-2019,2019,TV-MA,Apr,1 Season
s3930,Movie,Liss Pereira: Reteniendo líquidos,Apr-10-2019,2019,TV-14,Apr,59 min
s3931,Movie,The Silence,Apr-10-2019,2019,PG-13,Apr,91 min
s3932,TV Show,You vs. Wild,Apr-10-2019,2019,TV-PG,Apr,1 Season
s3933,Movie,Sarvam Thaala Mayam (Telugu Version),Apr-8-2019,2018,TV-14,Apr,131 min
s3934,Movie,Petta (Telugu Version),Apr-7-2019,2019,TV-14,Apr,170 min
s3935,TV Show,Time: The Kalief Browder Story,Apr-7-2019,2017,TV-MA,Apr,1 Season
s3936,Movie,Alien Warfare,Apr-5-2019,2019,TV-MA,Apr,88 min
s3937,TV Show,Derek,Apr-5-2019,2015,TV-MA,Apr,3 Seasons
s3938,TV Show,Imposters,Apr-5-2019,2017,TV-MA,Apr,2 Seasons
s3939,TV Show,Our Planet,Apr-5-2019,2019,TV-PG,Apr,1 Season
s3940,Movie,Petta,Apr-5-2019,2019,TV-14,Apr,170 min
s3941,TV Show,Quicksand,Apr-5-2019,2019,TV-MA,Apr,1 Season
s3942,TV Show,Rimba Racer,Apr-5-2019,2017,TV-PG,Apr,1 Season
s3943,TV Show,Roman Empire: Reign of Blood,Apr-5-2019,2019,TV-MA,Apr,3 Seasons
s3944,TV Show,Spirit: Riding Free,Apr-5-2019,2019,TV-Y7,Apr,8 Seasons
s3945,TV Show,Tijuana,Apr-5-2019,2019,TV-MA,Apr,1 Season
s3946,Movie,Unicorn Store,Apr-5-2019,2019,TV-14,Apr,92 min
s3947,TV Show,Possessed,Apr-4-2019,2019,TV-MA,Apr,1 Season
s3948,Movie,Ricardo Quevedo: Los amargados somos más,Apr-3-2019,2019,TV-MA,Apr,59 min
s3949,Movie,Suzzanna: Buried Alive,Apr-3-2019,2018,TV-MA,Apr,126 min
s3950,TV Show,Tango,Apr-3-2019,2018,TV-14,Apr,1 Season
s3951,Movie,Ek Ladki Ko Dekha Toh Aisa Laga,Apr-2-2019,2019,TV-14,Apr,120 min
s3952,Movie,Jagat,Apr-2-2019,2015,TV-MA,Apr,76 min
s3953,Movie,Kevin Hart: Irresponsible,Apr-2-2019,2019,TV-MA,Apr,60 min
s3954,TV Show,Kicko & Super Speedo,Apr-1-2019,2018,TV-Y7,Apr,1 Season
s3955,Movie,Love O2O,Apr-1-2019,2016,TV-14,Apr,103 min
s3956,Movie,Pinky Memsaab,Apr-1-2019,2018,TV-MA,Apr,124 min
s3957,TV Show,"That Winter, the Wind Blows",Apr-1-2019,2013,TV-MA,Apr,1 Season
s3958,Movie,The Trap,Apr-1-2019,2017,TV-MA,Apr,91 min
s3959,TV Show,Ultraman,Apr-1-2019,2019,TV-14,Apr,1 Season
s3960,Movie,Mercy Black,Mar-31-2019,2019,TV-14,Mar,88 min
s3961,Movie,The Burial of Kojo,Mar-31-2019,2018,TV-14,Mar,81 min
s3962,TV Show,Pablo,Mar-30-2019,2017,TV-Y,Mar,1 Season
s3963,Movie,15-Aug,Mar-29-2019,2019,TV-14,Mar,124 min
s3964,Movie,Bayonet,Mar-29-2019,2019,TV-MA,Mar,102 min
s3965,TV Show,Osmosis,Mar-29-2019,2019,TV-MA,Mar,1 Season
s3966,TV Show,Santa Clarita Diet,Mar-29-2019,2019,TV-MA,Mar,3 Seasons
s3967,Movie,The Highwaymen,Mar-29-2019,2019,R,Mar,132 min
s3968,Movie,The Legend of Cocaine Island,Mar-29-2019,2019,TV-MA,Mar,87 min
s3969,TV Show,The Terminal,Mar-29-2019,2018,TV-14,Mar,1 Season
s3970,TV Show,Traitors,Mar-29-2019,2019,TV-MA,Mar,1 Season
s3971,TV Show,Versailles,Mar-29-2019,2018,TV-MA,Mar,3 Seasons
s3972,TV Show,Ainori Love Wagon: Asian Journey,Mar-28-2019,2018,TV-MA,Mar,2 Seasons
s3973,Movie,Danur: I Can See Ghosts,Mar-27-2019,2017,TV-MA,Mar,75 min
s3974,Movie,Verses of Love,Mar-27-2019,2008,TV-PG,Mar,126 min
s3975,Movie,Nate Bargatze: The Tennessee Kid,Mar-26-2019,2019,TV-PG,Mar,61 min
s3976,Movie,Sei,Mar-25-2019,2018,TV-14,Mar,126 min
s3977,TV Show,The Eagle of El-Se'eed,Mar-25-2019,2018,TV-14,Mar,1 Season
s3978,Movie,Superlopez,Mar-24-2019,2018,TV-MA,Mar,108 min
s3979,Movie,Oversize Cops,Mar-23-2019,2017,TV-MA,Mar,100 min
s3980,TV Show,Charlie's Colorforms City,Mar-22-2019,2019,TV-Y,Mar,1 Season
s3981,TV Show,Crime Diaries: The Candidate,Mar-22-2019,2019,TV-MA,Mar,1 Season
s3982,TV Show,Delhi Crime,Mar-22-2019,2019,TV-MA,Mar,1 Season
s3983,Movie,Mirage,Mar-22-2019,2018,TV-MA,Mar,129 min
s3984,Movie,ReMastered: The Miami Showband Massacre,Mar-22-2019,2019,TV-MA,Mar,71 min
s3985,TV Show,The 10 Sins,Mar-22-2019,2018,TV-14,Mar,1 Season
s3986,Movie,The Dirt,Mar-22-2019,2019,TV-MA,Mar,108 min
s3987,TV Show,The OA,Mar-22-2019,2019,TV-MA,Mar,2 Seasons
s3988,Movie,Antoine Griezmann: The Making of a Legend,Mar-21-2019,2019,TV-PG,Mar,60 min
s3989,TV Show,Bo on the Go!,Mar-21-2019,2007,TV-Y,Mar,1 Season
s3990,TV Show,Stay Tuned!,Mar-21-2019,2019,TV-14,Mar,1 Season
s3991,Movie,The Amazing Praybeyt Benjamin,Mar-21-2019,2014,TV-14,Mar,105 min
s3992,Movie,The Super Parental Guardians,Mar-21-2019,2016,TV-14,Mar,115 min
s3993,Movie,The Third Party,Mar-21-2019,2016,TV-MA,Mar,118 min
s3994,Movie,The Unmarried Wife,Mar-21-2019,2016,TV-MA,Mar,130 min
s3995,Movie,Vince and Kath and James,Mar-21-2019,2016,TV-PG,Mar,115 min
s3996,Movie,Alexis Viera: A Story of Surviving,Mar-20-2019,2019,TV-MA,Mar,69 min
s3997,TV Show,9-Feb,Mar-20-2019,2018,TV-14,Mar,1 Season
s3998,Movie,Imago,Mar-20-2019,2018,TV-PG,Mar,97 min
s3999,TV Show,My Husband Won't Fit,Mar-20-2019,2019,TV-MA,Mar,1 Season
s4000,Movie,Amy Schumer Growing,Mar-19-2019,2019,TV-MA,Mar,61 min
s4001,Movie,5 Flights Up,Mar-17-2019,2014,PG-13,Mar,92 min
s4002,TV Show,Green Door,Mar-17-2019,2019,TV-MA,Mar,1 Season
s4003,Movie,Bombairiya,Mar-15-2019,2018,TV-MA,Mar,108 min
s4004,Movie,Burn Out,Mar-15-2019,2017,TV-MA,Mar,104 min
s4005,Movie,Edoardo Ferrario: Temi Caldi,Mar-15-2019,2019,TV-MA,Mar,65 min
s4006,Movie,Girl,Mar-15-2019,2018,R,Mar,106 min
s4007,TV Show,If I Hadn't Met You,Mar-15-2019,2018,TV-MA,Mar,1 Season
s4008,Movie,Jeff Dunham: Arguing with Myself,Mar-15-2019,2006,TV-MA,Mar,69 min
s4009,Movie,Jeff Dunham: Controlled Chaos,Mar-15-2019,2011,TV-MA,Mar,97 min
s4010,Movie,Jeff Dunham: Minding the Monsters,Mar-15-2019,2012,TV-MA,Mar,80 min
s4011,Movie,Jeff Dunham's Very Special Christmas Special,Mar-15-2019,2008,TV-MA,Mar,85 min
s4012,Movie,Late Life: The Chien-Ming Wang Story,Mar-15-2019,2018,TV-14,Mar,98 min
s4013,TV Show,My Pride,Mar-15-2019,2018,TV-14,Mar,1 Season
s4014,Movie,Paskal,Mar-15-2019,2018,TV-14,Mar,115 min
s4015,TV Show,Robozuna,Mar-15-2019,2018,TV-Y7,Mar,2 Seasons
s4016,TV Show,The Disappearance of Madeleine McCann,Mar-15-2019,2019,TV-14,Mar,1 Season
s4017,TV Show,Turn Up Charlie,Mar-15-2019,2019,TV-MA,Mar,1 Season
s4018,Movie,A Love Story,Mar-14-2019,2007,TV-14,Mar,117 min
s4019,Movie,Barcelona: A Love Untold,Mar-14-2019,2016,TV-14,Mar,132 min
s4020,Movie,Everything About Her,Mar-14-2019,2016,TV-MA,Mar,127 min
s4021,Movie,Finally Found Someone,Mar-14-2019,2017,TV-14,Mar,125 min
s4022,Movie,Seven Sundays,Mar-14-2019,2017,TV-MA,Mar,128 min
s4023,TV Show,More to Say,Mar-13-2019,2018,TV-14,Mar,1 Season
s4024,TV Show,The Land of Hypocrisy,Mar-13-2019,2018,TV-14,Mar,1 Season
s4025,Movie,Triple Frontier,Mar-13-2019,2019,R,Mar,126 min
s4026,Movie,Jimmy Carr: The Best of Ultimate Gold Greatest Hits,Mar-12-2019,2019,TV-MA,Mar,58 min
s4027,TV Show,Eugenie Nights,Mar-11-2019,2018,TV-14,Mar,1 Season
s4028,TV Show,This Evening,Mar-11-2019,2017,TV-14,Mar,1 Season
s4029,TV Show,Into the Badlands,Mar-10-2019,2018,TV-MA,Mar,3 Seasons
s4030,TV Show,Bangkok Love Stories: Hey You!,Mar-8-2019,2018,TV-14,Mar,1 Season
s4031,TV Show,Disappearance,Mar-8-2019,2018,TV-MA,Mar,1 Season
s4032,Movie,Hajwala 2: Mysterious Mission,Mar-8-2019,2018,TV-14,Mar,116 min
s4033,TV Show,Immortals,Mar-8-2019,2018,TV-MA,Mar,1 Season
s4034,Movie,Juanita,Mar-8-2019,2019,TV-MA,Mar,90 min
s4035,Movie,Lady J,Mar-8-2019,2019,TV-MA,Mar,111 min
s4036,TV Show,The Confrontation,Mar-8-2019,2018,TV-PG,Mar,1 Season
s4037,Movie,Walk. Ride. Rodeo.,Mar-8-2019,2019,TV-PG,Mar,100 min
s4038,Movie,Nappily Ever After,Mar-7-2019,2018,TV-MA,Mar,99 min
s4039,Movie,Sisterakas,Mar-7-2019,2012,TV-14,Mar,105 min
s4040,Movie,Starting Over Again,Mar-7-2019,2014,TV-14,Mar,128 min
s4041,Movie,That Thing Called Tadhana,Mar-7-2019,2015,TV-MA,Mar,91 min
s4042,Movie,The Love Affair,Mar-7-2019,2015,TV-MA,Mar,127 min
s4043,TV Show,American Crime Story: The People v. O.J. Simpson,Mar-6-2019,2016,TV-MA,Mar,1 Season
s4044,TV Show,Secret City,Mar-6-2019,2016,TV-MA,Mar,2 Seasons
s4045,TV Show,A Korean Odyssey,Mar-5-2019,2017,TV-MA,Mar,1 Season
s4046,Movie,The Hard Way,Mar-5-2019,2019,TV-MA,Mar,94 min
s4047,Movie,Everyday I Love You,Mar-4-2019,2015,TV-14,Mar,124 min
s4048,Movie,No Other Woman,Mar-4-2019,2011,TV-MA,Mar,103 min
s4049,Movie,River's Edge,Mar-2-2019,2018,TV-MA,Mar,118 min
s4050,Movie,Sarkar,Mar-2-2019,2018,TV-MA,Mar,162 min
s4051,Movie,Weapon of Choice,Mar-2-2019,2018,TV-MA,Mar,89 min
s4052,Movie,"2,215",Mar-1-2019,2018,TV-MA,Mar,89 min
s4053,Movie,BNK48: Girls Don't Cry,Mar-1-2019,2018,TV-14,Mar,108 min
s4054,Movie,Budapest,Mar-1-2019,2018,TV-MA,Mar,103 min
s4055,TV Show,Cricket Fever: Mumbai Indians,Mar-1-2019,2019,TV-MA,Mar,1 Season
s4056,TV Show,Larva Island,Mar-1-2019,2019,TV-Y7,Mar,2 Seasons
s4057,TV Show,Losers,Mar-1-2019,2019,TV-MA,Mar,1 Season
s4058,TV Show,Northern Rescue,Mar-1-2019,2019,TV-14,Mar,1 Season
s4059,Movie,Pants on Fire,Mar-1-2019,2014,TV-G,Mar,87 min
s4060,Movie,Paranormal Investigation,Mar-1-2019,2018,TV-14,Mar,93 min
s4061,Movie,Radio Rebel,Mar-1-2019,2012,TV-G,Mar,90 min
s4062,Movie,Sarvam Thaala Mayam (Tamil Version),Mar-1-2019,2018,TV-14,Mar,131 min
s4063,Movie,The Boy Who Harnessed the Wind,Mar-1-2019,2019,TV-PG,Mar,114 min
s4064,TV Show,The Disastrous Life of Saiki K.,Mar-1-2019,2018,TV-14,Mar,3 Seasons
s4065,Movie,The Last Runway,Mar-1-2019,2018,TV-MA,Mar,107 min
s4066,Movie,The Spiderwick Chronicles,Mar-1-2019,2008,PG,Mar,97 min
s4067,Movie,Your Son,Mar-1-2019,2018,TV-MA,Mar,103 min
s4068,Movie,Quién te cantará,Feb-28-2019,2018,TV-MA,Feb,125 min
s4069,Movie,A Second Chance,Feb-27-2019,2015,TV-MA,Feb,130 min
s4070,Movie,Beauty and the Bestie,Feb-27-2019,2015,TV-14,Feb,119 min
s4071,Movie,Bride For Rent,Feb-27-2019,2014,TV-PG,Feb,110 min
s4072,Movie,Can't Help Falling in Love,Feb-27-2019,2017,TV-14,Feb,120 min
s4073,Movie,Evening Shadows,Feb-27-2019,2018,TV-PG,Feb,102 min
s4074,Movie,Four Sisters and a Wedding,Feb-27-2019,2013,TV-14,Feb,125 min
s4075,Movie,It Takes a Man and a Woman,Feb-27-2019,2013,TV-PG,Feb,127 min
s4076,Movie,My Ex & Whys,Feb-27-2019,2017,TV-14,Feb,121 min
s4077,Movie,She's Dating the Gangster,Feb-27-2019,2014,TV-14,Feb,113 min
s4078,Movie,The Breakup Playlist,Feb-27-2019,2015,TV-MA,Feb,118 min
s4079,Movie,The Mistress,Feb-27-2019,2012,TV-MA,Feb,132 min
s4080,TV Show,Unsolved,Feb-27-2019,2018,TV-MA,Feb,1 Season
s4081,Movie,Zach Galifianakis: Live at the Purple Onion,Feb-26-2019,2006,TV-MA,Feb,61 min
s4082,Movie,Life of An Outcast,Feb-25-2019,2018,TV-PG,Feb,80 min
s4083,Movie,The Photographer Of Mauthausen,Feb-23-2019,2018,TV-MA,Feb,110 min
s4084,Movie,Bert Kreischer: The Machine,Feb-22-2019,2016,TV-MA,Feb,70 min
s4085,TV Show,Chef's Table,Feb-22-2019,2019,TV-MA,Feb,6 Seasons
s4086,Movie,Firebrand,Feb-22-2019,2019,TV-MA,Feb,117 min
s4087,Movie,Paddleton,Feb-22-2019,2019,TV-MA,Feb,89 min
s4088,Movie,Paris Is Us,Feb-22-2019,2019,TV-MA,Feb,84 min
s4089,Movie,Shonar Pahar,Feb-22-2019,2018,TV-PG,Feb,131 min
s4090,TV Show,The Big Family Cooking Showdown,Feb-22-2019,2018,TV-PG,Feb,2 Seasons
s4091,TV Show,Z4,Feb-22-2019,2018,TV-PG,Feb,2 Seasons
s4092,Movie,The Drug King,Feb-21-2019,2018,TV-MA,Feb,139 min
s4093,Movie,Kevin James: Sweat the Small Stuff,Feb-20-2019,2001,TV-PG,Feb,42 min
s4094,Movie,Transformer,Feb-20-2019,2017,TV-MA,Feb,79 min
s4095,Movie,Genius,Feb-17-2019,2018,TV-14,Feb,96 min
s4096,Movie,Black Sea,Feb-16-2019,2015,R,Feb,114 min
s4097,Movie,Studio 54,Feb-16-2019,2018,TV-MA,Feb,99 min
s4098,Movie,Awe,Feb-15-2019,2018,TV-MA,Feb,111 min
s4099,Movie,Ayana,Feb-15-2019,2017,TV-MA,Feb,112 min
s4100,Movie,Behind the Curve,Feb-15-2019,2018,TV-14,Feb,96 min
s4101,Movie,Buddies,Feb-15-2019,2012,TV-MA,Feb,103 min
s4102,Movie,Candyflip,Feb-15-2019,2017,TV-MA,Feb,104 min
s4103,Movie,Chameli,Feb-15-2019,2004,TV-14,Feb,102 min
s4104,Movie,Fatso,Feb-15-2019,2012,TV-14,Feb,97 min
s4105,TV Show,Hjørdis,Feb-15-2019,2015,TV-MA,Feb,1 Season
s4106,TV Show,Larry Charles' Dangerous World of Comedy,Feb-15-2019,2019,TV-MA,Feb,1 Season
s4107,Movie,Neevevaro,Feb-15-2019,2018,TV-14,Feb,132 min
s4108,Movie,Pyaar Ke Side Effects,Feb-15-2019,2006,TV-MA,Feb,120 min
s4109,Movie,Sur: The Melody of Life,Feb-15-2019,2002,TV-14,Feb,137 min
s4110,TV Show,The 43,Feb-15-2019,2019,TV-MA,Feb,1 Season
s4111,Movie,The Breaker Upperers,Feb-15-2019,2018,TV-MA,Feb,82 min
s4112,TV Show,The Kirlian Frequency,Feb-15-2019,2017,TV-14,Feb,1 Season
s4113,Movie,Ugly Aur Pagli,Feb-15-2019,2008,TV-14,Feb,115 min
s4114,Movie,Yucatán,Feb-15-2019,2018,TV-MA,Feb,130 min
s4115,TV Show,Barbie Dreamhouse Adventures,Feb-14-2019,2018,TV-Y,Feb,3 Seasons
s4116,Movie,"Ken Jeong: You Complete Me, Ho",Feb-14-2019,2019,TV-MA,Feb,62 min
s4117,TV Show,Velvet Colección,Feb-14-2019,2018,TV-14,Feb,2 Seasons
s4118,Movie,Period. End of Sentence.,Feb-12-2019,2018,TV-PG,Feb,26 min
s4119,TV Show,Iron Ladies,Feb-9-2019,2018,TV-14,Feb,1 Season
s4120,TV Show,The Break,Feb-9-2019,2018,TV-MA,Feb,2 Seasons
s4121,Movie,High Flying Bird,Feb-8-2019,2019,TV-MA,Feb,91 min
s4122,Movie,Kevin Hart's Guide to Black History,Feb-8-2019,2019,TV-PG,Feb,63 min
s4123,TV Show,One Day at a Time,Feb-8-2019,2019,TV-PG,Feb,3 Seasons
s4124,Movie,ReMastered: The Two Killings of Sam Cooke,Feb-8-2019,2019,TV-MA,Feb,74 min
s4125,Movie,The Tree of Blood,Feb-8-2019,2018,TV-MA,Feb,136 min
s4126,TV Show,The Last of the Schmucks,Feb-7-2019,2017,TV-MA,Feb,1 Season
s4127,TV Show,Hidden Worlds,Feb-5-2019,2018,TV-14,Feb,1 Season
s4128,TV Show,Live,Feb-5-2019,2018,TV-MA,Feb,1 Season
s4129,Movie,"Ray Romano: Right Here, Around the Corner",Feb-5-2019,2019,TV-MA,Feb,59 min
s4130,TV Show,Safe,Feb-5-2019,2018,TV-MA,Feb,1 Season
s4131,TV Show,Tayee,Feb-5-2019,2018,TV-MA,Feb,1 Season
s4132,TV Show,Violet Evergarden,Feb-5-2019,2018,TV-14,Feb,1 Season
s4133,TV Show,Romance is a bonus book,Feb-3-2019,2019,TV-14,Feb,1 Season
s4134,Movie,Await Further Instructions,Feb-2-2019,2018,TV-MA,Feb,91 min
s4135,Movie,Manusangada,Feb-2-2019,2017,TV-14,Feb,93 min
s4136,Movie,14 Minutes from Earth,Feb-1-2019,2016,TV-MA,Feb,84 min
s4137,Movie,Dear Ex,Feb-1-2019,2018,TV-MA,Feb,100 min
s4138,Movie,Free Rein: Valentine's Day,Feb-1-2019,2019,TV-G,Feb,51 min
s4139,Movie,Lego DC Comics: Batman Be-Leaguered,Feb-1-2019,2014,TV-Y7,Feb,22 min
s4140,Movie,LEGO Marvel Super Heroes: Black Panther,Feb-1-2019,2018,TV-Y7,Feb,22 min
s4141,Movie,LEGO Marvel Super Heroes: Guardians of the Galaxy,Feb-1-2019,2017,TV-Y,Feb,22 min
s4142,TV Show,Littlest Pet Shop: A World of Our Own,Feb-1-2019,2018,TV-Y7,Feb,2 Seasons
s4143,TV Show,Russian Doll,Feb-1-2019,2019,TV-MA,Feb,1 Season
s4144,TV Show,Sparta,Feb-1-2019,2018,TV-MA,Feb,1 Season
s4145,TV Show,Sword Art Online Alternative: Gun Gale Online,Feb-1-2019,2018,TV-MA,Feb,1 Season
s4146,Movie,True: Happy Hearts Day,Feb-1-2019,2019,TV-Y,Feb,24 min
s4147,Movie,Velvet Buzzsaw,Feb-1-2019,2019,R,Feb,113 min
s4148,Movie,Hantu Kak Limah,Jan-31-2019,2018,TV-PG,Jan,110 min
s4149,Movie,Love Off the Cuff,Jan-31-2019,2017,TV-MA,Jan,120 min
s4150,TV Show,Paprika,Jan-31-2019,2018,TV-Y,Jan,1 Season
s4151,Movie,Maharaja: The Story of Ranjit Singh,Jan-30-2019,2010,TV-14,Jan,56 min
s4152,Movie,Virsa,Jan-30-2019,2010,TV-14,Jan,127 min
s4153,Movie,Bhasmasur,Jan-29-2019,2017,TV-14,Jan,74 min
s4154,Movie,"Gabriel ""Fluffy"" Iglesias: One Show Fits All",Jan-29-2019,2019,TV-14,Jan,91 min
s4155,Movie,High Society,Jan-29-2019,2018,TV-MA,Jan,137 min
s4156,Movie,Up Among  The Stars,Jan-29-2019,2018,TV-MA,Jan,86 min
s4157,Movie,Alt-Right: Age of Rage,Jan-28-2019,2018,TV-MA,Jan,106 min
s4158,Movie,Habibie & Ainun,Jan-28-2019,2012,TV-14,Jan,125 min
s4159,Movie,Nathicharami,Jan-28-2019,2018,TV-MA,Jan,114 min
s4160,Movie,Rudy Habibie,Jan-28-2019,2016,TV-14,Jan,143 min
s4161,Movie,Surga Yang Tak Dirindukan,Jan-28-2019,2015,TV-14,Jan,121 min
s4162,Movie,Surga Yang Tak Dirindukan 2,Jan-28-2019,2017,TV-14,Jan,119 min
s4163,TV Show,A Taiwanese Tale of Two Cities,Jan-27-2019,2018,TV-MA,Jan,1 Season
s4164,TV Show,Z Nation,Jan-27-2019,2018,TV-MA,Jan,5 Seasons
s4165,Movie,Goyo: The Boy General,Jan-26-2019,2018,TV-MA,Jan,150 min
s4166,Movie,Animas,Jan-25-2019,2018,TV-MA,Jan,88 min
s4167,TV Show,Black Earth Rising,Jan-25-2019,2018,TV-MA,Jan,1 Season
s4168,TV Show,Club of Crows,Jan-25-2019,2019,TV-MA,Jan,4 Seasons
s4169,TV Show,Examination of Conscience,Jan-25-2019,2019,TV-MA,Jan,1 Season
s4170,Movie,Mi Obra Maestra,Jan-25-2019,2018,TV-MA,Jan,105 min
s4171,Movie,Polar,Jan-25-2019,2019,TV-MA,Jan,119 min
s4172,TV Show,The Perfect Match,Jan-25-2019,2017,TV-14,Jan,1 Season
s4173,TV Show,Conversations with a Killer: The Ted Bundy Tapes,Jan-24-2019,2019,TV-MA,Jan,1 Season
s4174,Movie,Just Love,Jan-24-2019,2018,TV-MA,Jan,96 min
s4175,TV Show,Innocent,Jan-23-2019,2017,TV-MA,Jan,1 Season
s4176,Movie,Close,Jan-18-2019,2019,TV-MA,Jan,95 min
s4177,Movie,FYRE: The Greatest Party That Never Happened,Jan-18-2019,2019,TV-MA,Jan,98 min
s4178,Movie,IO,Jan-18-2019,2019,TV-14,Jan,96 min
s4179,TV Show,Marvel's The Punisher,Jan-18-2019,2019,TV-MA,Jan,2 Seasons
s4180,TV Show,Memory Love,Jan-18-2019,2017,TV-14,Jan,1 Season
s4181,Movie,Old Lord Savanna,Jan-18-2019,2018,TV-14,Jan,96 min
s4182,Movie,Patria,Jan-18-2019,2019,TV-MA,Jan,90 min
s4183,Movie,Soni,Jan-18-2019,2018,TV-MA,Jan,97 min
s4184,TV Show,The World's Most Extraordinary Homes,Jan-18-2019,2019,TV-G,Jan,3 Seasons
s4185,TV Show,Trigger Warning with Killer Mike,Jan-18-2019,2019,TV-MA,Jan,1 Season
s4186,Movie,Abducted in Plain Sight,Jan-15-2019,2017,TV-14,Jan,90 min
s4187,Movie,"Abdullah, The Final Witness",Jan-15-2019,2016,TV-14,Jan,88 min
s4188,Movie,Adhugo,Jan-15-2019,2018,TV-14,Jan,105 min
s4189,Movie,Echcharikkai,Jan-15-2019,2018,TV-14,Jan,127 min
s4190,TV Show,Lavender,Jan-15-2019,2002,TV-14,Jan,1 Season
s4191,Movie,Pandigai,Jan-15-2019,2017,TV-MA,Jan,125 min
s4192,Movie,Pari,Jan-15-2019,2018,TV-14,Jan,116 min
s4193,Movie,Revenger,Jan-15-2019,2018,TV-MA,Jan,102 min
s4194,Movie,Sebastian Maniscalco: Stay Hungry,Jan-15-2019,2019,TV-MA,Jan,65 min
s4195,Movie,The Doll,Jan-15-2019,2016,TV-MA,Jan,106 min
s4196,Movie,The Doll 2,Jan-15-2019,2017,TV-MA,Jan,117 min
s4197,TV Show,La Grande Chaumière Violette,Jan-14-2019,2016,TV-14,Jan,1 Season
s4198,Movie,Baazaar,Jan-13-2019,2018,TV-MA,Jan,136 min
s4199,Movie,All of You,Jan-11-2019,2017,TV-MA,Jan,104 min
s4200,TV Show,Back with the Ex,Jan-11-2019,2018,TV-MA,Jan,1 Season
s4201,TV Show,Friends from College,Jan-11-2019,2019,TV-MA,Jan,2 Seasons
s4202,TV Show,Hardy Bucks,Jan-11-2019,2018,TV-MA,Jan,4 Seasons
s4203,TV Show,Horrid Henry,Jan-11-2019,2019,TV-Y7,Jan,2 Seasons
s4204,Movie,ReMastered: Massacre at the Stadium,Jan-11-2019,2019,TV-MA,Jan,65 min
s4205,Movie,Solo,Jan-11-2019,2018,TV-MA,Jan,91 min
s4206,Movie,The Last Laugh,Jan-11-2019,2019,TV-MA,Jan,99 min
s4207,TV Show,Pocoyo,Jan-10-2019,2017,TV-Y,Jan,4 Seasons
s4208,TV Show,When Heroes Fly,Jan-10-2019,2018,TV-MA,Jan,1 Season
s4209,Movie,GODZILLA The Planet Eater,Jan-9-2019,2018,TV-PG,Jan,91 min
s4210,Movie,Next Enti?,Jan-9-2019,2018,TV-14,Jan,117 min
s4211,Movie,Komola Rocket,Jan-7-2019,2018,TV-14,Jan,95 min
s4212,Movie,Nang Nak,Jan-5-2019,1999,TV-MA,Jan,101 min
s4213,Movie,And Breathe Normally,Jan-4-2019,2018,TV-14,Jan,102 min
s4214,Movie,El Potro: Unstoppable,Jan-4-2019,2018,TV-MA,Jan,122 min
s4215,Movie,Lionheart,Jan-4-2019,2018,TV-PG,Jan,95 min
s4216,TV Show,See You in Time,Jan-4-2019,2017,TV-14,Jan,1 Season
s4217,TV Show,Déjà Vu,Jan-2-2019,2013,TV-14,Jan,1 Season
s4218,Movie,Monty Python and the Holy Grail,Jan-2-2019,1975,PG,Jan,92 min
s4219,TV Show,A Series of Unfortunate Events,Jan-1-2019,2019,TV-PG,Jan,3 Seasons
s4220,Movie,Back to the 90s,Jan-1-2019,2015,TV-14,Jan,111 min
s4221,TV Show,COMEDIANS of the world,Jan-1-2019,2019,TV-MA,Jan,13 Seasons
s4222,Movie,Merku Thodarchi Malai,Jan-1-2019,2018,TV-MA,Jan,115 min
s4223,Movie,Moshe Kasher: Live in Oakland,Jan-1-2019,2012,TV-MA,Jan,61 min
s4224,Movie,Pokémon the Movie: I Choose You!,Jan-1-2019,2017,TV-Y7,Jan,97 min
s4225,Movie,Puriyatha Puthir,Jan-1-2019,2017,TV-MA,Jan,120 min
s4226,Movie,Taramani,Jan-1-2019,2017,TV-MA,Jan,148 min
s4227,TV Show,The Paper,Jan-1-2019,2018,TV-MA,Jan,2 Seasons
s4228,TV Show,Tidying Up with Marie Kondo,Jan-1-2019,2019,TV-PG,Jan,1 Season
s4229,Movie,Whitney Cummings: Money Shot,Jan-1-2019,2010,TV-MA,Jan,48 min
s4230,Movie,Bill Hicks: One Night Stand,Dec-31-2018,1991,TV-MA,Dec,28 min
s4231,Movie,Bill Hicks: Reflections,Dec-31-2018,2015,TV-MA,Dec,34 min
s4232,Movie,Bill Hicks: Relentless,Dec-31-2018,1992,TV-MA,Dec,61 min
s4233,Movie,Bill Hicks: Revelations,Dec-31-2018,1993,TV-MA,Dec,56 min
s4234,Movie,Bill Hicks: Sane Man,Dec-31-2018,1989,TV-MA,Dec,81 min
s4235,Movie,Gina Yashere: Laughing to America,Dec-31-2018,2013,TV-MA,Dec,68 min
s4236,Movie,Gina Yashere: Skinny B*tch,Dec-31-2018,2008,TV-MA,Dec,58 min
s4237,Movie,Mexicanos de Bronce,Dec-31-2018,2016,TV-MA,Dec,100 min
s4238,Movie,Sam Kinison: Breaking the Rules,Dec-31-2018,1987,TV-MA,Dec,50 min
s4239,Movie,Sam Kinison: Family Entertainment Hour,Dec-31-2018,1991,TV-MA,Dec,49 min
s4240,Movie,Sam Kinison: Live in Vegas,Dec-31-2018,1991,TV-MA,Dec,71 min
s4241,Movie,Sam Kinison: The Scream Continues,Dec-31-2018,2016,TV-MA,Dec,29 min
s4242,Movie,Secrets in the Hot Spring,Dec-31-2018,2018,TV-14,Dec,108 min
s4243,Movie,Taylor Swift reputation Stadium Tour,Dec-31-2018,2018,TV-PG,Dec,125 min
s4244,Movie,The Seven Deadly Sins the Movie: Prisoners of the Sky,Dec-31-2018,2018,TV-14,Dec,100 min
s4245,Movie,Tim Allen: Men Are Pigs,Dec-31-2018,1990,TV-MA,Dec,30 min
s4246,Movie,Tim Allen: ReWires America,Dec-31-2018,1991,TV-MA,Dec,30 min
s4247,Movie,Tim Minchin And The Heritage Orchestra Live,Dec-31-2018,2011,TV-MA,Dec,146 min
s4248,Movie,Tim Minchin: So F**king Rock,Dec-31-2018,2008,TV-MA,Dec,127 min
s4249,Movie,Todd Glass: Stand-Up Special,Dec-31-2018,2012,TV-MA,Dec,46 min
s4250,Movie,Tom Papa Live in New York City,Dec-31-2018,2011,TV-14,Dec,57 min
s4251,TV Show,Pioneers: First Women Filmmakers*,Dec-30-2018,1925,TV-14,Dec,1 Season
s4252,TV Show,In Family We Trust,Dec-29-2018,2018,TV-MA,Dec,1 Season
s4253,Movie,A Twelve Year Night,Dec-28-2018,2018,TV-MA,Dec,122 min
s4254,Movie,Black Mirror: Bandersnatch,Dec-28-2018,2018,TV-MA,Dec,312 min
s4255,TV Show,Hashoter Hatov,Dec-28-2018,2015,TV-MA,Dec,1 Season
s4256,Movie,Life Ki Toh Lag Gayi,Dec-28-2018,2012,TV-MA,Dec,109 min
s4257,TV Show,Murder Mountain,Dec-28-2018,2018,TV-MA,Dec,1 Season
s4258,TV Show,Selection Day,Dec-28-2018,2018,TV-14,Dec,1 Season
s4259,Movie,The Birth Reborn 3,Dec-28-2018,2018,TV-14,Dec,73 min
s4260,Movie,When Angels Sleep,Dec-28-2018,2018,TV-MA,Dec,96 min
s4261,TV Show,Stand Up and Away! with Brian Regan,Dec-24-2018,2018,TV-PG,Dec,1 Season
s4262,TV Show,Way Back into Love,Dec-24-2018,2011,TV-14,Dec,1 Season
s4263,TV Show,Watership Down,Dec-23-2018,2018,TV-PG,Dec,1 Season
s4264,TV Show,Demon's Path,Dec-22-2018,2018,TV-14,Dec,1 Season
s4265,TV Show,People Just Do Nothing,Dec-22-2018,2018,TV-MA,Dec,5 Seasons
s4266,TV Show,Single Ladies Senior,Dec-22-2018,2018,TV-MA,Dec,1 Season
s4267,TV Show,7 Days Out,Dec-21-2018,2018,TV-PG,Dec,1 Season
s4268,Movie,Bad Seeds,Dec-21-2018,2018,TV-MA,Dec,105 min
s4269,Movie,Bird Box,Dec-21-2018,2018,R,Dec,124 min
s4270,TV Show,Jojo's World,Dec-21-2018,2017,TV-14,Dec,1 Season
s4271,TV Show,LAST HOPE,Dec-21-2018,2018,TV-14,Dec,2 Seasons
s4272,TV Show,Lion Pride,Dec-21-2018,2017,TV-MA,Dec,1 Season
s4273,TV Show,Love @ Seventeen,Dec-21-2018,2016,TV-14,Dec,1 Season
s4274,TV Show,Perfume,Dec-21-2018,2018,TV-MA,Dec,1 Season
s4275,TV Show,Sirius the Jaeger,Dec-21-2018,2018,TV-MA,Dec,1 Season
s4276,Movie,Struggle: The Life and Lost Art of Szukalski,Dec-21-2018,2018,TV-MA,Dec,105 min
s4277,TV Show,Wolf,Dec-21-2018,2018,TV-MA,Dec,1 Season
s4278,Movie,23:59,Dec-20-2018,2011,R,Dec,78 min
s4279,Movie,Aggretsuko: We Wish You a Metal Christmas,Dec-20-2018,2018,TV-PG,Dec,22 min
s4280,TV Show,Fate/stay night: Unlimited Blade Works,Dec-20-2018,2015,TV-14,Dec,2 Seasons
s4281,Movie,Imperfect,Dec-20-2018,2012,TV-MA,Dec,95 min
s4282,Movie,Lang Tong,Dec-20-2018,2015,TV-MA,Dec,82 min
s4283,Movie,Miss J Contemplates Her Choice,Dec-20-2018,2014,TV-MA,Dec,89 min
s4284,Movie,Ascharyachakit!,Dec-19-2018,2018,TV-MA,Dec,90 min
s4285,TV Show,Ellen DeGeneres: Relatable,Dec-18-2018,2018,TV-MA,Dec,1 Season
s4286,Movie,Lilli,Dec-17-2018,2018,TV-MA,Dec,85 min
s4287,Movie,Prince of Peoria: A Christmas Moose Miracle,Dec-17-2018,2018,TV-G,Dec,29 min
s4288,Movie,Andhadhun,Dec-16-2018,2018,TV-14,Dec,137 min
s4289,TV Show,Ashes of Love,Dec-16-2018,2018,TV-14,Dec,1 Season
s4290,Movie,Dragons: Dawn of the Dragon Racers,Dec-16-2018,2014,TV-PG,Dec,27 min
s4291,TV Show,DreamWorks Holiday Classics,Dec-16-2018,2011,TV-PG,Dec,1 Season
s4292,Movie,Kill the Messenger,Dec-16-2018,2014,R,Dec,112 min
s4293,Movie,Maps to the Stars,Dec-16-2018,2014,R,Dec,112 min
s4294,Movie,Springsteen on Broadway,Dec-16-2018,2018,TV-MA,Dec,153 min
s4295,Movie,The Theory of Everything,Dec-16-2018,2014,PG-13,Dec,123 min
s4296,Movie,F.R.E.D.I.,Dec-15-2018,2018,TV-PG,Dec,90 min
s4297,TV Show,Flowers,Dec-15-2018,2018,TV-MA,Dec,2 Seasons
s4298,Movie,Kita Kita,Dec-15-2018,2017,TV-14,Dec,84 min
s4299,Movie,Once in a Lifetime Sessions with George Ezra,Dec-15-2018,2018,TV-MA,Dec,78 min
s4300,Movie,Once in a Lifetime Sessions with Kasabian,Dec-15-2018,2018,TV-MA,Dec,79 min
s4301,Movie,Once in a Lifetime Sessions with OneRepublic,Dec-15-2018,2018,TV-PG,Dec,73 min
s4302,Movie,Once in a Lifetime Sessions with Snow Patrol,Dec-15-2018,2018,TV-MA,Dec,83 min
s4303,Movie,Sad Hill Unearthed,Dec-15-2018,2017,TV-14,Dec,83 min
s4304,Movie,Vanjagar Ulagam,Dec-15-2018,2018,TV-MA,Dec,145 min
s4305,TV Show,Hymn of Death,Dec-14-2018,2018,TV-14,Dec,1 Season
s4306,TV Show,Inside the Real Narcos,Dec-14-2018,2018,TV-MA,Dec,1 Season
s4307,Movie,ROMA,Dec-14-2018,2018,R,Dec,135 min
s4308,TV Show,The Fix,Dec-14-2018,2018,TV-MA,Dec,1 Season
s4309,TV Show,The Innocent Man,Dec-14-2018,2018,TV-MA,Dec,1 Season
s4310,TV Show,Tidelands,Dec-14-2018,2018,TV-MA,Dec,1 Season
s4311,TV Show,Travelers,Dec-14-2018,2018,TV-MA,Dec,3 Seasons
s4312,TV Show,Voltron: Legendary Defender,Dec-14-2018,2018,TV-Y7,Dec,8 Seasons
s4313,TV Show,Back Street Girls -GOKUDOLS-,Dec-12-2018,2018,TV-MA,Dec,1 Season
s4314,Movie,"Out of Many, One",Dec-12-2018,2018,TV-PG,Dec,35 min
s4315,Movie,Vir Das: Losing It,Dec-11-2018,2018,TV-MA,Dec,68 min
s4316,Movie,5 Star Christmas,Dec-7-2018,2018,TV-14,Dec,96 min
s4317,TV Show,Dogs of Berlin,Dec-7-2018,2018,TV-MA,Dec,1 Season
s4318,Movie,Dumplin',Dec-7-2018,2018,PG-13,Dec,110 min
s4319,Movie,Free Rein: The Twelve Neighs of Christmas,Dec-7-2018,2018,TV-G,Dec,58 min
s4320,Movie,Mowgli: Legend of the Jungle,Dec-7-2018,2018,PG-13,Dec,105 min
s4321,TV Show,Neo Yokio,Dec-7-2018,2018,TV-MA,Dec,2 Seasons
s4322,TV Show,Pine Gap,Dec-7-2018,2018,TV-MA,Dec,1 Season
s4323,Movie,ReMastered: Who Killed Jam Master Jay?,Dec-7-2018,2018,TV-MA,Dec,59 min
s4324,Movie,Super Monsters and the Wish Star,Dec-7-2018,2018,TV-Y,Dec,28 min
s4325,Movie,The American Meme,Dec-7-2018,2018,TV-MA,Dec,98 min
s4326,Movie,RUSSELL BRAND: RE:BIRTH,Dec-4-2018,2018,TV-MA,Dec,63 min
s4327,TV Show,The Sound of Your Heart: Reboot,Dec-3-2018,2018,TV-14,Dec,2 Seasons
s4328,TV Show,Memories of the Alhambra,Dec-2-2018,2018,TV-MA,Dec,1 Season
s4329,Movie,Teefa in Trouble,Dec-2-2018,2018,TV-14,Dec,155 min
s4330,Movie,A Beautiful Life,Dec-1-2018,2011,TV-14,Dec,122 min
s4331,Movie,Accident,Dec-1-2018,2009,TV-MA,Dec,87 min
s4332,Movie,"Ayotzinapa, el paso de la tortuga",Dec-1-2018,2018,TV-MA,Dec,73 min
s4333,Movie,Battle,Dec-1-2018,2018,TV-MA,Dec,98 min
s4334,Movie,Blind Detective,Dec-1-2018,2013,TV-MA,Dec,130 min
s4335,Movie,Break Up 100,Dec-1-2018,2014,TV-14,Dec,105 min
s4336,Movie,Chal Bhaag,Dec-1-2018,2014,TV-14,Dec,110 min
s4337,Movie,Crossroads: One Two Jaga,Dec-1-2018,2018,TV-14,Dec,81 min
s4338,Movie,Don't Go Breaking My Heart,Dec-1-2018,2011,TV-PG,Dec,115 min
s4339,Movie,Don't Go Breaking My Heart 2,Dec-1-2018,2014,TV-14,Dec,113 min
s4340,Movie,Faraar,Dec-1-2018,2015,TV-14,Dec,146 min
s4341,TV Show,Haunted House,Dec-1-2018,2017,TV-G,Dec,1 Season
s4342,Movie,Helios,Dec-1-2018,2015,TV-14,Dec,118 min
s4343,Movie,Line Walker,Dec-1-2018,2016,TV-MA,Dec,109 min
s4344,Movie,Look for a Star,Dec-1-2018,2009,TV-14,Dec,117 min
s4345,Movie,Oddbods: The Festive Menace,Dec-1-2018,2018,TV-Y,Dec,23 min
s4346,Movie,Once a Gangster,Dec-1-2018,2010,TV-MA,Dec,95 min
s4347,Movie,Power Paandi,Dec-1-2018,2017,TV-MA,Dec,124 min
s4348,Movie,Roll With Me,Dec-1-2018,2017,TV-MA,Dec,90 min
s4349,Movie,SDU: Sex Duties Unit,Dec-1-2018,2013,TV-MA,Dec,96 min
s4350,Movie,Set Off,Dec-1-2018,2008,TV-MA,Dec,96 min
s4351,TV Show,1983,Nov-30-2018,2018,TV-MA,Nov,1 Season
s4352,Movie,A Christmas Prince: The Royal Wedding,Nov-30-2018,2018,TV-PG,Nov,93 min
s4353,Movie,Angela's Christmas,Nov-30-2018,2018,TV-Y,Nov,30 min
s4354,TV Show,Death by Magic,Nov-30-2018,2018,TV-PG,Nov,1 Season
s4355,Movie,El club de los insomnes,Nov-30-2018,2018,TV-MA,Nov,82 min
s4356,Movie,Happy as Lazzaro,Nov-30-2018,2018,PG-13,Nov,127 min
s4357,TV Show,Love and Fortune,Nov-30-2018,2018,TV-MA,Nov,1 Season
s4358,Movie,Manto,Nov-30-2018,2018,TV-MA,Nov,114 min
s4359,Movie,Rajma Chawal,Nov-30-2018,2018,TV-MA,Nov,119 min
s4360,TV Show,Spy Kids: Mission Critical,Nov-30-2018,2018,TV-Y7,Nov,2 Seasons
s4361,Movie,The World Is Yours,Nov-30-2018,2018,TV-MA,Nov,101 min
s4362,Movie,Time Share,Nov-30-2018,2018,TV-MA,Nov,96 min
s4363,TV Show,Bumping Mics with Jeff Ross & Dave Attell,Nov-27-2018,2018,TV-MA,Nov,1 Season
s4364,TV Show,Minecraft: Story Mode,Nov-27-2018,2015,TV-PG,Nov,1 Season
s4365,Movie,My Little Pony Friendship Is Magic: Best Gift Ever,Nov-25-2018,2018,TV-Y,Nov,44 min
s4366,TV Show,Frontier,Nov-23-2018,2018,TV-MA,Nov,3 Seasons
s4367,TV Show,Fugitiva,Nov-23-2018,2018,TV-MA,Nov,1 Season
s4368,TV Show,Sick Note,Nov-23-2018,2018,TV-MA,Nov,2 Seasons
s4369,TV Show,Mystery Science Theater 3000: The Return,Nov-22-2018,2018,TV-14,Nov,2 Seasons
s4370,Movie,The Christmas Chronicles,Nov-22-2018,2018,TV-PG,Nov,104 min
s4371,Movie,The Tribe,Nov-21-2018,2018,TV-MA,Nov,91 min
s4372,TV Show,Kulipari: Dream Walker,Nov-20-2018,2018,TV-Y7,Nov,1 Season
s4373,TV Show,Paap-O-Meter,Nov-20-2018,2017,TV-Y7,Nov,1 Season
s4374,Movie,Puppy Star Christmas,Nov-20-2018,2018,PG,Nov,91 min
s4375,Movie,Sabrina,Nov-20-2018,2018,TV-MA,Nov,114 min
s4376,Movie,Target,Nov-20-2018,2018,TV-14,Nov,91 min
s4377,TV Show,The Final Table,Nov-20-2018,2018,TV-PG,Nov,1 Season
s4378,Movie,Trevor Noah: Son of Patricia,Nov-20-2018,2018,TV-MA,Nov,64 min
s4379,Movie,The Pixar Story,Nov-18-2018,2007,G,Nov,89 min
s4380,TV Show,Eternal Love,Nov-17-2018,2017,TV-14,Nov,1 Season
s4381,TV Show,La Doña,Nov-17-2018,2016,TV-14,Nov,1 Season
s4382,TV Show,Silvana Sin Lana,Nov-17-2018,2016,TV-14,Nov,1 Season
s4383,Movie,Cam,Nov-16-2018,2018,TV-MA,Nov,95 min
s4384,Movie,Nothing to Hide,Nov-16-2018,2018,TV-MA,Nov,94 min
s4385,TV Show,Ponysitters Club,Nov-16-2018,2018,TV-G,Nov,2 Seasons
s4386,Movie,The Ballad of Buster Scruggs,Nov-16-2018,2018,R,Nov,133 min
s4387,Movie,The Princess Switch,Nov-16-2018,2018,TV-G,Nov,102 min
s4388,TV Show,Vai Anitta,Nov-16-2018,2018,TV-MA,Nov,1 Season
s4389,Movie,Aalorukkam,Nov-15-2018,2018,TV-PG,Nov,122 min
s4390,TV Show,Beyblade Burst Evolution,Nov-15-2018,2017,TV-Y,Nov,1 Season
s4391,Movie,Christmas Wedding Planner,Nov-15-2018,2017,PG,Nov,86 min
s4392,Movie,Halkaa,Nov-15-2018,2018,TV-14,Nov,111 min
s4393,Movie,May the Devil Take You,Nov-15-2018,2018,TV-MA,Nov,111 min
s4394,Movie,Muzaffarnagar Baaqi Hai,Nov-15-2018,2015,TV-MA,Nov,136 min
s4395,Movie,Odu Raja Odu,Nov-15-2018,2018,TV-14,Nov,121 min
s4396,Movie,Savita Damodar Paranjpe,Nov-15-2018,2018,TV-14,Nov,119 min
s4397,Movie,The Giant,Nov-15-2018,2017,TV-14,Nov,115 min
s4398,Movie,BuyBust,Nov-13-2018,2018,TV-MA,Nov,128 min
s4399,Movie,Loudon Wainwright III: Surviving Twin,Nov-13-2018,2018,TV-14,Nov,92 min
s4400,TV Show,Warrior,Nov-13-2018,2018,TV-MA,Nov,1 Season
s4401,TV Show,Age of Tanks,Nov-10-2018,2017,TV-PG,Nov,1 Season
s4402,Movie,"All's Well, End's Well (2009)",Nov-9-2018,2009,TV-14,Nov,99 min
s4403,Movie,Lommbock,Nov-9-2018,2017,TV-MA,Nov,106 min
s4404,TV Show,Medal of Honor,Nov-9-2018,2018,TV-MA,Nov,1 Season
s4405,Movie,Outlaw King,Nov-9-2018,2018,R,Nov,122 min
s4406,TV Show,Super Drags,Nov-9-2018,2018,TV-MA,Nov,1 Season
s4407,TV Show,The Queen of Flow,Nov-9-2018,2018,TV-MA,Nov,1 Season
s4408,TV Show,Treehouse Detectives,Nov-9-2018,2018,TV-Y,Nov,2 Seasons
s4409,TV Show,Westside,Nov-9-2018,2018,TV-MA,Nov,1 Season
s4410,TV Show,Transfers,Nov-8-2018,2017,TV-MA,Nov,1 Season
s4411,TV Show,Damnation,Nov-7-2018,2017,TV-MA,Nov,1 Season
s4412,Movie,Bucket List,Nov-5-2018,2018,TV-14,Nov,129 min
s4413,Movie,John Leguizamo's Latin History for Morons,Nov-5-2018,2018,TV-MA,Nov,90 min
s4414,TV Show,Kopitiam,Nov-3-2018,2003,TV-14,Nov,7 Seasons
s4415,Movie,Ana e Vitória,Nov-2-2018,2018,TV-MA,Nov,116 min
s4416,TV Show,Brainchild,Nov-2-2018,2018,TV-G,Nov,1 Season
s4417,Movie,ReMastered: Tricky Dick & The Man in Black,Nov-2-2018,2018,TV-14,Nov,59 min
s4418,Movie,The Holiday Calendar,Nov-2-2018,2018,TV-G,Nov,95 min
s4419,Movie,The Other Side of the Wind,Nov-2-2018,2018,R,Nov,122 min
s4420,Movie,They’ll Love Me When I’m Dead,Nov-2-2018,2018,TV-MA,Nov,98 min
s4421,Movie,Aagey Se Right,Nov-1-2018,2009,TV-14,Nov,117 min
s4422,Movie,Aamir,Nov-1-2018,2008,TV-14,Nov,95 min
s4423,Movie,ABCD 2,Nov-1-2018,2015,TV-14,Nov,146 min
s4424,Movie,ABCD: Any Body Can Dance,Nov-1-2018,2013,TV-14,Nov,136 min
s4425,Movie,Arjun: The Warrior Prince,Nov-1-2018,2011,TV-14,Nov,91 min
s4426,Movie,Asees,Nov-1-2018,2018,TV-14,Nov,123 min
s4427,Movie,Barfi!,Nov-1-2018,2012,TV-14,Nov,144 min
s4428,Movie,Chance Pe Dance,Nov-1-2018,2010,TV-14,Nov,121 min
s4429,Movie,Christmas With A View,Nov-1-2018,2018,TV-PG,Nov,91 min
s4430,Movie,Chup Chup Ke,Nov-1-2018,2006,TV-14,Nov,158 min
s4431,TV Show,Creators,Nov-1-2018,2015,TV-Y,Nov,2 Seasons
s4432,Movie,Dhan Dhana Dhan Goal,Nov-1-2018,2007,TV-14,Nov,157 min
s4433,Movie,Dhoondte Reh Jaoge,Nov-1-2018,2009,TV-14,Nov,124 min
s4434,Movie,Do Dooni Chaar,Nov-1-2018,2010,TV-PG,Nov,106 min
s4435,Movie,Edge of Fear,Nov-1-2018,2018,TV-MA,Nov,92 min
s4436,Movie,"Edmilson Filho: Notas, Comedy about Relationships",Nov-1-2018,2017,TV-MA,Nov,80 min
s4437,TV Show,Follow This,Nov-1-2018,2018,TV-MA,Nov,3 Seasons
s4438,Movie,Gaddar: the Traitor,Nov-1-2018,2015,TV-14,Nov,126 min
s4439,Movie,Ghanchakkar,Nov-1-2018,2013,TV-MA,Nov,129 min
s4440,Movie,Grandmaster,Nov-1-2018,2012,TV-14,Nov,133 min
s4441,Movie,Hattrick,Nov-1-2018,2007,TV-14,Nov,109 min
s4442,Movie,Heroine,Nov-1-2018,2012,TV-MA,Nov,143 min
s4443,Movie,Himmatwala,Nov-1-2018,2013,TV-14,Nov,140 min
s4444,Movie,Husbands in Goa,Nov-1-2018,2012,TV-14,Nov,150 min
s4445,Movie,Jatts in Golmaal,Nov-1-2018,2013,TV-PG,Nov,128 min
s4446,Movie,Kai Po Che!,Nov-1-2018,2013,TV-MA,Nov,120 min
s4447,Movie,Kalakalappu,Nov-1-2018,2012,TV-14,Nov,154 min
s4448,Movie,Katt Williams: The Pimp Chronicles: Pt. 1,Nov-1-2018,2006,TV-MA,Nov,45 min
s4449,Movie,Katti Batti,Nov-1-2018,2015,TV-14,Nov,132 min
s4450,Movie,Life in a ... Metro,Nov-1-2018,2007,TV-14,Nov,126 min
s4451,Movie,Marc Maron: Thinky Pain,Nov-1-2018,2013,TV-MA,Nov,95 min
s4452,Movie,Mumbai Meri Jaan,Nov-1-2018,2008,TV-MA,Nov,135 min
s4453,Movie,Mundeyan Ton Bachke Rahin,Nov-1-2018,2014,TV-14,Nov,139 min
s4454,Movie,No One Killed Jessica,Nov-1-2018,2011,TV-MA,Nov,131 min
s4455,Movie,Oye Lucky! Lucky Oye!,Nov-1-2018,2008,TV-14,Nov,118 min
s4456,Movie,Paan Singh Tomar,Nov-1-2018,2010,TV-14,Nov,129 min
s4457,Movie,Raja Natwarlal,Nov-1-2018,2014,TV-14,Nov,131 min
s4458,Movie,Satyagraha,Nov-1-2018,2013,TV-14,Nov,146 min
s4459,Movie,Settai,Nov-1-2018,2013,TV-14,Nov,123 min
s4460,Movie,Sigaram Thodu,Nov-1-2018,2014,TV-14,Nov,141 min
s4461,Movie,Sommore: The Reign Continues,Nov-1-2018,2015,TV-MA,Nov,93 min
s4462,TV Show,The Great British Baking Show: The Beginnings,Nov-1-2018,2012,TV-PG,Nov,1 Season
s4463,Movie,The Untold Tales of Armistead Maupin,Nov-1-2018,2017,TV-MA,Nov,91 min
s4464,Movie,Vaya,Nov-1-2018,2016,TV-MA,Nov,106 min
s4465,Movie,Welcome to Sajjanpur,Nov-1-2018,2008,TV-14,Nov,131 min
s4466,Movie,Yeh Hai Bakrapur,Nov-1-2018,2014,TV-PG,Nov,95 min
s4467,Movie,Zokkomon,Nov-1-2018,2011,PG,Nov,104 min
s4468,Movie,Gun City,Oct-31-2018,2018,TV-MA,Oct,126 min
s4469,Movie,Heneral Luna,Oct-31-2018,2015,R,Oct,118 min
s4470,TV Show,Fate/EXTRA Last Encore,Oct-30-2018,2018,TV-MA,Oct,2 Seasons
s4471,Movie,Dragon Tiger Gate,Oct-27-2018,2006,TV-14,Oct,94 min
s4472,Movie,Been So Long,Oct-26-2018,2018,TV-MA,Oct,100 min
s4473,Movie,Dovlatov,Oct-26-2018,2018,PG-13,Oct,126 min
s4474,Movie,Jefe,Oct-26-2018,2018,TV-MA,Oct,90 min
s4475,Movie,Santo Cachón,Oct-26-2018,2018,TV-14,Oct,87 min
s4476,Movie,Shirkers,Oct-26-2018,2018,TV-14,Oct,97 min
s4477,TV Show,Terrorism Close Calls,Oct-26-2018,2018,TV-MA,Oct,1 Season
s4478,Movie,W/O Ram,Oct-26-2018,2018,TV-MA,Oct,115 min
s4479,TV Show,DreamWorks Spooky Stories,Oct-25-2018,2009,TV-PG,Oct,1 Season
s4480,TV Show,Great News,Oct-25-2018,2017,TV-14,Oct,2 Seasons
s4481,Movie,Ronnie Coleman: The King,Oct-25-2018,2018,TV-MA,Oct,93 min
s4482,Movie,Baahubali: The Beginning (English Version),Oct-24-2018,2015,TV-14,Oct,138 min
s4483,Movie,ADAM SANDLER 100% FRESH,Oct-23-2018,2018,TV-MA,Oct,74 min
s4484,TV Show,Here to Heart,Oct-23-2018,2018,TV-14,Oct,1 Season
s4485,Movie,Scorpion King 5: Book of Souls,Oct-23-2018,2018,PG-13,Oct,102 min
s4486,TV Show,The Hollywood Masters,Oct-23-2018,2017,TV-MA,Oct,3 Seasons
s4487,Movie,How to Get Over a Breakup,Oct-20-2018,2018,TV-MA,Oct,104 min
s4488,TV Show,Accidentally in Love,Oct-19-2018,2018,TV-14,Oct,1 Season
s4489,TV Show,Ask the Doctor,Oct-19-2018,2017,TV-PG,Oct,1 Season
s4490,TV Show,Best.Worst.Weekend.Ever.,Oct-19-2018,2018,TV-PG,Oct,1 Season
s4491,Movie,"Club de Cuervos Presents: I, Potro",Oct-19-2018,2018,TV-MA,Oct,51 min
s4492,Movie,Derren Brown: Sacrifice,Oct-19-2018,2018,TV-MA,Oct,50 min
s4493,Movie,Gnome Alone,Oct-19-2018,2018,PG,Oct,86 min
s4494,Movie,Illang: The Wolf Brigade,Oct-19-2018,2018,TV-MA,Oct,140 min
s4495,TV Show,Making a Murderer,Oct-19-2018,2018,TV-14,Oct,2 Seasons
s4496,TV Show,Marvel's Daredevil,Oct-19-2018,2018,TV-MA,Oct,3 Seasons
s4497,Movie,Naa Bangaaru Talli,Oct-19-2018,2013,TV-14,Oct,122 min
s4498,Movie,Oddbods: Party Monsters,Oct-19-2018,2018,TV-Y,Oct,23 min
s4499,TV Show,Project S The Series,Oct-19-2018,2017,TV-MA,Oct,4 Seasons
s4500,Movie,S Storm,Oct-19-2018,2016,TV-MA,Oct,95 min
s4501,Movie,The Night Comes for Us,Oct-19-2018,2018,TV-MA,Oct,121 min
s4502,TV Show,Wanderlust,Oct-19-2018,2018,TV-MA,Oct,1 Season
s4503,Movie,Mr. Chandramouli,Oct-18-2018,2018,TV-MA,Oct,131 min
s4504,TV Show,My Babysitter's a Vampire,Oct-17-2018,2012,TV-PG,Oct,2 Seasons
s4505,TV Show,Rake,Oct-16-2018,2018,TV-MA,Oct,5 Seasons
s4506,Movie,"Ron White: If You Quit Listening, I'll Shut Up",Oct-16-2018,2018,TV-MA,Oct,63 min
s4507,Movie,Meghnadbodh Rohoshyo,Oct-15-2018,2017,TV-MA,Oct,150 min
s4508,Movie,Sanju,Oct-15-2018,2018,TV-MA,Oct,159 min
s4509,TV Show,Stunt Science,Oct-15-2018,2018,TV-MA,Oct,1 Season
s4510,Movie,Soorma,Oct-13-2018,2018,TV-14,Oct,131 min
s4511,Movie,Apostle,Oct-12-2018,2018,TV-MA,Oct,130 min
s4512,TV Show,Edgar Rice Burroughs' Tarzan and Jane,Oct-12-2018,2018,TV-Y7,Oct,2 Seasons
s4513,Movie,Errementari: The Blacksmith and the Devil,Oct-12-2018,2018,TV-MA,Oct,99 min
s4514,Movie,Feminists: What Were They Thinking?,Oct-12-2018,2018,TV-MA,Oct,86 min
s4515,TV Show,FIGHTWORLD,Oct-12-2018,2018,TV-MA,Oct,1 Season
s4516,Movie,Kuntilanak,Oct-12-2018,2018,TV-14,Oct,106 min
s4517,Movie,ReMastered: Who Shot the Sheriff,Oct-12-2018,2018,TV-14,Oct,57 min
s4518,TV Show,The Curious Creations of Christine McConnell,Oct-12-2018,2018,TV-PG,Oct,1 Season
s4519,TV Show,The Haunting of Hill House,Oct-12-2018,2018,TV-MA,Oct,1 Season
s4520,Movie,The Kindergarten Teacher,Oct-12-2018,2018,R,Oct,97 min
s4521,TV Show,Ordinary Heroes,Oct-11-2018,2018,TV-MA,Oct,1 Season
s4522,TV Show,Salt Fat Acid Heat,Oct-11-2018,2018,TV-PG,Oct,1 Season
s4523,Movie,22-Jul,Oct-10-2018,2018,R,Oct,144 min
s4524,TV Show,Blood Pact,Oct-10-2018,2018,TV-MA,Oct,1 Season
s4525,Movie,Tales From the Hood 2,Oct-10-2018,2018,R,Oct,110 min
s4526,Movie,Mo Amer: The Vagabond,Oct-9-2018,2018,TV-MA,Oct,57 min
s4527,Movie,Pulang,Oct-8-2018,2018,TV-14,Oct,119 min
s4528,TV Show,Sofia the First,Oct-8-2018,2017,TV-Y,Oct,4 Seasons
s4529,Movie,Seven in Heaven,Oct-6-2018,2018,PG-13,Oct,94 min
s4530,TV Show,Dancing Queen,Oct-5-2018,2018,TV-14,Oct,1 Season
s4531,TV Show,Empire Games,Oct-5-2018,2018,TV-14,Oct,1 Season
s4532,TV Show,LOST SONG,Oct-5-2018,2018,TV-14,Oct,1 Season
s4533,Movie,Malevolent,Oct-5-2018,2018,TV-MA,Oct,89 min
s4534,Movie,Private Life,Oct-5-2018,2018,R,Oct,124 min
s4535,Movie,Super Monsters Save Halloween,Oct-5-2018,2018,TV-Y,Oct,25 min
s4536,TV Show,YG Future Strategy Office,Oct-5-2018,2018,TV-MA,Oct,1 Season
s4537,TV Show,Violet Evergarden: Special,Oct-4-2018,2018,TV-PG,Oct,1 Season
s4538,Movie,The Black Prince,Oct-3-2018,2017,PG-13,Oct,121 min
s4539,Movie,Truth or Dare,Oct-3-2018,2017,TV-MA,Oct,88 min
s4540,Movie,Death Race: Beyond Anarchy,Oct-2-2018,2017,R,Oct,111 min
s4541,Movie,Eric ldle's What About Dick?,Oct-2-2018,2012,TV-MA,Oct,81 min
s4542,Movie,Joe Rogan: Strange Times,Oct-2-2018,2018,TV-MA,Oct,64 min
s4543,TV Show,Monty Python Best Bits (mostly),Oct-2-2018,2014,TV-MA,Oct,1 Season
s4544,Movie,Monty Python Conquers America,Oct-2-2018,2008,TV-MA,Oct,55 min
s4545,Movie,"Monty Python Live (Mostly): One Down, Five to Go",Oct-2-2018,2014,TV-MA,Oct,137 min
s4546,Movie,Monty Python: Before the Flying Circus,Oct-2-2018,2000,TV-MA,Oct,56 min
s4547,Movie,Monty Python: Live at Aspen,Oct-2-2018,1998,TV-MA,Oct,58 min
s4548,Movie,Monty Python: Live at The Hollywood Bowl,Oct-2-2018,1982,R,Oct,80 min
s4549,Movie,Monty Python: The Meaning of Live,Oct-2-2018,2014,TV-MA,Oct,94 min
s4550,TV Show,Monty Python's Almost the Truth,Oct-2-2018,2009,TV-MA,Oct,1 Season
s4551,TV Show,Monty Python's Fliegender Zirkus,Oct-2-2018,1972,TV-MA,Oct,1 Season
s4552,TV Show,Monty Python's Flying Circus,Oct-2-2018,1974,TV-14,Oct,4 Seasons
s4553,Movie,Monty Python's Life of Brian,Oct-2-2018,1979,R,Oct,94 min
s4554,TV Show,Monty Python's Personal Best,Oct-2-2018,2005,TV-MA,Oct,1 Season
s4555,Movie,Parrot Sketch Not Included: Twenty Years of Monty Python,Oct-2-2018,1989,TV-14,Oct,72 min
s4556,Movie,The Meaning of Monty Python,Oct-2-2018,2013,TV-MA,Oct,60 min
s4557,Movie,25 Kille,Oct-1-2018,2016,TV-14,Oct,140 min
s4558,Movie,A Witches' Ball,Oct-1-2018,2017,PG,Oct,91 min
s4559,Movie,Agyaat,Oct-1-2018,2009,TV-14,Oct,97 min
s4560,Movie,Anjaan,Oct-1-2018,2014,TV-14,Oct,146 min
s4561,Movie,Bathinda Express,Oct-1-2018,2016,TV-14,Oct,118 min
s4562,Movie,Delhi 6,Oct-1-2018,2009,TV-14,Oct,128 min
s4563,Movie,Dev.D,Oct-1-2018,2009,TV-MA,Oct,137 min
s4564,Movie,Dil Vil Pyaar Vyaar,Oct-1-2018,2014,TV-PG,Oct,145 min
s4565,Movie,Dushman,Oct-1-2018,2017,TV-14,Oct,141 min
s4566,Movie,Ek Main Aur Ekk Tu,Oct-1-2018,2012,TV-14,Oct,106 min
s4567,Movie,Freedom at Midnight,Oct-1-2018,2018,TV-MA,Oct,135 min
s4568,Movie,Haani,Oct-1-2018,2013,TV-14,Oct,137 min
s4569,Movie,Happy Go Lucky,Oct-1-2018,2014,TV-14,Oct,129 min
s4570,Movie,Harishchandrachi Factory,Oct-1-2018,2009,TV-PG,Oct,99 min
s4571,TV Show,Hot Date,Oct-1-2018,2018,TV-MA,Oct,1 Season
s4572,Movie,Jagga Jasoos,Oct-1-2018,2017,TV-14,Oct,155 min
s4573,Movie,Jatt James Bond,Oct-1-2018,2014,TV-14,Oct,142 min
s4574,Movie,Jodhaa Akbar,Oct-1-2018,2008,TV-14,Oct,214 min
s4575,Movie,Judge Singh LLB,Oct-1-2018,2015,TV-PG,Oct,137 min
s4576,Movie,Kaminey,Oct-1-2018,2009,TV-14,Oct,128 min
s4577,Movie,Khido Khundi,Oct-1-2018,2018,TV-14,Oct,151 min
s4578,Movie,Khoobsurat,Oct-1-2018,2014,TV-14,Oct,121 min
s4579,Movie,Kisaan,Oct-1-2018,2009,TV-14,Oct,101 min
s4580,Movie,Kismat Konnection,Oct-1-2018,2008,TV-14,Oct,145 min
s4581,Movie,Kurbaan,Oct-1-2018,2009,TV-14,Oct,147 min
s4582,Movie,Lock,Oct-1-2018,2016,TV-14,Oct,90 min
s4583,Movie,Luv Shuv Tey Chicken Khurana,Oct-1-2018,2012,TV-14,Oct,129 min
s4584,Movie,"Main, Meri Patni Aur Woh",Oct-1-2018,2005,TV-PG,Oct,129 min
s4585,Movie,Manje Bistre,Oct-1-2018,2017,TV-14,Oct,136 min
s4586,Movie,Motor Mitraan Di,Oct-1-2018,2016,TV-PG,Oct,117 min
s4587,Movie,Mugamoodi,Oct-1-2018,2012,TV-14,Oct,150 min
s4588,Movie,Muran,Oct-1-2018,2011,TV-14,Oct,134 min
s4589,Movie,My Friend Pinto,Oct-1-2018,2011,TV-14,Oct,100 min
s4590,Movie,My Little Pony Equestria Girls: Forgotten Friendship,Oct-1-2018,2018,TV-Y,Oct,44 min
s4591,Movie,My Little Pony Equestria Girls: Rollercoaster of Friendship,Oct-1-2018,2018,TV-Y,Oct,44 min
s4592,Movie,My Suicide,Oct-1-2018,2009,TV-MA,Oct,111 min
s4593,Movie,Naan Sigappu Manithan,Oct-1-2018,2014,TV-14,Oct,147 min
s4594,Movie,Nasha,Oct-1-2018,2013,TV-14,Oct,115 min
s4595,Movie,Naughty Jatts,Oct-1-2018,2013,TV-PG,Oct,121 min
s4596,Movie,Needhi Singh,Oct-1-2018,2016,TV-14,Oct,103 min
s4597,Movie,Peace Haven,Oct-1-2018,2016,TV-14,Oct,73 min
s4598,Movie,Phantom,Oct-1-2018,2015,TV-14,Oct,129 min
s4599,Movie,Pizza,Oct-1-2018,2014,TV-14,Oct,102 min
s4600,Movie,Pooja Kiven Aa,Oct-1-2018,2013,TV-PG,Oct,122 min
s4601,Movie,Race,Oct-1-2018,2008,TV-14,Oct,155 min
s4602,Movie,Race 2,Oct-1-2018,2013,TV-14,Oct,139 min
s4603,Movie,Saadey CM Saab,Oct-1-2018,2015,TV-PG,Oct,131 min
s4604,Movie,Sat Shri Akaal England,Oct-1-2018,2017,TV-14,Oct,127 min
s4605,TV Show,Strong,Oct-1-2018,2016,TV-14,Oct,1 Season
s4606,Movie,Thaandavam,Oct-1-2018,2012,TV-14,Oct,156 min
s4607,Movie,The Birth Reborn,Oct-1-2018,2018,TV-MA,Oct,91 min
s4608,Movie,Theeya Velai Seyyanum Kumaru,Oct-1-2018,2013,TV-PG,Oct,132 min
s4609,TV Show,Three Wives One Husband,Oct-1-2018,2018,TV-14,Oct,1 Season
s4610,Movie,Tiger,Oct-1-2018,2016,TV-14,Oct,130 min
s4611,Movie,Udaan,Oct-1-2018,2010,TV-MA,Oct,137 min
s4612,Movie,Vettai,Oct-1-2018,2012,TV-14,Oct,156 min
s4613,Movie,Wake Up Sid,Oct-1-2018,2009,TV-14,Oct,132 min
s4614,Movie,We Are Family,Oct-1-2018,2010,TV-14,Oct,119 min
s4615,Movie,What the Jatt!!,Oct-1-2018,2015,TV-PG,Oct,140 min
s4616,Movie,Zindagi Kitni Haseen Hay,Oct-1-2018,2016,TV-14,Oct,126 min
s4617,Movie,Big Miracle,Sep-30-2018,2012,PG,Sep,107 min
s4618,Movie,Paradise Lost,Sep-29-2018,2018,TV-MA,Sep,111 min
s4619,Movie,Animal World,Sep-28-2018,2018,TV-MA,Sep,130 min
s4620,Movie,Hold the Dark,Sep-28-2018,2018,TV-MA,Sep,126 min
s4621,Movie,Lessons from a School Shooting: Notes from Dunblane,Sep-28-2018,2018,TV-14,Sep,24 min
s4622,TV Show,Made in Mexico,Sep-28-2018,2018,TV-MA,Sep,1 Season
s4623,TV Show,Reboot: The Guardian Code,Sep-28-2018,2018,TV-Y7,Sep,2 Seasons
s4624,TV Show,Skylanders Academy,Sep-28-2018,2018,TV-Y7,Sep,3 Seasons
s4625,Movie,The 3rd Eye,Sep-28-2018,2018,TV-MA,Sep,108 min
s4626,Movie,Two Catalonias,Sep-28-2018,2018,TV-MA,Sep,117 min
s4627,Movie,In Darkness,Sep-22-2018,2018,TV-MA,Sep,101 min
s4628,TV Show,Battlefish,Sep-21-2018,2018,TV-MA,Sep,1 Season
s4629,TV Show,DRAGON PILOT: Hisone & Masotan,Sep-21-2018,2018,TV-14,Sep,1 Season
s4630,TV Show,Maniac,Sep-21-2018,2018,TV-MA,Sep,1 Season
s4631,Movie,Quincy,Sep-21-2018,2018,TV-MA,Sep,124 min
s4632,Movie,Rafinha Bastos: Ultimatum,Sep-21-2018,2018,TV-MA,Sep,63 min
s4633,TV Show,The Good Cop,Sep-21-2018,2018,TV-14,Sep,1 Season
s4634,TV Show,Mobile Suit Gundam UC,Sep-20-2018,2014,TV-PG,Sep,1 Season
s4635,TV Show,Transformers: Rescue Bots,Sep-19-2018,2016,TV-Y7,Sep,1 Season
s4636,TV Show,Al Hayba,Sep-15-2018,2017,TV-14,Sep,1 Season
s4637,TV Show,American Vandal,Sep-14-2018,2018,TV-MA,Sep,2 Seasons
s4638,TV Show,Boca Juniors Confidential,Sep-14-2018,2018,TV-PG,Sep,1 Season
s4639,TV Show,Ingobernable,Sep-14-2018,2018,TV-MA,Sep,2 Seasons
s4640,TV Show,Norm Macdonald Has a Show,Sep-14-2018,2018,TV-MA,Sep,1 Season
s4641,TV Show,Super Monsters Monster Party,Sep-14-2018,2018,TV-Y,Sep,1 Season
s4642,Movie,The Angel,Sep-14-2018,2018,TV-MA,Sep,114 min
s4643,Movie,The Land of Steady Habits,Sep-14-2018,2018,TV-MA,Sep,98 min
s4644,TV Show,The Rise of Phoenixes,Sep-14-2018,2018,TV-14,Sep,1 Season
s4645,Movie,Reversing Roe,Sep-13-2018,2018,TV-14,Sep,100 min
s4646,TV Show,Life,Sep-12-2018,2018,TV-MA,Sep,1 Season
s4647,Movie,On My Skin,Sep-12-2018,2018,TV-MA,Sep,100 min
s4648,TV Show,Daniel Sloss: Live Shows,Sep-11-2018,2018,TV-MA,Sep,1 Season
s4649,TV Show,If I were an Animal,Sep-11-2018,2018,TV-G,Sep,1 Season
s4650,Movie,The Resistance Banker,Sep-11-2018,2018,TV-MA,Sep,123 min
s4651,TV Show,Show Me the Money,Sep-9-2018,2004,TV-14,Sep,2 Seasons
s4652,TV Show,Transformers Prime,Sep-8-2018,2013,TV-Y7,Sep,1 Season
s4653,TV Show,Transformers: Robots in Disguise,Sep-8-2018,2016,TV-Y7,Sep,1 Season
s4654,Movie,City of Joy,Sep-7-2018,2018,TV-MA,Sep,77 min
s4655,TV Show,First and Last,Sep-7-2018,2018,TV-MA,Sep,1 Season
s4656,TV Show,Marvel's Iron Fist,Sep-7-2018,2018,TV-MA,Sep,2 Seasons
s4657,Movie,Next Gen,Sep-7-2018,2018,TV-PG,Sep,106 min
s4658,Movie,Sierra Burgess Is A Loser,Sep-7-2018,2018,PG-13,Sep,106 min
s4659,TV Show,Stretch Armstrong & the Flex Fighters,Sep-7-2018,2018,TV-Y7,Sep,2 Seasons
s4660,Movie,The Most Assassinated Woman in the World,Sep-7-2018,2018,TV-MA,Sep,102 min
s4661,Movie,PK,Sep-6-2018,2014,TV-14,Sep,146 min
s4662,Movie,The Debt Collector,Sep-3-2018,2018,TV-MA,Sep,96 min
s4663,TV Show,Monkey Twins,Sep-2-2018,2018,TV-MA,Sep,1 Season
s4664,TV Show,Quantico,Sep-2-2018,2018,TV-14,Sep,3 Seasons
s4665,TV Show,Age of Rebellion,Sep-1-2018,2018,TV-MA,Sep,1 Season
s4666,Movie,Carbon,Sep-1-2018,2017,TV-MA,Sep,104 min
s4667,Movie,Garbage,Sep-1-2018,2018,TV-MA,Sep,109 min
s4668,Movie,​​Kuch Bheege Alfaaz,Sep-1-2018,2018,TV-14,Sep,110 min
s4669,Movie,Love and Shukla,Sep-1-2018,2017,TV-MA,Sep,110 min
s4670,Movie,Once Again,Sep-1-2018,2018,TV-PG,Sep,101 min
s4671,TV Show,Sisters,Sep-1-2018,2018,TV-MA,Sep,1 Season
s4672,Movie,Sparring,Sep-1-2018,2017,TV-MA,Sep,94 min
s4673,TV Show,Cathedral of the Sea,Aug-31-2018,2017,TV-MA,Aug,1 Season
s4674,TV Show,Inside the Criminal Mind,Aug-31-2018,2018,TV-MA,Aug,1 Season
s4675,TV Show,The Comedy Lineup,Aug-31-2018,2018,TV-MA,Aug,2 Seasons
s4676,Movie,The Laws of Thermodynamics,Aug-31-2018,2018,TV-MA,Aug,101 min
s4677,TV Show,Ultimate Beastmaster,Aug-31-2018,2018,TV-PG,Aug,3 Seasons
s4678,TV Show,Ultimate Beastmaster México,Aug-31-2018,2018,TV-PG,Aug,3 Seasons
s4679,TV Show,Undercover Law,Aug-31-2018,2017,TV-MA,Aug,1 Season
s4680,Movie,Naam Shabana,Aug-28-2018,2017,TV-14,Aug,141 min
s4681,Movie,Qarib Qarib Singlle,Aug-28-2018,2017,TV-14,Aug,120 min
s4682,Movie,Spyder,Aug-28-2018,2017,TV-14,Aug,140 min
s4683,TV Show,Chicken Soup for the Soul's Being Dad,Aug-27-2018,2018,TV-MA,Aug,1 Season
s4684,Movie,Maria Bamford: The Special Special Special,Aug-25-2018,2012,TV-MA,Aug,50 min
s4685,Movie,Bert Kreischer: Secret Time,Aug-24-2018,2018,TV-MA,Aug,57 min
s4686,TV Show,GHOUL,Aug-24-2018,2018,TV-MA,Aug,1 Season
s4687,Movie,One Last Shot,Aug-24-2018,1998,TV-MA,Aug,31 min
s4688,TV Show,Take My Brother Away,Aug-24-2018,2018,TV-14,Aug,1 Season
s4689,Movie,The After Party,Aug-24-2018,2018,TV-MA,Aug,90 min
s4690,TV Show,The Innocents,Aug-24-2018,2018,TV-MA,Aug,1 Season
s4691,Movie,Bareilly Ki Barfi,Aug-21-2018,2017,TV-14,Aug,110 min
s4692,Movie,Mersal,Aug-21-2018,2017,TV-14,Aug,162 min
s4693,Movie,Mom,Aug-21-2018,2017,TV-14,Aug,139 min
s4694,Movie,Pad Man,Aug-21-2018,2018,PG-13,Aug,130 min
s4695,Movie,Toilet: Ek Prem Katha,Aug-21-2018,2017,TV-14,Aug,145 min
s4696,Movie,Party Monster: Scratching the Surface,Aug-17-2018,2018,TV-14,Aug,33 min
s4697,TV Show,Stay Here,Aug-17-2018,2018,TV-PG,Aug,1 Season
s4698,Movie,The Motive,Aug-17-2018,2017,TV-MA,Aug,114 min
s4699,Movie,To All the Boys I’ve Loved Before,Aug-17-2018,2018,TV-14,Aug,100 min
s4700,Movie,Yoo Byung Jae: Discomfort Zone,Aug-17-2018,2018,TV-MA,Aug,54 min
s4701,Movie,Bhavesh Joshi Superhero,Aug-16-2018,2018,TV-14,Aug,150 min
s4702,Movie,For Here or to Go?,Aug-15-2018,2015,TV-MA,Aug,105 min
s4703,TV Show,72 Dangerous Animals: Asia,Aug-10-2018,2018,TV-14,Aug,1 Season
s4704,TV Show,Afflicted,Aug-10-2018,2018,TV-MA,Aug,1 Season
s4705,TV Show,All About the Washingtons,Aug-10-2018,2018,TV-PG,Aug,1 Season
s4706,Movie,The Guernsey Literary and Potato Peel Pie Society,Aug-10-2018,2018,TV-PG,Aug,124 min
s4707,Movie,The Package,Aug-10-2018,2018,TV-MA,Aug,95 min
s4708,Movie,Zion,Aug-10-2018,2018,TV-PG,Aug,12 min
s4709,Movie,Perdida,Aug-9-2018,2018,TV-MA,Aug,104 min
s4710,TV Show,The Originals,Aug-9-2018,2018,TV-14,Aug,5 Seasons
s4711,TV Show,Pretty Man,Aug-8-2018,2018,TV-14,Aug,1 Season
s4712,TV Show,On Children,Aug-5-2018,2018,TV-14,Aug,1 Season
s4713,Movie,2 States,Aug-4-2018,2014,TV-PG,Aug,143 min
s4714,Movie,Baaghi,Aug-4-2018,2016,TV-14,Aug,127 min
s4715,Movie,Brij Mohan Amar Rahe,Aug-4-2018,2018,TV-MA,Aug,100 min
s4716,Movie,Flavors of Youth: International Version,Aug-4-2018,2018,TV-PG,Aug,74 min
s4717,TV Show,Cocaine Coast,Aug-3-2018,2018,TV-MA,Aug,1 Season
s4718,TV Show,Dinotrux Supercharged,Aug-3-2018,2018,TV-Y7,Aug,3 Seasons
s4719,Movie,Like Father,Aug-3-2018,2018,TV-MA,Aug,104 min
s4720,Movie,7 Khoon Maaf,Aug-2-2018,2011,TV-MA,Aug,148 min
s4721,Movie,Chillar Party,Aug-2-2018,2011,TV-PG,Aug,127 min
s4722,Movie,Fashion,Aug-2-2018,2008,TV-MA,Aug,158 min
s4723,Movie,Fitoor,Aug-2-2018,2016,TV-14,Aug,124 min
s4724,Movie,Fiza,Aug-2-2018,2000,TV-14,Aug,163 min
s4725,Movie,Guzaarish,Aug-2-2018,2010,TV-14,Aug,121 min
s4726,Movie,Haider,Aug-2-2018,2014,TV-MA,Aug,154 min
s4727,Movie,Highway,Aug-2-2018,2014,TV-14,Aug,127 min
s4728,Movie,I Hate Luv Storys,Aug-2-2018,2010,TV-14,Aug,128 min
s4729,Movie,Joker,Aug-2-2018,2012,TV-PG,Aug,98 min
s4730,Movie,Main aurr Mrs. Khanna,Aug-2-2018,2009,TV-14,Aug,109 min
s4731,Movie,Mohenjo Daro,Aug-2-2018,2016,TV-14,Aug,168 min
s4732,Movie,Raajneeti,Aug-2-2018,2010,TV-14,Aug,162 min
s4733,Movie,Rang De Basanti,Aug-2-2018,2006,TV-14,Aug,159 min
s4734,Movie,Rowdy Rathore,Aug-2-2018,2012,TV-14,Aug,137 min
s4735,Movie,Tamasha,Aug-2-2018,2015,TV-14,Aug,133 min
s4736,Movie,Tere Naal Love Ho Gaya,Aug-2-2018,2012,TV-14,Aug,127 min
s4737,Movie,Thank You,Aug-2-2018,2011,TV-14,Aug,131 min
s4738,Movie,The Blue Umbrella,Aug-2-2018,2005,TV-PG,Aug,90 min
s4739,TV Show,Becoming Champions,Aug-1-2018,2018,TV-G,Aug,1 Season
s4740,Movie,Being Napoleon,Aug-1-2018,2018,TV-MA,Aug,88 min
s4741,Movie,Invisible,Aug-1-2018,2017,TV-MA,Aug,87 min
s4742,TV Show,Switched,Aug-1-2018,2018,TV-MA,Aug,1 Season
s4743,TV Show,The Could’ve-Gone-All-the-Way Committee,Aug-1-2018,2018,TV-14,Aug,1 Season
s4744,TV Show,A Very Secret Service,Jul-30-2018,2018,TV-MA,Jul,2 Seasons
s4745,TV Show,SWORDGAI The Animation,Jul-30-2018,2018,TV-MA,Jul,2 Seasons
s4746,Movie,Da Kath & Kim Code,Jul-28-2018,2005,TV-PG,Jul,82 min
s4747,Movie,Kath & Kimderella,Jul-28-2018,2012,TV-14,Jul,86 min
s4748,TV Show,Kath and Kim,Jul-28-2018,2007,TV-MA,Jul,6 Seasons
s4749,Movie,The Mansion,Jul-28-2018,2017,TV-MA,Jul,100 min
s4750,Movie,Coco y Raulito: Carrusel de ternura,Jul-27-2018,2018,TV-MA,Jul,57 min
s4751,TV Show,El Chapo,Jul-27-2018,2018,TV-MA,Jul,3 Seasons
s4752,Movie,Extinction,Jul-27-2018,2018,TV-MA,Jul,95 min
s4753,TV Show,Smoking,Jul-27-2018,2018,TV-MA,Jul,1 Season
s4754,Movie,The Bleeding Edge,Jul-27-2018,2018,TV-14,Jul,101 min
s4755,TV Show,Welcome to the Family,Jul-27-2018,2018,TV-MA,Jul,1 Season
s4756,Movie,Parmanu: The Story of Pokhran,Jul-25-2018,2018,TV-PG,Jul,124 min
s4757,Movie,Iliza Shlesinger: Elder Millennial,Jul-24-2018,2018,TV-MA,Jul,72 min
s4758,Movie,The Warning,Jul-24-2018,2018,TV-MA,Jul,93 min
s4759,TV Show,Amazing Interiors,Jul-20-2018,2018,TV-PG,Jul,1 Season
s4760,TV Show,Dark Tourist,Jul-20-2018,2018,TV-MA,Jul,1 Season
s4761,Movie,Duck Duck Goose,Jul-20-2018,2018,PG,Jul,92 min
s4762,Movie,Father of the Year,Jul-20-2018,2018,TV-MA,Jul,95 min
s4763,TV Show,Home: Adventures with Tip & Oh,Jul-20-2018,2018,TV-Y7,Jul,4 Seasons
s4764,TV Show,Jimmy: The True Story of a True Idiot,Jul-20-2018,2018,TV-MA,Jul,1 Season
s4765,TV Show,Luna Petunia: Return to Amazia,Jul-20-2018,2018,TV-Y,Jul,2 Seasons
s4766,Movie,Nothing to Lose,Jul-20-2018,2018,PG,Jul,133 min
s4767,Movie,El club de los buenos infieles,Jul-19-2018,2018,TV-MA,Jul,85 min
s4768,TV Show,Camarón Revolution,Jul-18-2018,2018,TV-14,Jul,1 Season
s4769,Movie,Camarón: The Film,Jul-18-2018,2018,TV-14,Jul,105 min
s4770,Movie,GODZILLA City on the Edge of Battle,Jul-18-2018,2018,TV-14,Jul,101 min
s4771,Movie,Going for Gold,Jul-15-2018,2018,TV-G,Jul,88 min
s4772,TV Show,The Joel McHale Show with Joel McHale,Jul-15-2018,2018,TV-MA,Jul,2 Seasons
s4773,TV Show,Meteor Garden,Jul-14-2018,2018,TV-14,Jul,1 Season
s4774,Movie,How It Ends,Jul-13-2018,2018,TV-MA,Jul,113 min
s4775,Movie,Jim Jefferies: This Is Me Now,Jul-13-2018,2018,TV-MA,Jul,71 min
s4776,Movie,Romina,Jul-13-2018,2018,TV-MA,Jul,75 min
s4777,TV Show,Mossad 101,Jul-11-2018,2017,TV-MA,Jul,2 Seasons
s4778,TV Show,Baby Ballroom,Jul-10-2018,2018,TV-MA,Jul,2 Seasons
s4779,TV Show,Drug Lords,Jul-10-2018,2018,TV-MA,Jul,2 Seasons
s4780,TV Show,Mr. Sunshine,Jul-8-2018,2018,TV-MA,Jul,1 Season
s4781,TV Show,First Team: Juventus,Jul-6-2018,2018,TV-PG,Jul,2 Seasons
s4782,Movie,Luciano Mellera: Infantiloide,Jul-6-2018,2018,TV-14,Jul,66 min
s4783,Movie,The Legacy of a Whitetail Deer Hunter,Jul-6-2018,2018,TV-14,Jul,83 min
s4784,Movie,The Skin of the Wolf,Jul-6-2018,2018,TV-MA,Jul,110 min
s4785,Movie,White Fang,Jul-6-2018,2018,TV-PG,Jul,88 min
s4786,Movie,Sommore: Chandelier Status,Jul-4-2018,2013,TV-MA,Jul,77 min
s4787,Movie,Felipe Esparza: They're Not Going to Laugh at You,Jul-3-2018,2012,TV-MA,Jul,58 min
s4788,Movie,Joan Rivers: Don't Start with Me,Jul-3-2018,2012,TV-MA,Jul,69 min
s4789,Movie,Katt Williams: Kattpacalypse,Jul-3-2018,2012,TV-MA,Jul,61 min
s4790,Movie,King of Peking,Jul-2-2018,2018,TV-14,Jul,88 min
s4791,Movie,Anthony Kaun Hai?,Jul-1-2018,2006,TV-14,Jul,122 min
s4792,Movie,Bo Burnham: what.,Jul-1-2018,2013,TV-MA,Jul,60 min
s4793,Movie,Chalte Chalte,Jul-1-2018,2003,TV-14,Jul,166 min
s4794,Movie,Deewana Main Deewana,Jul-1-2018,2013,TV-14,Jul,107 min
s4795,Movie,Duck Butter,Jul-1-2018,2018,TV-MA,Jul,94 min
s4796,Movie,I Am Kalam,Jul-1-2018,2010,TV-PG,Jul,87 min
s4797,Movie,My Birthday Song,Jul-1-2018,2018,TV-14,Jul,92 min
s4798,Movie,Namastey London,Jul-1-2018,2007,TV-14,Jul,130 min
s4799,TV Show,NCIS,Jul-1-2018,2017,TV-14,Jul,15 Seasons
s4800,Movie,Soul Robbers,Jul-1-2018,2015,TV-14,Jul,88 min
s4801,Movie,Tum Milo Toh Sahi,Jul-1-2018,2010,TV-14,Jul,128 min
s4802,Movie,What We Started,Jul-1-2018,2017,TV-MA,Jul,96 min
s4803,Movie,Zoo,Jul-1-2018,2018,TV-MA,Jul,94 min
s4804,Movie,Bill Burr: You People Are All the Same,Jun-30-2018,2012,TV-MA,Jun,69 min
s4805,TV Show,Somewhere Between,Jun-30-2018,2017,TV-14,Jun,1 Season
s4806,Movie,The Maus,Jun-30-2018,2017,TV-MA,Jun,90 min
s4807,Movie,Calibre,Jun-29-2018,2018,TV-MA,Jun,101 min
s4808,TV Show,Churchill’s Secret Agents: The New Recruits,Jun-29-2018,2018,TV-MA,Jun,1 Season
s4809,Movie,Jani Dueñas: Grandes fracasos de ayer y hoy,Jun-29-2018,2018,TV-MA,Jun,77 min
s4810,TV Show,Kiss Me First,Jun-29-2018,2018,TV-MA,Jun,1 Season
s4811,Movie,Penalty Kick,Jun-29-2018,2018,TV-14,Jun,89 min
s4812,Movie,Recovery Boys,Jun-29-2018,2018,TV-MA,Jun,90 min
s4813,Movie,TAU,Jun-29-2018,2018,R,Jun,98 min
s4814,TV Show,Hotel Transylvania,Jun-26-2018,2017,TV-Y7,Jun,1 Season
s4815,Movie,W. Kamau Bell: Private School Negro,Jun-26-2018,2018,TV-MA,Jun,66 min
s4816,TV Show,Borges,Jun-25-2018,2018,TV-MA,Jun,1 Season
s4817,Movie,Expelled from Paradise,Jun-25-2018,2014,TV-MA,Jun,103 min
s4818,Movie,"To Each, Her Own",Jun-24-2018,2018,TV-MA,Jun,95 min
s4819,TV Show,Life Sentence,Jun-23-2018,2018,TV-14,Jun,1 Season
s4820,Movie,Brain on Fire,Jun-22-2018,2016,PG-13,Jun,89 min
s4821,Movie,Derren Brown: Miracle,Jun-22-2018,2018,TV-MA,Jun,74 min
s4822,TV Show,Marvel's Luke Cage,Jun-22-2018,2018,TV-MA,Jun,2 Seasons
s4823,Movie,Us and Them,Jun-22-2018,2018,TV-MA,Jun,119 min
s4824,Movie,Hannah Gadsby: Nanette,Jun-19-2018,2018,TV-MA,Jun,70 min
s4825,TV Show,Club de Cuervos Presents: The Ballad of Hugo Sánchez,Jun-18-2018,2018,TV-MA,Jun,1 Season
s4826,Movie,Lust Stories,Jun-15-2018,2018,TV-MA,Jun,121 min
s4827,Movie,Maktub,Jun-15-2018,2018,TV-MA,Jun,106 min
s4828,Movie,Pacificum: Return to the Ocean,Jun-15-2018,2017,TV-G,Jun,74 min
s4829,Movie,Set It Up,Jun-15-2018,2018,TV-MA,Jun,106 min
s4830,Movie,Sunday's Illness,Jun-15-2018,2017,PG-13,Jun,113 min
s4831,Movie,The last hour,Jun-15-2018,2017,TV-MA,Jun,119 min
s4832,TV Show,True: Magical Friends,Jun-15-2018,2018,TV-Y,Jun,1 Season
s4833,TV Show,True: Wonderful Wishes,Jun-15-2018,2018,TV-Y,Jun,1 Season
s4834,Movie,Alex Strangelove,Jun-8-2018,2018,TV-MA,Jun,100 min
s4835,Movie,Ali's Wedding,Jun-8-2018,2018,TV-MA,Jun,110 min
s4836,Movie,Franco Escamilla: Por la anécdota,Jun-8-2018,2018,TV-MA,Jun,66 min
s4837,TV Show,The Staircase,Jun-8-2018,2018,TV-MA,Jun,1 Season
s4838,TV Show,The Night Shift,Jun-7-2018,2017,TV-14,Jun,4 Seasons
s4839,TV Show,Dinosaur King,Jun-2-2018,2008,TV-Y7,Jun,2 Seasons
s4840,Movie,B.A. Pass 2,Jun-1-2018,2017,TV-14,Jun,126 min
s4841,Movie,Bad Genius,Jun-1-2018,2017,TV-MA,Jun,130 min
s4842,TV Show,November 13: Attack on Paris,Jun-1-2018,2018,TV-MA,Jun,1 Season
s4843,Movie,Outside In,Jun-1-2018,2018,TV-MA,Jun,110 min
s4844,Movie,Pedal the World,Jun-1-2018,2015,TV-MA,Jun,85 min
s4845,TV Show,Unbreakable Kimmy Schmidt,May-30-2018,2019,TV-14,May,4 Seasons
s4846,TV Show,Arrested Development,May-29-2018,2019,TV-MA,May,5 Seasons
s4847,TV Show,The Break with Michelle Wolf,May-27-2018,2018,TV-MA,May,1 Season
s4848,Movie,Sara's Notebook,May-26-2018,2018,TV-MA,May,117 min
s4849,TV Show,Something in the Rain,May-26-2018,2018,TV-MA,May,1 Season
s4850,Movie,Fernando Sanjiao: Hombre,May-25-2018,2018,TV-MA,May,63 min
s4851,Movie,Ibiza,May-25-2018,2018,TV-MA,May,94 min
s4852,Movie,Steve Martin and Martin Short: An Evening You Will Forget for the Rest of Your Life,May-25-2018,2018,TV-14,May,74 min
s4853,TV Show,Trollhunters,May-25-2018,2018,TV-Y7,May,3 Seasons
s4854,TV Show,Mob Psycho 100,May-22-2018,2018,TV-MA,May,1 Season
s4855,Movie,Tig Notaro Happy To Be Here,May-22-2018,2018,TV-14,May,58 min
s4856,Movie,Catching Feelings,May-18-2018,2018,TV-MA,May,117 min
s4857,TV Show,Dance & Sing with True,May-18-2018,2018,TV-Y,May,1 Season
s4858,TV Show,Inspector Gadget,May-18-2018,2017,TV-Y7,May,4 Seasons
s4859,Movie,Katt Williams: American Hustle (The Movie),May-17-2018,2007,TV-MA,May,89 min
s4860,Movie,Food on the Go,May-16-2018,2017,TV-MA,May,66 min
s4861,Movie,Aiyaary,May-15-2018,2018,TV-MA,May,158 min
s4862,Movie,Lupin the 3rd: The Castle of Cagliostro: Special Edition,May-15-2018,1979,PG-13,May,100 min
s4863,TV Show,Saint Seiya: The Lost Canvas,May-15-2018,2009,TV-MA,May,1 Season
s4864,Movie,Ali Wong: Hard Knock Wife,May-13-2018,2018,TV-MA,May,64 min
s4865,Movie,Spivak,May-12-2018,2017,TV-MA,May,92 min
s4866,TV Show,Bill Nye Saves the World,May-11-2018,2018,TV-14,May,3 Seasons
s4867,Movie,Carlos Ballarta: Furia Ñera,May-11-2018,2018,TV-MA,May,63 min
s4868,TV Show,Evil Genius,May-11-2018,2018,TV-MA,May,1 Season
s4869,Movie,The Kissing Booth,May-11-2018,2018,TV-14,May,105 min
s4870,TV Show,The Who Was? Show,May-11-2018,2018,TV-PG,May,1 Season
s4871,Movie,Hari Kondabolu: Warn Your Relatives,May-8-2018,2018,TV-MA,May,67 min
s4872,Movie,My Fuhrer,May-7-2018,2007,TV-14,May,91 min
s4873,Movie,Family Blood,May-5-2018,2018,TV-MA,May,92 min
s4874,Movie,Pup Star: World Tour,May-5-2018,2018,G,May,87 min
s4875,TV Show,A Little Help with Carol Burnett,May-4-2018,2018,TV-G,May,1 Season
s4876,Movie,Anon,May-4-2018,2018,TV-MA,May,100 min
s4877,Movie,Dany Boon: Des Hauts De France,May-4-2018,2018,TV-MA,May,113 min
s4878,Movie,End Game,May-4-2018,2018,TV-PG,May,40 min
s4879,Movie,Forgive Us Our Debts,May-4-2018,2018,TV-MA,May,105 min
s4880,TV Show,Kong: King of the Apes,May-4-2018,2018,TV-Y7,May,2 Seasons
s4881,Movie,Lo más sencillo es complicarlo todo,May-4-2018,2018,TV-14,May,94 min
s4882,Movie,Manhunt,May-4-2018,2017,TV-MA,May,109 min
s4883,Movie,Thi Mai,May-4-2018,2017,TV-MA,May,99 min
s4884,Movie,Si saben cómo me pongo ¿pá qué me invitan?,May-3-2018,2018,TV-MA,May,89 min
s4885,Movie,Jailbreak,May-2-2018,2017,TV-MA,May,92 min
s4886,Movie,Ajji,May-1-2018,2017,TV-MA,May,105 min
s4887,Movie,CIA: Comrade in America,May-1-2018,2017,TV-14,May,130 min
s4888,Movie,Coffee for All,May-1-2018,2017,TV-PG,May,69 min
s4889,Movie,Darc,May-1-2018,2018,TV-MA,May,98 min
s4890,Movie,Despido Procedente,May-1-2018,2017,TV-MA,May,90 min
s4891,Movie,John Mulaney: Kid Gorgeous at Radio City,May-1-2018,2018,TV-MA,May,65 min
s4892,Movie,My Perfect Romance,May-1-2018,2018,PG,May,92 min
s4893,Movie,Pocoyo & Cars,May-1-2018,2015,TV-Y,May,19 min
s4894,Movie,Pocoyo & The Space Circus,May-1-2018,2008,TV-Y,May,25 min
s4895,Movie,Pocoyo Carnival,May-1-2018,2015,TV-Y,May,22 min
s4896,Movie,Pocoyo Halloween: Space Halloween,May-1-2018,2015,TV-Y,May,40 min
s4897,Movie,Pocoyo Halloween: Spooky Movies,May-1-2018,2014,TV-Y,May,22 min
s4898,Movie,Pocoyo Special Sports,May-1-2018,2016,TV-Y,May,24 min
s4899,TV Show,Simon,May-1-2018,2016,TV-Y,May,1 Season
s4900,Movie,Sometimes,May-1-2018,2016,TV-14,May,101 min
s4901,TV Show,Spiritual House,May-1-2018,2017,TV-PG,May,1 Season
s4902,Movie,The Clapper,May-1-2018,2017,R,May,90 min
s4903,Movie,Toc Toc,May-1-2018,2017,TV-MA,May,96 min
s4904,TV Show,Black Crows,Apr-30-2018,2017,TV-14,Apr,1 Season
s4905,Movie,Running Shaadi,Apr-30-2018,2017,TV-14,Apr,115 min
s4906,Movie,The Price of Success,Apr-30-2018,2017,TV-MA,Apr,92 min
s4907,TV Show,Bobby Kennedy for President,Apr-27-2018,2018,TV-MA,Apr,1 Season
s4908,Movie,Candy Jar,Apr-27-2018,2018,TV-14,Apr,93 min
s4909,TV Show,Goodnight DJ 1,Apr-27-2018,2016,TV-14,Apr,2 Seasons
s4910,Movie,Holy Goalie,Apr-27-2018,2017,TV-MA,Apr,95 min
s4911,TV Show,Moving On,Apr-27-2018,2016,TV-PG,Apr,1 Season
s4912,Movie,The Rachel Divide,Apr-27-2018,2018,TV-MA,Apr,105 min
s4913,Movie,The Week Of,Apr-27-2018,2018,TV-14,Apr,117 min
s4914,TV Show,Trio and a Bed,Apr-27-2018,2016,TV-PG,Apr,1 Season
s4915,TV Show,海的儿子,Apr-27-2018,2016,TV-14,Apr,1 Season
s4916,Movie,Enissa Amani: Ehrenwort,Apr-26-2018,2018,TV-MA,Apr,66 min
s4917,Movie,Bill Nye: Science Guy,Apr-25-2018,2017,TV-PG,Apr,97 min
s4918,Movie,Fishtronaut: The Movie,Apr-25-2018,2018,TV-Y,Apr,78 min
s4919,Movie,Psychokinesis,Apr-25-2018,2018,TV-MA,Apr,102 min
s4920,Movie,Kevin James: Never Don't Give Up,Apr-24-2018,2018,TV-PG,Apr,62 min
s4921,Movie,Dude,Apr-20-2018,2018,TV-MA,Apr,97 min
s4922,Movie,Kodachrome,Apr-20-2018,2018,TV-MA,Apr,105 min
s4923,Movie,Mercury 13,Apr-20-2018,2018,TV-PG,Apr,79 min
s4924,Movie,All The Reasons To Forget,Apr-19-2018,2017,TV-MA,Apr,90 min
s4925,TV Show,Charité,Apr-19-2018,2017,TV-MA,Apr,1 Season
s4926,TV Show,The Chalet,Apr-17-2018,2018,TV-MA,Apr,1 Season
s4927,TV Show,The Honeymoon Stand Up Special,Apr-17-2018,2018,TV-MA,Apr,1 Season
s4928,Movie,Beyond Skyline,Apr-15-2018,2017,R,Apr,107 min
s4929,Movie,Come Sunday,Apr-13-2018,2018,TV-14,Apr,105 min
s4930,Movie,I Am not an Easy Man,Apr-13-2018,2018,TV-MA,Apr,99 min
s4931,TV Show,The Magic School Bus Rides Again,Apr-13-2018,2018,TV-Y,Apr,2 Seasons
s4932,Movie,Pickpockets,Apr-12-2018,2017,TV-MA,Apr,108 min
s4933,Movie,Greg Davies: You Magnificent Beast,Apr-10-2018,2018,TV-MA,Apr,66 min
s4934,TV Show,AMO,Apr-9-2018,2017,TV-MA,Apr,1 Season
s4935,Movie,6 Balloons,Apr-6-2018,2018,TV-MA,Apr,75 min
s4936,Movie,Amateur,Apr-6-2018,2018,TV-MA,Apr,96 min
s4937,Movie,Orbiter 9,Apr-6-2018,2017,TV-14,Apr,95 min
s4938,Movie,"Ram Dass, Going Home",Apr-6-2018,2018,TV-14,Apr,32 min
s4939,Movie,Seth Rogen's Hilarity for Charity,Apr-6-2018,2018,TV-MA,Apr,70 min
s4940,Movie,Sun Dogs,Apr-6-2018,2017,TV-MA,Apr,94 min
s4941,Movie,Todo lo que sería Lucas Lauriente,Apr-6-2018,2018,TV-MA,Apr,78 min
s4942,TV Show,Troy,Apr-6-2018,2018,TV-MA,Apr,1 Season
s4943,TV Show,Wakfu,Apr-6-2018,2017,TV-PG,Apr,3 Seasons
s4944,Movie,Day of the Dead: Bloodline,Apr-5-2018,2018,R,Apr,91 min
s4945,Movie,Fary Is the New Black,Apr-3-2018,2018,TV-MA,Apr,75 min
s4946,Movie,Ittefaq,Apr-3-2018,2017,TV-MA,Apr,105 min
s4947,TV Show,Star Trek: The Next Generation,Apr-2-2018,1993,TV-PG,Apr,7 Seasons
s4948,Movie,A Sort of Family,Apr-1-2018,2017,TV-14,Apr,96 min
s4949,Movie,Billu,Apr-1-2018,2009,TV-PG,Apr,132 min
s4950,TV Show,Fallet,Apr-1-2018,2017,TV-MA,Apr,1 Season
s4951,Movie,John Mulaney: New in Town,Apr-1-2018,2012,TV-MA,Apr,60 min
s4952,TV Show,Loaded,Apr-1-2018,2017,TV-MA,Apr,1 Season
s4953,Movie,Main Hoon Na,Apr-1-2018,2004,TV-14,Apr,171 min
s4954,Movie,Metro,Apr-1-2018,2016,TV-14,Apr,116 min
s4955,Movie,Om Shanti Om,Apr-1-2018,2007,TV-14,Apr,169 min
s4956,Movie,Paheli,Apr-1-2018,2005,TV-PG,Apr,134 min
s4957,Movie,Phir Bhi Dil Hai Hindustani,Apr-1-2018,2000,TV-14,Apr,159 min
s4958,TV Show,Doctor Foster,Mar-31-2018,2017,TV-MA,Mar,2 Seasons
s4959,Movie,Revolt,Mar-31-2018,2017,R,Mar,87 min
s4960,Movie,First Match,Mar-30-2018,2018,TV-MA,Mar,103 min
s4961,Movie,Happy Anniversary,Mar-30-2018,2018,TV-MA,Mar,78 min
s4962,TV Show,Rapture,Mar-30-2018,2018,TV-MA,Mar,1 Season
s4963,Movie,Sofía Niño de Rivera: Selección Natural,Mar-30-2018,2018,TV-MA,Mar,62 min
s4964,Movie,The Titan,Mar-30-2018,2018,TV-MA,Mar,97 min
s4965,TV Show,Trailer Park Boys,Mar-30-2018,2018,TV-MA,Mar,12 Seasons
s4966,Movie,Trailer Park Boys: Countdown to Liquor Day,Mar-30-2018,2009,R,Mar,102 min
s4967,Movie,Trailer Park Boys: The Movie,Mar-30-2018,2006,R,Mar,95 min
s4968,TV Show,Trump: An American Dream,Mar-30-2018,2018,TV-14,Mar,1 Season
s4969,TV Show,James Acaster: Repertoire,Mar-27-2018,2018,TV-14,Mar,1 Season
s4970,Movie,Birdshot,Mar-26-2018,2016,TV-MA,Mar,115 min
s4971,Movie,"Game Over, Man!",Mar-23-2018,2018,TV-MA,Mar,102 min
s4972,Movie,Layla M.,Mar-23-2018,2016,TV-MA,Mar,99 min
s4973,Movie,Paradox,Mar-23-2018,2018,TV-MA,Mar,74 min
s4974,TV Show,Requiem,Mar-23-2018,2018,TV-MA,Mar,1 Season
s4975,Movie,Roxanne Roxanne,Mar-23-2018,2018,TV-MA,Mar,100 min
s4976,Movie,Secret Superstar,Mar-23-2018,2017,TV-14,Mar,150 min
s4977,TV Show,The Standups,Mar-20-2018,2018,TV-MA,Mar,2 Seasons
s4978,Movie,Benji,Mar-16-2018,2018,TV-PG,Mar,87 min
s4979,TV Show,Edha,Mar-16-2018,2018,TV-MA,Mar,1 Season
s4980,Movie,Take Your Pills,Mar-16-2018,2018,TV-14,Mar,88 min
s4981,TV Show,Wild Wild Country,Mar-16-2018,2018,TV-MA,Mar,1 Season
s4982,Movie,Yoo Byung Jae: Too Much Information,Mar-16-2018,2018,TV-MA,Mar,63 min
s4983,Movie,In This Corner of the World,Mar-15-2018,2016,PG-13,Mar,129 min
s4984,Movie,Jag älskar dig: En skilsmässokomedi,Mar-15-2018,2016,TV-MA,Mar,91 min
s4985,TV Show,Secret of the Nile,Mar-15-2018,2016,TV-14,Mar,1 Season
s4986,TV Show,Tabula Rasa,Mar-15-2018,2017,TV-MA,Mar,1 Season
s4987,Movie,The Art of Loving,Mar-15-2018,2017,TV-MA,Mar,115 min
s4988,Movie,Steel Rain,Mar-14-2018,2018,TV-MA,Mar,140 min
s4989,TV Show,Children of the Whales,Mar-13-2018,2017,TV-14,Mar,1 Season
s4990,Movie,Ricky Gervais: Humanity,Mar-13-2018,2018,TV-MA,Mar,79 min
s4991,Movie,Stretch Armstrong: The Breakout,Mar-13-2018,2018,TV-Y7,Mar,104 min
s4992,TV Show,A.I.C.O.,Mar-9-2018,2018,TV-14,Mar,1 Season
s4993,TV Show,Collateral,Mar-9-2018,2018,TV-MA,Mar,1 Season
s4994,Movie,The Outsider,Mar-9-2018,2018,TV-MA,Mar,121 min
s4995,TV Show,Bad Guys: Vile City,Mar-8-2018,2018,TV-MA,Mar,1 Season
s4996,Movie,Ladies First,Mar-8-2018,2018,TV-G,Mar,40 min
s4997,Movie,Bullet Head,Mar-7-2018,2017,R,Mar,94 min
s4998,TV Show,Borderliner,Mar-6-2018,2017,TV-MA,Mar,1 Season
s4999,Movie,Gad Elmaleh: American Dream,Mar-6-2018,2018,TV-14,Mar,58 min
s5000,Movie,Expedition China,Mar-4-2018,2017,TV-G,Mar,78 min
s5001,TV Show,Flint Town,Mar-2-2018,2018,TV-MA,Mar,1 Season
s5002,Movie,Malena Pichot: Estupidez compleja,Mar-2-2018,2018,TV-MA,Mar,51 min
s5003,Movie,Natalia Valdebenito: El especial,Mar-2-2018,2018,TV-MA,Mar,69 min
s5004,Movie,Ravenous,Mar-2-2018,2017,TV-MA,Mar,104 min
s5005,TV Show,21 Thunder,Mar-1-2018,2017,TV-MA,Mar,1 Season
s5006,Movie,Adel Karam: Live from Beirut,Mar-1-2018,2018,TV-MA,Mar,59 min
s5007,Movie,Battle Drone,Mar-1-2018,2018,TV-MA,Mar,94 min
s5008,Movie,Dil Se,Mar-1-2018,1998,TV-14,Mar,166 min
s5009,Movie,Guru,Mar-1-2018,2007,TV-PG,Mar,155 min
s5010,Movie,Judwaa 2,Mar-1-2018,2017,TV-14,Mar,145 min
s5011,Movie,Love Beats Rhymes,Mar-1-2018,2016,R,Mar,106 min
s5012,Movie,Schubert In Love,Mar-1-2018,2016,TV-14,Mar,94 min
s5013,Movie,Shubh Aarambh,Mar-1-2018,2017,TV-PG,Mar,127 min
s5014,Movie,Something Huge,Mar-1-2018,2017,TV-MA,Mar,87 min
s5015,Movie,Swades,Mar-1-2018,2004,TV-PG,Mar,185 min
s5016,Movie,Swearnet Live,Mar-1-2018,2014,TV-MA,Mar,75 min
s5017,Movie,Trailer Park Boys Live at the North Pole,Mar-1-2018,2014,TV-MA,Mar,89 min
s5018,Movie,Trailer Park Boys Live In F**kin' Dublin,Mar-1-2018,2014,TV-MA,Mar,81 min
s5019,Movie,Trailer Park Boys: Say Goodnight to the Bad Guys,Mar-1-2018,2008,TV-MA,Mar,47 min
s5020,Movie,Trailer Park Boys: Xmas Special,Mar-1-2018,2004,TV-MA,Mar,46 min
s5021,Movie,Tu Hai Mera Sunday,Mar-1-2018,2016,TV-14,Mar,125 min
s5022,Movie,Yuva,Mar-1-2018,2004,TV-14,Mar,160 min
s5023,Movie,반드시 잡는다,Feb-28-2018,2017,TV-MA,Feb,110 min
s5024,Movie,Derren Brown: The Push,Feb-27-2018,2018,TV-MA,Feb,69 min
s5025,Movie,Marlon Wayans: Woke-ish,Feb-27-2018,2018,TV-MA,Feb,67 min
s5026,Movie,Veronica,Feb-25-2018,2017,TV-MA,Feb,105 min
s5027,TV Show,Best Lover,Feb-23-2018,2016,TV-14,Feb,1 Season
s5028,TV Show,Marseille,Feb-23-2018,2018,TV-MA,Feb,2 Seasons
s5029,Movie,Mute,Feb-23-2018,2018,TV-MA,Feb,127 min
s5030,TV Show,Seven Seconds,Feb-23-2018,2018,TV-MA,Feb,1 Season
s5031,TV Show,Hitler's Circle of Evil,Feb-22-2018,2017,TV-14,Feb,1 Season
s5032,Movie,Forgotten,Feb-21-2018,2017,TV-MA,Feb,109 min
s5033,TV Show,The Frankenstein Chronicles,Feb-20-2018,2017,TV-MA,Feb,2 Seasons
s5034,Movie,FullMetal Alchemist,Feb-19-2018,2017,TV-PG,Feb,134 min
s5035,Movie,Agustín Aristarán: Soy Rada,Feb-16-2018,2018,TV-MA,Feb,60 min
s5036,TV Show,Dragons: Race to the Edge,Feb-16-2018,2018,TV-Y7,Feb,6 Seasons
s5037,TV Show,Everything Sucks!,Feb-16-2018,2018,TV-14,Feb,1 Season
s5038,Movie,Irreplaceable You,Feb-16-2018,2018,TV-MA,Feb,96 min
s5039,TV Show,Re:Mind,Feb-15-2018,2017,TV-MA,Feb,1 Season
s5040,Movie,Chris Rock: Tamborine,Feb-14-2018,2018,TV-MA,Feb,65 min
s5041,Movie,Love Per Square Foot,Feb-14-2018,2018,TV-14,Feb,133 min
s5042,Movie,Seeing Allred,Feb-9-2018,2018,TV-14,Feb,96 min
s5043,Movie,The Ritual,Feb-9-2018,2018,TV-MA,Feb,95 min
s5044,Movie,The Trader (Sovdagari),Feb-9-2018,2018,TV-PG,Feb,24 min
s5045,Movie,When We First Met,Feb-9-2018,2018,TV-14,Feb,97 min
s5046,Movie,Fred Armisen: Standup For Drummers,Feb-6-2018,2018,TV-PG,Feb,65 min
s5047,TV Show,Valor,Feb-6-2018,2017,TV-14,Feb,1 Season
s5048,Movie,The Cloverfield Paradox,Feb-5-2018,2018,PG-13,Feb,102 min
s5049,TV Show,Coach Snoop,Feb-2-2018,2018,TV-MA,Feb,1 Season
s5050,Movie,Kavin Jay: Everybody Calm Down!,Feb-2-2018,2018,TV-MA,Feb,53 min
s5051,Movie,On Body and Soul,Feb-2-2018,2017,TV-MA,Feb,116 min
s5052,Movie,The Bros,Feb-2-2018,2017,TV-14,Feb,102 min
s5053,Movie,Liberated: The New Sexual Revolution,Feb-1-2018,2017,TV-MA,Feb,86 min
s5054,Movie,Newness,Feb-1-2018,2017,TV-MA,Feb,117 min
s5055,TV Show,Under Arrest,Feb-1-2018,2016,TV-MA,Feb,8 Seasons
s5056,Movie,Expedition Happiness,Jan-31-2018,2017,TV-PG,Jan,96 min
s5057,Movie,Jerry Seinfeld: I'm Telling You for the Last Time,Jan-30-2018,1998,TV-14,Jan,69 min
s5058,TV Show,Retribution,Jan-30-2018,2016,TV-MA,Jan,1 Season
s5059,Movie,Holy Camp!,Jan-29-2018,2017,TV-MA,Jan,108 min
s5060,Movie,A Futile and Stupid Gesture,Jan-26-2018,2018,TV-MA,Jan,102 min
s5061,Movie,Fakkah Fuzz: Almost Banned,Jan-26-2018,2018,TV-MA,Jan,61 min
s5062,Movie,Mau Nieto: Viviendo sobrio… desde el bar,Jan-26-2018,2018,TV-MA,Jan,57 min
s5063,Movie,Sebastián Marcelo Wainraich,Jan-26-2018,2018,TV-MA,Jan,49 min
s5064,TV Show,The Adventures of Puss in Boots,Jan-26-2018,2018,TV-Y7,Jan,6 Seasons
s5065,Movie,Acts of Vengeance,Jan-25-2018,2017,R,Jan,87 min
s5066,TV Show,Prison Playbook,Jan-24-2018,2017,TV-MA,Jan,1 Season
s5067,Movie,Ricardo Quevedo: Hay gente así,Jan-24-2018,2018,TV-MA,Jan,59 min
s5068,Movie,Todd Glass: Act Happy,Jan-23-2018,2018,TV-MA,Jan,63 min
s5069,Movie,Countdown to Death: Pablo Escobar,Jan-22-2018,2017,TV-MA,Jan,69 min
s5070,TV Show,The Shannara Chronicles,Jan-22-2018,2018,TV-MA,Jan,2 Seasons
s5071,TV Show,Love and Hong Kong,Jan-20-2018,2017,TV-PG,Jan,1 Season
s5072,Movie,Harith Iskander: I Told You So,Jan-19-2018,2018,TV-14,Jan,62 min
s5073,Movie,Step Sisters,Jan-19-2018,2018,PG-13,Jan,108 min
s5074,Movie,The Open House,Jan-19-2018,2018,TV-MA,Jan,95 min
s5075,Movie,Bad Day for the Cut,Jan-18-2018,2017,TV-MA,Jan,99 min
s5076,TV Show,Tiempos de guerra,Jan-18-2018,2017,TV-MA,Jan,1 Season
s5077,Movie,Arango y Sanint: Ríase el show,Jan-17-2018,2018,TV-MA,Jan,62 min
s5078,TV Show,Godzilla,Jan-17-2018,2017,TV-14,Jan,1 Season
s5079,Movie,Katt Williams: Great America,Jan-16-2018,2018,TV-MA,Jan,60 min
s5080,Movie,Alibaba Aur 40 Chor,Jan-15-2018,1980,TV-14,Jan,147 min
s5081,Movie,Pyar Ke Do Pal,Jan-15-2018,1986,TV-14,Jan,153 min
s5082,Movie,Rip Tide,Jan-15-2018,2017,TV-PG,Jan,87 min
s5083,TV Show,Disjointed,Jan-12-2018,2018,TV-MA,Jan,2 Seasons
s5084,Movie,Milada,Jan-12-2018,2017,TV-14,Jan,124 min
s5085,Movie,The Polka King,Jan-12-2018,2018,TV-14,Jan,94 min
s5086,Movie,The Reservoir Game,Jan-12-2018,2017,TV-MA,Jan,100 min
s5087,Movie,Tom Segura: Disgraceful,Jan-12-2018,2018,TV-MA,Jan,71 min
s5088,Movie,Alejandro Riaño: Especial de stand up,Jan-10-2018,2018,TV-MA,Jan,60 min
s5089,Movie,The House Next Door,Jan-9-2018,2017,TV-MA,Jan,135 min
s5090,TV Show,Tundukkan Playboy Itu,Jan-8-2018,2016,TV-PG,Jan,1 Season
s5091,TV Show,Episodes,Jan-6-2018,2017,TV-MA,Jan,5 Seasons
s5092,Movie,Before I Wake,Jan-5-2018,2016,PG-13,Jan,97 min
s5093,TV Show,Devilman Crybaby,Jan-5-2018,2018,TV-MA,Jan,1 Season
s5094,Movie,Mustang Island,Jan-2-2018,2017,TV-14,Jan,86 min
s5095,Movie,Eve's Apple,Jan-1-2018,2017,TV-MA,Jan,91 min
s5096,TV Show,Fullmetal Alchemist,Jan-1-2018,2003,TV-14,Jan,1 Season
s5097,TV Show,Fullmetal Alchemist: Brotherhood,Jan-1-2018,2010,TV-14,Jan,5 Seasons
s5098,TV Show,Lovesick,Jan-1-2018,2018,TV-MA,Jan,3 Seasons
s5099,TV Show,Pokémon: Indigo League,Jan-1-2018,2000,TV-Y7,Jan,1 Season
s5100,TV Show,The Frozen Dead,Jan-1-2018,2017,TV-MA,Jan,1 Season
s5101,TV Show,Dave Chappelle: Equanimity & The Bird Revelation,Dec-31-2017,2017,TV-MA,Dec,1 Season
s5102,Movie,Fun Mom Dinner,Dec-31-2017,2017,R,Dec,82 min
s5103,Movie,Goon: Last of the Enforcers,Dec-30-2017,2016,R,Dec,102 min
s5104,TV Show,La Mante,Dec-29-2017,2017,TV-MA,Dec,1 Season
s5105,Movie,The Climb,Dec-29-2017,2017,TV-14,Dec,105 min
s5106,TV Show,Wadi,Dec-29-2017,2015,TV-14,Dec,1 Season
s5107,Movie,Bibi & Tina: Tohuwabohu Total,Dec-27-2017,2017,TV-14,Dec,106 min
s5108,Movie,Mr. Roosevelt,Dec-26-2017,2017,TV-MA,Dec,91 min
s5109,Movie,Todd Barry: Spicy Honey,Dec-26-2017,2017,TV-MA,Dec,61 min
s5110,TV Show,Part-Time Idol,Dec-25-2017,2017,TV-14,Dec,1 Season
s5111,Movie,Creep 2,Dec-23-2017,2017,TV-MA,Dec,80 min
s5112,TV Show,Myths & Monsters,Dec-23-2017,2017,TV-PG,Dec,1 Season
s5113,TV Show,72 Dangerous Animals: Latin America,Dec-22-2017,2017,TV-14,Dec,1 Season
s5114,Movie,Bright,Dec-22-2017,2017,TV-MA,Dec,118 min
s5115,Movie,Desire,Dec-21-2017,2017,TV-MA,Dec,94 min
s5116,Movie,48 Christmas Wishes,Dec-20-2017,2017,TV-G,Dec,84 min
s5117,Movie,Jeremiah Tower: The Last Magnificent,Dec-20-2017,2016,R,Dec,103 min
s5118,Movie,Russell Howard: Recalibrate,Dec-19-2017,2017,TV-MA,Dec,69 min
s5119,TV Show,The Indian Detective,Dec-19-2017,2017,TV-14,Dec,1 Season
s5120,TV Show,"Hello, My Twenties!",Dec-18-2017,2017,TV-MA,Dec,2 Seasons
s5121,TV Show,Cheuk Wan-Chi: Two Night Stand,Dec-15-2017,2015,TV-MA,Dec,1 Season
s5122,Movie,Christmas Inheritance,Dec-15-2017,2017,TV-G,Dec,105 min
s5123,Movie,Muramba,Dec-15-2017,2017,TV-MA,Dec,128 min
s5124,Movie,Pottersville,Dec-15-2017,2017,PG-13,Dec,86 min
s5125,Movie,Seoul Searching,Dec-15-2017,2015,TV-MA,Dec,109 min
s5126,TV Show,Wormwood,Dec-15-2017,2017,TV-14,Dec,1 Season
s5127,TV Show,Halt and Catch Fire,Dec-14-2017,2017,TV-14,Dec,4 Seasons
s5128,Movie,Judd Apatow: The Return,Dec-12-2017,2017,TV-MA,Dec,70 min
s5129,TV Show,Dawai Asmara,Dec-11-2017,2016,TV-14,Dec,1 Season
s5130,Movie,El Camino Christmas,Dec-8-2017,2017,TV-MA,Dec,89 min
s5131,Movie,Jaal,Dec-8-2017,1986,TV-14,Dec,162 min
s5132,Movie,Shikari,Dec-8-2017,1991,TV-14,Dec,163 min
s5133,Movie,The Secret,Dec-7-2017,2006,TV-14,Dec,91 min
s5134,Movie,Trolls Holiday Special,Dec-6-2017,2017,TV-Y7,Dec,27 min
s5135,Movie,Craig Ferguson: Tickle Fight,Dec-5-2017,2017,TV-MA,Dec,67 min
s5136,Movie,Jab Harry Met Sejal,Dec-2-2017,2017,TV-MA,Dec,142 min
s5137,Movie,Temple,Dec-2-2017,2017,TV-MA,Dec,78 min
s5138,Movie,A StoryBots Christmas,Dec-1-2017,2017,TV-Y,Dec,26 min
s5139,TV Show,All Hail King Julien,Dec-1-2017,2017,TV-Y7,Dec,5 Seasons
s5140,TV Show,Dhia Sofea,Dec-1-2017,2015,TV-14,Dec,1 Season
s5141,Movie,DreamWorks Home: For the Holidays,Dec-1-2017,2017,TV-Y,Dec,46 min
s5142,TV Show,Kantaro: The Sweet Tooth Salaryman,Dec-1-2017,2017,TV-PG,Dec,1 Season
s5143,Movie,Monster Island,Dec-1-2017,2017,TV-Y7,Dec,81 min
s5144,Movie,My Happy Family,Dec-1-2017,2017,TV-14,Dec,119 min
s5145,TV Show,Oggy and the Cockroaches,Dec-1-2017,2017,TV-Y7,Dec,1 Season
s5146,TV Show,Padamu Aku Bersujud,Dec-1-2017,2015,TV-14,Dec,1 Season
s5147,Movie,The Worthy,Dec-1-2017,2016,TV-MA,Dec,99 min
s5148,TV Show,TURN: Washington's Spies,Dec-1-2017,2017,TV-14,Dec,4 Seasons
s5149,Movie,Voyeur,Dec-1-2017,2017,TV-MA,Dec,96 min
s5150,TV Show,Man Down,Nov-30-2017,2017,TV-MA,Nov,4 Seasons
s5151,TV Show,Broadchurch,Nov-27-2017,2017,TV-MA,Nov,3 Seasons
s5152,Movie,Poster Boys,Nov-27-2017,2017,PG-13,Nov,128 min
s5153,Movie,Cuba and the Cameraman,Nov-24-2017,2017,TV-14,Nov,114 min
s5154,Movie,The Girl from the Song,Nov-24-2017,2016,TV-MA,Nov,101 min
s5155,TV Show,The Many Faces of Ito,Nov-24-2017,2017,TV-14,Nov,1 Season
s5156,TV Show,Trailer Park Boys: Out of the Park: USA,Nov-24-2017,2017,TV-MA,Nov,1 Season
s5157,TV Show,Bright: The Music Videos,Nov-23-2017,2017,TV-MA,Nov,1 Season
s5158,TV Show,Argon,Nov-22-2017,2017,TV-MA,Nov,1 Season
s5159,Movie,Barbra: The Music ... The Mem'ries ... The Magic!,Nov-22-2017,2017,TV-14,Nov,109 min
s5160,TV Show,Godless,Nov-22-2017,2017,TV-MA,Nov,1 Season
s5161,Movie,Beat Bugs: All Together Now,Nov-21-2017,2017,TV-Y,Nov,51 min
s5162,Movie,Brian Regan: Nunchucks and Flamethrowers,Nov-21-2017,2017,TV-PG,Nov,61 min
s5163,Movie,Saving Capitalism,Nov-21-2017,2017,TV-PG,Nov,73 min
s5164,Movie,A Christmas Prince,Nov-17-2017,2017,TV-PG,Nov,92 min
s5165,Movie,"Jim & Andy: The Great Beyond - Featuring a Very Special, Contractually Obligated Mention of Tony Clifton",Nov-17-2017,2017,TV-MA,Nov,94 min
s5166,TV Show,Longmire,Nov-17-2017,2017,TV-MA,Nov,6 Seasons
s5167,TV Show,Luna Petunia,Nov-17-2017,2017,TV-Y,Nov,3 Seasons
s5168,Movie,Mudbound,Nov-17-2017,2017,R,Nov,135 min
s5169,TV Show,Shot in the Dark,Nov-17-2017,2017,TV-MA,Nov,1 Season
s5170,TV Show,The Irregular at Magic High School,Nov-15-2017,2014,TV-14,Nov,1 Season
s5171,TV Show,The Method,Nov-15-2017,2015,TV-MA,Nov,1 Season
s5172,Movie,DeRay Davis: How to Act Black,Nov-14-2017,2017,TV-MA,Nov,66 min
s5173,Movie,Bon Cop Bad Cop 2,Nov-11-2017,2017,TV-MA,Nov,126 min
s5174,TV Show,Blazing Transfer Students,Nov-10-2017,2017,TV-MA,Nov,1 Season
s5175,TV Show,Glitter Force Doki Doki,Nov-10-2017,2017,TV-Y7,Nov,2 Seasons
s5176,TV Show,Lady Dynamite,Nov-10-2017,2017,TV-MA,Nov,2 Seasons
s5177,Movie,Mea Culpa,Nov-10-2017,2017,TV-MA,Nov,54 min
s5178,Movie,The Killer,Nov-10-2017,2017,TV-MA,Nov,100 min
s5179,TV Show,Fate/Apocrypha,Nov-7-2017,2017,TV-MA,Nov,2 Seasons
s5180,Movie,Jerry Seinfeld: Comedian,Nov-7-2017,2002,R,Nov,81 min
s5181,TV Show,Project Mc²,Nov-7-2017,2017,TV-G,Nov,6 Seasons
s5182,Movie,The Journey Is the Destination,Nov-7-2017,2016,R,Nov,123 min
s5183,Movie,Let It Fall: Los Angeles 1982-1992,Nov-6-2017,2017,TV-MA,Nov,144 min
s5184,Movie,Mubarakan,Nov-5-2017,2017,PG-13,Nov,153 min
s5185,TV Show,Akulah Balqis,Nov-3-2017,2015,TV-14,Nov,1 Season
s5186,TV Show,Alias Grace,Nov-3-2017,2017,TV-MA,Nov,1 Season
s5187,Movie,Bandie,Nov-1-2017,1978,TV-PG,Nov,141 min
s5188,Movie,Getaway Plan,Nov-1-2017,2016,TV-MA,Nov,104 min
s5189,Movie,Hajwala: The Missing Engine,Nov-1-2017,2016,TV-PG,Nov,97 min
s5190,Movie,Pettersson and Findus 2,Nov-1-2017,2016,TV-G,Nov,82 min
s5191,Movie,The Bittersweet,Nov-1-2017,2017,TV-MA,Nov,98 min
s5192,TV Show,The Family Court,Nov-1-2017,2010,TV-MA,Nov,1 Season
s5193,TV Show,The Golden Path,Nov-1-2017,2007,TV-MA,Nov,1 Season
s5194,TV Show,The Little Nyonya,Nov-1-2017,2009,TV-14,Nov,1 Season
s5195,TV Show,The Truth,Nov-1-2017,2008,TV-14,Nov,1 Season
s5196,TV Show,Together,Nov-1-2017,2009,TV-14,Nov,1 Season
s5197,Movie,Judah Friedlander: America Is the Greatest Country in the United States,Oct-31-2017,2017,TV-MA,Oct,84 min
s5198,Movie,The B-Side: Elsa Dorfman's Portrait Photography,Oct-31-2017,2016,R,Oct,76 min
s5199,Movie,SPF-18,Oct-30-2017,2017,PG-13,Oct,75 min
s5200,Movie,Pup Star: Better 2Gether,Oct-28-2017,2017,PG,Oct,93 min
s5201,TV Show,Beyond Stranger Things,Oct-27-2017,2017,TV-14,Oct,1 Season
s5202,Movie,Joan Didion: The Center Will Not Hold,Oct-27-2017,2017,TV-14,Oct,98 min
s5203,Movie,Strange Weather,Oct-26-2017,2016,R,Oct,91 min
s5204,Movie,The Hateful Eight,Oct-25-2017,2015,R,Oct,168 min
s5205,Movie,Jack Whitehall: At Large,Oct-24-2017,2017,TV-MA,Oct,68 min
s5206,TV Show,The Mist,Oct-24-2017,2017,TV-MA,Oct,1 Season
s5207,TV Show,W1A,Oct-24-2017,2017,TV-MA,Oct,3 Seasons
s5208,Movie,1922,Oct-20-2017,2017,TV-MA,Oct,103 min
s5209,TV Show,Haters Back Off,Oct-20-2017,2017,TV-PG,Oct,2 Seasons
s5210,Movie,One of Us,Oct-20-2017,2017,TV-14,Oct,95 min
s5211,TV Show,The Day I Met El Chapo,Oct-20-2017,2017,TV-MA,Oct,1 Season
s5212,Movie,Wheelman,Oct-20-2017,2017,TV-MA,Oct,82 min
s5213,Movie,Wedding Unplanned,Oct-19-2017,2017,TV-MA,Oct,94 min
s5214,Movie,Patton Oswalt: Annihilation,Oct-17-2017,2017,TV-MA,Oct,66 min
s5215,Movie,Baadshaho,Oct-16-2017,2017,TV-14,Oct,135 min
s5216,TV Show,In Laws,Oct-16-2017,2016,TV-PG,Oct,1 Season
s5217,TV Show,Laws of Attraction,Oct-16-2017,2012,TV-14,Oct,1 Season
s5218,Movie,Lucknow Central,Oct-16-2017,2017,TV-14,Oct,144 min
s5219,Movie,Belief: The Possession of Janet Moses,Oct-15-2017,2015,TV-MA,Oct,90 min
s5220,TV Show,Seven and Me,Oct-15-2017,2017,TV-Y,Oct,1 Season
s5221,Movie,Singapore,Oct-15-2017,1960,TV-PG,Oct,158 min
s5222,TV Show,West Coast Customs,Oct-15-2017,2015,TV-G,Oct,6 Seasons
s5223,Movie,Blessed Benefit,Oct-13-2017,2016,TV-14,Oct,83 min
s5224,Movie,Clair Obscur,Oct-13-2017,2016,TV-MA,Oct,102 min
s5225,Movie,"El Especial de Alex Fernández, el Especial",Oct-13-2017,2017,TV-MA,Oct,52 min
s5226,Movie,Kingdom of Us,Oct-13-2017,2017,TV-MA,Oct,110 min
s5227,Movie,The Babysitter,Oct-13-2017,2017,TV-MA,Oct,85 min
s5228,Movie,The Meyerowitz Stories (New and Selected),Oct-13-2017,2017,TV-MA,Oct,113 min
s5229,Movie,Barakah Meets Barakah,Oct-12-2017,2016,TV-MA,Oct,88 min
s5230,Movie,Bomb Scared,Oct-12-2017,2017,TV-MA,Oct,89 min
s5231,Movie,Christina P: Mother Inferior,Oct-10-2017,2017,TV-MA,Oct,59 min
s5232,TV Show,ID-0,Oct-6-2017,2017,TV-PG,Oct,1 Season
s5233,TV Show,Kibaoh Klashers,Oct-6-2017,2017,TV-Y7,Oct,2 Seasons
s5234,Movie,The Death and Life of Marsha P. Johnson,Oct-6-2017,2017,TV-MA,Oct,106 min
s5235,Movie,Rodney Carrington: Here Comes the Truth,Oct-3-2017,2017,TV-MA,Oct,66 min
s5236,Movie,26 Years,Oct-1-2017,2012,TV-MA,Oct,135 min
s5237,TV Show,Beyblade Burst,Oct-1-2017,2016,TV-Y7,Oct,1 Season
s5238,TV Show,Equestria Girls: Tales of Canterlot High,Oct-1-2017,2017,TV-Y7,Oct,1 Season
s5239,Movie,For Your Own Good,Oct-1-2017,2017,TV-MA,Oct,93 min
s5240,Movie,Franca: Chaos and Creation,Oct-1-2017,2016,TV-MA,Oct,79 min
s5241,Movie,Generation Iron 2,Oct-1-2017,2017,PG-13,Oct,107 min
s5242,Movie,Ghost Patrol,Oct-1-2017,2016,TV-Y7,Oct,47 min
s5243,TV Show,Justice in the City,Oct-1-2017,2012,TV-14,Oct,1 Season
s5244,TV Show,Noddy Toyland Detective,Oct-1-2017,2016,TV-Y,Oct,2 Seasons
s5245,TV Show,Star Trek: Enterprise,Oct-1-2017,2004,TV-14,Oct,4 Seasons
s5246,TV Show,Star Trek: Voyager,Oct-1-2017,2000,TV-PG,Oct,7 Seasons
s5247,TV Show,Sudden,Oct-1-2017,2013,TV-14,Oct,1 Season
s5248,TV Show,The Dream Catchers,Oct-1-2017,2009,TV-14,Oct,1 Season
s5249,Movie,The Lion Woman,Oct-1-2017,2016,TV-14,Oct,118 min
s5250,Movie,Verónica,Oct-1-2017,2017,TV-MA,Oct,81 min
s5251,TV Show,What She Put on the Table,Oct-1-2017,2017,TV-14,Oct,1 Season
s5252,TV Show,The Royal House of Windsor,Sep-30-2017,2017,TV-MA,Sep,1 Season
s5253,Movie,Gerald's Game,Sep-29-2017,2017,TV-MA,Sep,103 min
s5254,Movie,Long Shot,Sep-29-2017,2017,TV-14,Sep,40 min
s5255,TV Show,Mak Cun,Sep-29-2017,2015,TV-PG,Sep,1 Season
s5256,Movie,Our Souls at Night,Sep-29-2017,2017,TV-14,Sep,103 min
s5257,Movie,Out of Thin Air,Sep-29-2017,2017,TV-MA,Sep,85 min
s5258,TV Show,Paul Hollywood's Big Continental Road Trip,Sep-29-2017,2017,TV-14,Sep,1 Season
s5259,TV Show,Real Rob,Sep-29-2017,2017,TV-MA,Sep,2 Seasons
s5260,TV Show,Satu Hari,Sep-29-2017,2014,TV-PG,Sep,1 Season
s5261,Movie,Much Loved,Sep-27-2017,2015,TV-MA,Sep,104 min
s5262,Movie,Def Comedy Jam 25,Sep-26-2017,2017,TV-MA,Sep,82 min
s5263,TV Show,Terrace House: Aloha State,Sep-26-2017,2017,TV-14,Sep,4 Seasons
s5264,TV Show,Dark Matter,Sep-25-2017,2017,TV-14,Sep,3 Seasons
s5265,Movie,Swearnet: The Movie,Sep-24-2017,2014,NC-17,Sep,112 min
s5266,Movie,The Bar,Sep-24-2017,2017,TV-MA,Sep,102 min
s5267,Movie,Gaga: Five Foot Two,Sep-22-2017,2017,TV-MA,Sep,101 min
s5268,Movie,The Bad Batch,Sep-22-2017,2016,R,Sep,119 min
s5269,Movie,Jerry Before Seinfeld,Sep-19-2017,2017,TV-14,Sep,62 min
s5270,Movie,Barbie Dolphin Magic,Sep-18-2017,2017,TV-Y,Sep,64 min
s5271,Movie,First They Killed My Father,Sep-15-2017,2017,TV-MA,Sep,137 min
s5272,Movie,Strong Island,Sep-15-2017,2017,TV-MA,Sep,108 min
s5273,TV Show,VeggieTales in the City,Sep-15-2017,2017,TV-Y,Sep,2 Seasons
s5274,Movie,Ghost of the Mountains,Sep-13-2017,2017,G,Sep,78 min
s5275,TV Show,Offspring,Sep-13-2017,2017,TV-MA,Sep,7 Seasons
s5276,Movie,Heroin(e),Sep-12-2017,2017,TV-14,Sep,40 min
s5277,Movie,Jeff Dunham: Relative Disaster,Sep-12-2017,2017,TV-MA,Sep,71 min
s5278,Movie,#realityhigh,Sep-8-2017,2017,TV-14,Sep,99 min
s5279,TV Show,Apaches,Sep-8-2017,2016,TV-MA,Sep,1 Season
s5280,Movie,Fabrizio Copano: Solo pienso en mi,Sep-8-2017,2017,TV-MA,Sep,60 min
s5281,TV Show,Fire Chasers,Sep-8-2017,2017,TV-MA,Sep,1 Season
s5282,Movie,Joaquín Reyes: Una y no más,Sep-8-2017,2017,TV-MA,Sep,78 min
s5283,Movie,Carrie Pilby,Sep-5-2017,2016,TV-MA,Sep,98 min
s5284,Movie,Marc Maron: Too Real,Sep-5-2017,2017,TV-MA,Sep,70 min
s5285,TV Show,No Tomorrow,Sep-5-2017,2016,TV-PG,Sep,1 Season
s5286,TV Show,Reign,Sep-5-2017,2017,TV-14,Sep,4 Seasons
s5287,TV Show,Frequency,Sep-4-2017,2016,TV-14,Sep,1 Season
s5288,TV Show,The Vampire Diaries,Sep-4-2017,2016,TV-14,Sep,8 Seasons
s5289,TV Show,A Boy Name Flora A,Sep-1-2017,2017,TV-MA,Sep,1 Season
s5290,TV Show,A House of Blocks,Sep-1-2017,2017,TV-PG,Sep,1 Season
s5291,Movie,Aakhri Adaalat,Sep-1-2017,1988,TV-14,Sep,148 min
s5292,Movie,"Alias JJ, la celebridad del mal",Sep-1-2017,2017,TV-MA,Sep,54 min
s5293,Movie,Berserk: The Golden Age Arc II - The Battle for Doldrey,Sep-1-2017,2012,TV-MA,Sep,92 min
s5294,Movie,Berserk: The Golden Age Arc III - The Advent,Sep-1-2017,2013,TV-MA,Sep,107 min
s5295,Movie,Brother's Shadow,Sep-1-2017,2006,TV-MA,Sep,90 min
s5296,Movie,Chadi Jawani Budhe Nu,Sep-1-2017,1976,TV-PG,Sep,135 min
s5297,Movie,Ek Jaan Hain Hum,Sep-1-2017,1983,TV-14,Sep,151 min
s5298,TV Show,FINAL FANTASY XIV Dad of Light,Sep-1-2017,2017,TV-PG,Sep,1 Season
s5299,TV Show,Gurren Lagann,Sep-1-2017,2007,TV-14,Sep,1 Season
s5300,TV Show,High Risk,Sep-1-2017,1988,TV-PG,Sep,1 Season
s5301,Movie,Khoon Khoon,Sep-1-2017,1973,TV-14,Sep,132 min
s5302,TV Show,LEGO Elves: Secrets of Elvendale,Sep-1-2017,2017,TV-Y7,Sep,1 Season
s5303,Movie,Little Evil,Sep-1-2017,2017,TV-MA,Sep,95 min
s5304,Movie,Manoranjan,Sep-1-2017,1974,TV-14,Sep,162 min
s5305,Movie,Mujrim,Sep-1-2017,1989,TV-14,Sep,163 min
s5306,TV Show,Narcos,Sep-1-2017,2017,TV-MA,Sep,3 Seasons
s5307,Movie,Offline - Das leben ist kein bonuslevel,Sep-1-2017,2016,TV-MA,Sep,89 min
s5308,Movie,Resurface,Sep-1-2017,2017,TV-MA,Sep,28 min
s5309,Movie,Rocco,Sep-1-2017,2016,TV-MA,Sep,103 min
s5310,Movie,Sohni Mahiwal,Sep-1-2017,1984,TV-14,Sep,160 min
s5311,Movie,The Distinguished Citizen,Sep-1-2017,2016,TV-MA,Sep,113 min
s5312,Movie,The Guardian Brothers,Sep-1-2017,2016,TV-G,Sep,86 min
s5313,Movie,The Last Shaman,Sep-1-2017,2016,TV-14,Sep,83 min
s5314,Movie,The Lost Brother,Sep-1-2017,2017,TV-MA,Sep,113 min
s5315,Movie,Todo Sobre El Asado,Sep-1-2017,2016,TV-MA,Sep,86 min
s5316,Movie,Ryan Hamilton: Happy Face,Aug-29-2017,2017,TV-14,Aug,57 min
s5317,Movie,Buster's Mal Heart,Aug-26-2017,2016,TV-MA,Aug,98 min
s5318,Movie,Berlin Syndrome,Aug-25-2017,2017,R,Aug,116 min
s5319,Movie,Death Note,Aug-25-2017,2017,TV-MA,Aug,100 min
s5320,Movie,Lynne Koplitz: Hormonal Beast,Aug-22-2017,2017,TV-MA,Aug,51 min
s5321,TV Show,Dinotrux,Aug-18-2017,2017,TV-Y7,Aug,5 Seasons
s5322,TV Show,Marvel's The Defenders,Aug-18-2017,2017,TV-MA,Aug,1 Season
s5323,Movie,Undefeated,Aug-18-2017,2011,PG-13,Aug,113 min
s5324,Movie,What Happened to Monday,Aug-18-2017,2017,TV-MA,Aug,124 min
s5325,TV Show,20 Minutes,Aug-15-2017,2013,TV-MA,Aug,1 Season
s5326,Movie,Brad Paisley's Comedy Rodeo,Aug-15-2017,2017,TV-MA,Aug,63 min
s5327,Movie,Colin Quinn: Unconstitutional,Aug-15-2017,2015,TV-MA,Aug,56 min
s5328,TV Show,Million Yen Women,Aug-15-2017,2017,TV-MA,Aug,1 Season
s5329,Movie,The Outcasts,Aug-14-2017,2017,TV-14,Aug,94 min
s5330,Movie,Chocolate City: Vegas Strip,Aug-12-2017,2017,TV-MA,Aug,90 min
s5331,Movie,Los Herederos,Aug-12-2017,2015,TV-MA,Aug,71 min
s5332,Movie,Naked,Aug-11-2017,2017,TV-14,Aug,97 min
s5333,Movie,Demonic,Aug-10-2017,2015,R,Aug,83 min
s5334,Movie,The Saint,Aug-10-2017,2017,TV-14,Aug,92 min
s5335,Movie,Baahubali 2: The Conclusion (Hindi Version),Aug-7-2017,2017,TV-MA,Aug,165 min
s5336,Movie,Baahubali 2: The Conclusion (Malayalam Version),Aug-7-2017,2017,TV-14,Aug,166 min
s5337,Movie,Baahubali 2: The Conclusion (Tamil Version),Aug-7-2017,2017,TV-MA,Aug,166 min
s5338,Movie,Baahubali: The Beginning (Hindi Version),Aug-7-2017,2015,TV-14,Aug,159 min
s5339,Movie,Baahubali: The Beginning (Malayalam Version),Aug-7-2017,2015,TV-14,Aug,160 min
s5340,Movie,Baahubali: The Beginning (Tamil Version),Aug-7-2017,2015,TV-14,Aug,159 min
s5341,Movie,LEGO Marvel Super Heroes: Avengers Reassembled!,Aug-6-2017,2015,TV-Y7,Aug,22 min
s5342,Movie,Enter the Warriors Gate,Aug-5-2017,2016,PG-13,Aug,105 min
s5343,Movie,Alan Saldaña: Mi vida de pobre,Aug-4-2017,2017,TV-MA,Aug,54 min
s5344,Movie,Icarus,Aug-4-2017,2017,TV-MA,Aug,121 min
s5345,Movie,Message from the King,Aug-4-2017,2017,R,Aug,103 min
s5346,TV Show,Wet Hot American Summer: Ten Years Later,Aug-4-2017,2017,TV-MA,Aug,1 Season
s5347,Movie,The Invisible Guardian,Aug-3-2017,2017,TV-MA,Aug,129 min
s5348,TV Show,Bountiful Blessings,Aug-1-2017,2011,TV-14,Aug,1 Season
s5349,TV Show,Close Your Eyes Before It’s Dark,Aug-1-2017,2016,TV-14,Aug,1 Season
s5350,TV Show,Entangled,Aug-1-2017,2014,TV-14,Aug,1 Season
s5351,TV Show,Fartsa,Aug-1-2017,2015,TV-14,Aug,1 Season
s5352,Movie,Handsome Devil,Aug-1-2017,2016,TV-MA,Aug,95 min
s5353,TV Show,"Have You Ever Fallen in Love, Miss Jiang?",Aug-1-2017,2016,TV-14,Aug,1 Season
s5354,Movie,Jessica Darling's It List,Aug-1-2017,2016,TV-Y,Aug,80 min
s5355,TV Show,Life Plan A and B,Aug-1-2017,2016,TV-PG,Aug,1 Season
s5356,TV Show,Locust,Aug-1-2017,2014,TV-MA,Aug,1 Season
s5357,TV Show,Love Storm,Aug-1-2017,2016,TV-14,Aug,1 Season
s5358,Movie,Maz Jobrani: Immigrant,Aug-1-2017,2017,TV-14,Aug,67 min
s5359,Movie,Opening Night,Aug-1-2017,2016,TV-MA,Aug,84 min
s5360,Movie,Raising the Bar,Aug-1-2017,2016,TV-Y,Aug,97 min
s5361,TV Show,Surviving Escobar - Alias JJ,Aug-1-2017,2017,TV-MA,Aug,1 Season
s5362,Movie,The Blind Christ,Aug-1-2017,2016,TV-MA,Aug,86 min
s5363,TV Show,The In-Laws,Aug-1-2017,2011,TV-14,Aug,1 Season
s5364,TV Show,The IT Crowd,Aug-1-2017,2013,TV-MA,Aug,5 Seasons
s5365,Movie,Un plus une,Aug-1-2017,2015,TV-MA,Aug,114 min
s5366,TV Show,Vexed,Aug-1-2017,2012,TV-MA,Aug,2 Seasons
s5367,TV Show,World War II in Colour,Aug-1-2017,2009,TV-MA,Aug,1 Season
s5368,TV Show,Daughters of Destiny,Jul-28-2017,2017,TV-14,Jul,1 Season
s5369,Movie,The Incredible Jessica James,Jul-28-2017,2017,TV-MA,Jul,84 min
s5370,Movie,Joe Mande’s Award-Winning Comedy Special,Jul-25-2017,2017,TV-MA,Jul,67 min
s5371,Movie,I Called Him Morgan,Jul-24-2017,2016,TV-14,Jul,91 min
s5372,Movie,Aditi Mittal: Things They Wouldn't Let Me Say,Jul-18-2017,2017,TV-MA,Jul,63 min
s5373,TV Show,Ari Shaffir: Double Negative,Jul-18-2017,2017,TV-MA,Jul,1 Season
s5374,Movie,Uncertain Glory,Jul-17-2017,2017,TV-MA,Jul,116 min
s5375,Movie,Amar,Jul-15-2017,2017,TV-MA,Jul,104 min
s5376,Movie,Buddy Thunderstruck: The Maybe Pile,Jul-14-2017,2017,TV-Y7,Jul,14 min
s5377,Movie,Chasing Coral,Jul-14-2017,2017,TV-PG,Jul,89 min
s5378,Movie,To the Bone,Jul-14-2017,2017,TV-MA,Jul,108 min
s5379,Movie,D.L. Hughley: Clear,Jul-13-2017,2014,TV-MA,Jul,59 min
s5380,Movie,Tom Segura: Completely Normal,Jul-13-2017,2014,TV-MA,Jul,74 min
s5381,TV Show,Dawn of the Croods,Jul-7-2017,2017,TV-Y7,Jul,4 Seasons
s5382,TV Show,Degrassi: Next Class,Jul-7-2017,2017,TV-14,Jul,4 Seasons
s5383,TV Show,Diamond Lover,Jul-7-2017,2015,TV-PG,Jul,1 Season
s5384,TV Show,King’s War,Jul-7-2017,2012,TV-14,Jul,1 Season
s5385,TV Show,Qin Empire: Alliance,Jul-7-2017,2012,TV-14,Jul,1 Season
s5386,Movie,Take Me,Jul-7-2017,2017,TV-MA,Jul,84 min
s5387,TV Show,The Legend of Bruce Lee,Jul-7-2017,2008,TV-14,Jul,1 Season
s5388,Movie,10 jours en or,Jul-1-2017,2012,TV-14,Jul,97 min
s5389,TV Show,46,Jul-1-2017,2016,TV-MA,Jul,1 Season
s5390,Movie,A 2nd Chance,Jul-1-2017,2011,PG,Jul,95 min
s5391,TV Show,Against the Tide,Jul-1-2017,2014,TV-14,Jul,1 Season
s5392,Movie,Amrapali,Jul-1-2017,1966,TV-PG,Jul,116 min
s5393,TV Show,Barbie Life in the Dreamhouse,Jul-1-2017,2012,TV-Y,Jul,1 Season
s5394,TV Show,Breakout,Jul-1-2017,2010,TV-14,Jul,1 Season
s5395,Movie,Hans Teeuwen: Real Rancour,Jul-1-2017,2018,TV-MA,Jul,86 min
s5396,TV Show,Intersection,Jul-1-2017,2016,TV-MA,Jul,3 Seasons
s5397,Movie,Lal Patthar,Jul-1-2017,1971,TV-14,Jul,153 min
s5398,TV Show,Learning Songs by Little Baby Bum: Nursery Rhyme Friends,Jul-1-2017,2015,TV-Y,Jul,1 Season
s5399,Movie,Liar's Dice,Jul-1-2017,2013,TV-MA,Jul,104 min
s5400,TV Show,Mystic Whispers,Jul-1-2017,2014,TV-14,Jul,1 Season
s5401,Movie,Professor,Jul-1-2017,1962,TV-PG,Jul,163 min
s5402,TV Show,Spice Up,Jul-1-2017,2014,TV-14,Jul,1 Season
s5403,Movie,The Invisible Guest,Jul-1-2017,2016,TV-14,Jul,106 min
s5404,TV Show,The Oath,Jul-1-2017,2011,TV-14,Jul,1 Season
s5405,TV Show,The Truth Seekers,Jul-1-2017,2016,TV-MA,Jul,1 Season
s5406,TV Show,The Ultimatum,Jul-1-2017,2009,TV-14,Jul,1 Season
s5407,TV Show,Unriddle,Jul-1-2017,2012,TV-14,Jul,2 Seasons
s5408,TV Show,World at Your Feet,Jul-1-2017,2014,TV-14,Jul,1 Season
s5409,Movie,Yaar Gaddar,Jul-1-2017,1994,TV-14,Jul,148 min
s5410,TV Show,Yes We Can!,Jul-1-2017,2014,TV-14,Jul,1 Season
s5411,TV Show,Yours Fatefully,Jul-1-2017,2012,TV-14,Jul,1 Season
s5412,Movie,Zipi & Zape y la Isla del Capitan,Jul-1-2017,2016,TV-PG,Jul,105 min
s5413,TV Show,Criminal Minds,Jun-30-2017,2017,TV-14,Jun,12 Seasons
s5414,TV Show,Gypsy,Jun-30-2017,2017,TV-MA,Jun,1 Season
s5415,TV Show,Little Witch Academia,Jun-30-2017,2017,TV-Y7,Jun,2 Seasons
s5416,Movie,Okja,Jun-28-2017,2017,TV-MA,Jun,121 min
s5417,Movie,Chris D'Elia: Man on Fire,Jun-27-2017,2017,TV-MA,Jun,66 min
s5418,Movie,I Am Michael,Jun-26-2017,2015,TV-MA,Jun,102 min
s5419,Movie,Nobody Speak: Trials of the Free Press,Jun-23-2017,2017,TV-14,Jun,96 min
s5420,Movie,You Get Me,Jun-23-2017,2017,TV-MA,Jun,89 min
s5421,Movie,Dangal,Jun-21-2017,2016,TV-PG,Jun,161 min
s5422,TV Show,Young & Hungry,Jun-21-2017,2017,TV-14,Jun,5 Seasons
s5423,TV Show,Pac-Man and the Ghostly Adventures,Jun-20-2017,2014,TV-Y7,Jun,2 Seasons
s5424,Movie,Puss in Book: Trapped in an Epic Tale,Jun-20-2017,2017,TV-Y7,Jun,24 min
s5425,Movie,Rory Scovel Tries Stand-Up for the First Time,Jun-20-2017,2017,TV-MA,Jun,66 min
s5426,TV Show,Aquarius,Jun-16-2017,2016,TV-MA,Jun,2 Seasons
s5427,Movie,Counterpunch,Jun-16-2017,2017,TV-MA,Jun,91 min
s5428,Movie,What the Health,Jun-16-2017,2017,TV-PG,Jun,92 min
s5429,TV Show,World of Winx,Jun-16-2017,2017,TV-Y7,Jun,2 Seasons
s5430,Movie,Kanavu Variyam,Jun-15-2017,2017,TV-PG,Jun,104 min
s5431,Movie,Marco Luque: Tamo Junto,Jun-15-2017,2017,TV-MA,Jun,73 min
s5432,Movie,The Russian Revolution,Jun-15-2017,2017,TV-PG,Jun,47 min
s5433,Movie,"Oh, Hello On Broadway",Jun-13-2017,2017,TV-MA,Jun,102 min
s5434,TV Show,28 Moons,Jun-10-2017,2016,TV-PG,Jun,1 Season
s5435,TV Show,Magic Phone,Jun-10-2017,2016,TV-PG,Jun,1 Season
s5436,TV Show,Man to Man,Jun-10-2017,2017,TV-14,Jun,1 Season
s5437,TV Show,My Little Baby,Jun-10-2017,2016,TV-PG,Jun,1 Season
s5438,TV Show,Singles Villa,Jun-10-2017,2015,TV-14,Jun,1 Season
s5439,TV Show,Under the Black Moonlight,Jun-10-2017,2016,TV-14,Jun,1 Season
s5440,TV Show,My Only Love Song,Jun-9-2017,2017,TV-MA,Jun,1 Season
s5441,Movie,Shimmer Lake,Jun-9-2017,2017,TV-MA,Jun,87 min
s5442,Movie,The Wishing Tree,Jun-5-2017,2017,TV-14,Jun,117 min
s5443,Movie,Headshot,Jun-3-2017,2016,TV-MA,Jun,119 min
s5444,Movie,1898: Our Last Men in the Philippines,Jun-2-2017,2016,R,Jun,130 min
s5445,TV Show,Crashing,Jun-2-2017,2016,TV-MA,Jun,1 Season
s5446,TV Show,Flaked,Jun-2-2017,2017,TV-MA,Jun,2 Seasons
s5447,Movie,Lucid Dream,Jun-2-2017,2017,TV-MA,Jun,102 min
s5448,Movie,Aashik Awara,Jun-1-2017,1993,TV-14,Jun,154 min
s5449,Movie,Amelia: A Tale of Two Sisters,Jun-1-2017,2017,TV-PG,Jun,44 min
s5450,Movie,Catfight,Jun-1-2017,2016,TV-MA,Jun,96 min
s5451,Movie,How to Stage a Coup,Jun-1-2017,2017,TV-14,Jun,47 min
s5452,Movie,Jackie: A Tale of Two Sisters,Jun-1-2017,2017,TV-PG,Jun,44 min
s5453,Movie,Lens,Jun-1-2017,2015,TV-MA,Jun,109 min
s5454,Movie,Little Boxes,Jun-1-2017,2016,TV-MA,Jun,89 min
s5455,Movie,Love.com,Jun-1-2017,2017,TV-MA,Jun,92 min
s5456,Movie,Maya Memsaab,Jun-1-2017,1993,TV-14,Jun,122 min
s5457,Movie,Michael Lost and Found,Jun-1-2017,2017,TV-PG,Jun,19 min
s5458,TV Show,Mind Game,Jun-1-2017,2015,TV-14,Jun,1 Season
s5459,TV Show,Miniforce,Jun-1-2017,2016,TV-Y7,Jun,1 Season
s5460,TV Show,Off Camera,Jun-1-2017,2015,TV-MA,Jun,3 Seasons
s5461,Movie,Oh Darling Yeh Hai India,Jun-1-2017,1995,TV-14,Jun,154 min
s5462,Movie,Prince,Jun-1-2017,1969,TV-PG,Jun,152 min
s5463,Movie,Qila,Jun-1-2017,1998,TV-14,Jun,161 min
s5464,Movie,Smoke & Mirrors,Jun-1-2017,2016,TV-14,Jun,123 min
s5465,TV Show,The Day Will Come,Jun-1-2017,2016,TV-14,Jun,1 Season
s5466,TV Show,The Dream Job,Jun-1-2017,2016,TV-14,Jun,1 Season
s5467,Movie,The Mitfords: A Tale of Two Sisters,Jun-1-2017,2017,TV-PG,Jun,44 min
s5468,Movie,Without Gorky,May-31-2017,2011,TV-14,May,80 min
s5469,Movie,Sarah Silverman A Speck of Dust,May-30-2017,2017,TV-MA,May,71 min
s5470,Movie,Rangoon,May-29-2017,2017,TV-14,May,153 min
s5471,TV Show,Bloodline,May-26-2017,2017,TV-MA,May,3 Seasons
s5472,Movie,Joshua: Teenager vs. Superpower,May-26-2017,2017,TV-14,May,79 min
s5473,Movie,Raees,May-26-2017,2017,TV-14,May,143 min
s5474,Movie,War Machine,May-26-2017,2017,TV-MA,May,123 min
s5475,Movie,Arès,May-23-2017,2016,TV-MA,May,80 min
s5476,Movie,Hasan Minhaj: Homecoming King,May-23-2017,2017,TV-MA,May,73 min
s5477,Movie,BLAME!,May-19-2017,2017,TV-14,May,106 min
s5478,TV Show,Highland: Thailand's Marijuana Awakening,May-19-2017,2017,TV-MA,May,1 Season
s5479,Movie,Laerte-se,May-19-2017,2017,TV-MA,May,101 min
s5480,TV Show,The Keepers,May-19-2017,2017,TV-MA,May,1 Season
s5481,Movie,Tracy Morgan: Staying Alive,May-16-2017,2017,TV-MA,May,59 min
s5482,Movie,Chamatkar,May-15-2017,1992,TV-14,May,164 min
s5483,Movie,Kabhi Haan Kabhi Naa,May-15-2017,1994,TV-14,May,151 min
s5484,Movie,Lovesong,May-15-2017,2016,TV-MA,May,84 min
s5485,Movie,Natascha Kampusch: The Whole Story,May-15-2017,2010,TV-14,May,51 min
s5486,Movie,Ram Jaane,May-15-2017,1995,TV-14,May,142 min
s5487,Movie,The Devil's Mistress,May-15-2017,2016,TV-MA,May,110 min
s5488,Movie,Wild Oats,May-13-2017,2016,PG-13,May,86 min
s5489,TV Show,All Hail King Julien: Exiled,May-12-2017,2017,TV-Y7,May,1 Season
s5490,Movie,Get Me Roger Stone,May-12-2017,2017,TV-MA,May,101 min
s5491,Movie,Mindhorn,May-12-2017,2017,TV-MA,May,88 min
s5492,Movie,Sahara,May-12-2017,2017,TV-Y7,May,86 min
s5493,Movie,"Norm Macdonald: Hitler's Dog, Gossip & Trickery",May-9-2017,2017,TV-MA,May,61 min
s5494,Movie,Handsome: A Netflix Mystery Movie,May-5-2017,2017,TV-MA,May,81 min
s5495,TV Show,Kazoops!,May-5-2017,2017,TV-Y,May,3 Seasons
s5496,Movie,Simplemente Manu NNa,May-5-2017,2017,TV-MA,May,72 min
s5497,Movie,The Mars Generation,May-5-2017,2017,TV-PG,May,98 min
s5498,Movie,Maria Bamford: Old Baby,May-2-2017,2017,TV-MA,May,64 min
s5499,Movie,A Yellow Bird,May-1-2017,2016,TV-MA,May,111 min
s5500,Movie,Chaahat,May-1-2017,1996,TV-14,May,148 min
s5501,Movie,English Babu Desi Mem,May-1-2017,1996,TV-14,May,163 min
s5502,Movie,He Even Has Your Eyes,May-1-2017,2016,TV-MA,May,95 min
s5503,Movie,In the Shadow of Iris,May-1-2017,2016,TV-MA,May,99 min
s5504,Movie,JFK: The Making of a President,May-1-2017,2017,TV-PG,May,44 min
s5505,Movie,Kiss & Cry,May-1-2017,2017,TV-MA,May,93 min
s5506,Movie,Loev,May-1-2017,2015,TV-MA,May,89 min
s5507,Movie,Mostly Sunny,May-1-2017,2016,TV-MA,May,83 min
s5508,Movie,The Next Skin,May-1-2017,2016,TV-MA,May,104 min
s5509,Movie,Casting JonBenet,Apr-28-2017,2017,TV-14,Apr,81 min
s5510,TV Show,Jumping Girl,Apr-28-2017,2015,TV-14,Apr,1 Season
s5511,TV Show,President,Apr-28-2017,2010,TV-14,Apr,1 Season
s5512,Movie,Rodney King,Apr-28-2017,2017,TV-MA,Apr,53 min
s5513,Movie,Small Crimes,Apr-28-2017,2017,TV-MA,Apr,95 min
s5514,TV Show,What in the World Happened?,Apr-28-2017,2015,TV-14,Apr,1 Season
s5515,TV Show,Mar de Plástico,Apr-27-2017,2017,TV-MA,Apr,2 Seasons
s5516,Movie,Dear Zindagi,Apr-25-2017,2016,TV-14,Apr,149 min
s5517,Movie,Shepherds and Butchers,Apr-25-2017,2016,R,Apr,106 min
s5518,Movie,The 101-Year-Old Man Who Skipped Out on the Bill and Disappeared,Apr-25-2017,2016,TV-MA,Apr,108 min
s5519,Movie,Vir Das: Abroad Understanding,Apr-25-2017,2017,TV-MA,Apr,66 min
s5520,TV Show,Fangbone,Apr-22-2017,2016,TV-Y7,Apr,1 Season
s5521,TV Show,Girlboss,Apr-21-2017,2017,TV-MA,Apr,1 Season
s5522,TV Show,Hot Girls Wanted: Turned On,Apr-21-2017,2017,TV-MA,Apr,1 Season
s5523,Movie,Sand Castle,Apr-21-2017,2017,TV-MA,Apr,113 min
s5524,TV Show,The Mr. Peabody and Sherman Show,Apr-21-2017,2017,TV-Y7,Apr,4 Seasons
s5525,Movie,Tramps,Apr-21-2017,2017,TV-MA,Apr,83 min
s5526,Movie,Lucas Brothers: On Drugs,Apr-18-2017,2017,TV-MA,Apr,50 min
s5527,Movie,Bibi & Tina,Apr-15-2017,2014,TV-PG,Apr,97 min
s5528,Movie,Bibi & Tina II,Apr-15-2017,2014,TV-14,Apr,105 min
s5529,Movie,Bibi & Tina: Girls Versus Boys,Apr-15-2017,2016,TV-14,Apr,107 min
s5530,Movie,Slam,Apr-15-2017,2017,TV-MA,Apr,99 min
s5531,Movie,The Wedding Party,Apr-15-2017,2016,TV-14,Apr,101 min
s5532,Movie,Arctic Heart,Apr-14-2017,2016,TV-14,Apr,81 min
s5533,Movie,Our Lovers,Apr-14-2017,2016,TV-MA,Apr,92 min
s5534,Movie,Sandy Wexler,Apr-14-2017,2017,TV-14,Apr,131 min
s5535,Movie,Macho,Apr-12-2017,2016,TV-MA,Apr,101 min
s5536,Movie,Kevin Hart: What Now?,Apr-11-2017,2016,R,Apr,96 min
s5537,Movie,Frat Star,Apr-10-2017,2017,TV-MA,Apr,85 min
s5538,TV Show,The Miracle,Apr-10-2017,2016,TV-14,Apr,1 Season
s5539,TV Show,The Get Down,Apr-7-2017,2017,TV-MA,Apr,2 Seasons
s5540,Movie,The Lighthouse of the Orcas,Apr-7-2017,2016,TV-MA,Apr,110 min
s5541,Movie,Win It All,Apr-7-2017,2017,TV-MA,Apr,89 min
s5542,Movie,Louis C.K. 2017,Apr-4-2017,2017,74 min,Apr,
s5543,TV Show,Burned Cocoon,Apr-1-2017,2005,TV-MA,Apr,1 Season
s5544,Movie,Couples Counseling,Apr-1-2017,2016,TV-MA,Apr,88 min
s5545,Movie,Deuces,Apr-1-2017,2016,TV-MA,Apr,88 min
s5546,Movie,Elaan,Apr-1-2017,1971,TV-14,Apr,143 min
s5547,Movie,Five Nights in Maine,Apr-1-2017,2015,TV-MA,Apr,83 min
s5548,Movie,Killa,Apr-1-2017,2014,TV-14,Apr,107 min
s5549,Movie,Life 2.0,Apr-1-2017,2010,TV-MA,Apr,99 min
s5550,Movie,Salaakhen,Apr-1-2017,1975,TV-14,Apr,134 min
s5551,Movie,Skins,Apr-1-2017,2017,TV-MA,Apr,78 min
s5552,Movie,The Tenth Man,Apr-1-2017,2016,TV-MA,Apr,81 min
s5553,Movie,Toro,Apr-1-2017,2016,TV-MA,Apr,106 min
s5554,Movie,Bridget Christie: Stand Up for Her,Mar-31-2017,2016,TV-MA,Mar,51 min
s5555,TV Show,Five Came Back,Mar-31-2017,2017,TV-MA,Mar,1 Season
s5556,TV Show,Hoff the Record,Mar-31-2017,2016,TV-MA,Mar,2 Seasons
s5557,Movie,The Discovery,Mar-31-2017,2017,TV-MA,Mar,102 min
s5558,Movie,Jo Koy: Live from Seattle,Mar-28-2017,2017,TV-MA,Mar,63 min
s5559,TV Show,Bottersnikes & Gumbles,Mar-24-2017,2017,TV-Y7,Mar,2 Seasons
s5560,Movie,Felipe Neto: My Life Makes No Sense,Mar-24-2017,2017,TV-MA,Mar,91 min
s5561,Movie,The C Word,Mar-24-2017,2016,TV-14,Mar,93 min
s5562,Movie,The Most Hated Woman in America,Mar-24-2017,2017,TV-MA,Mar,93 min
s5563,TV Show,Dave Chappelle,Mar-21-2017,2017,TV-MA,Mar,1 Season
s5564,TV Show,One-Punch Man,Mar-20-2017,2015,TV-14,Mar,1 Season
s5565,Movie,Best Worst Thing That Ever Could Have Happened,Mar-18-2017,2016,TV-MA,Mar,97 min
s5566,Movie,Deidra & Laney Rob a Train,Mar-17-2017,2017,TV-14,Mar,92 min
s5567,TV Show,Julie's Greenroom,Mar-17-2017,2017,TV-Y,Mar,1 Season
s5568,TV Show,Outback Truckers,Mar-17-2017,2015,TV-MA,Mar,3 Seasons
s5569,Movie,Pandora,Mar-17-2017,2016,TV-MA,Mar,137 min
s5570,TV Show,Samurai Gourmet,Mar-17-2017,2017,TV-PG,Mar,1 Season
s5571,Movie,Howards End,Mar-16-2017,1992,PG,Mar,143 min
s5572,Movie,Asoka,Mar-15-2017,2001,R,Mar,168 min
s5573,Movie,"Bon Cop, Bad Cop",Mar-15-2017,2006,TV-MA,Mar,117 min
s5574,Movie,Notes on Blindness,Mar-15-2017,2016,TV-PG,Mar,87 min
s5575,Movie,One 2 Ka 4,Mar-15-2017,2001,TV-14,Mar,160 min
s5576,TV Show,Cheer Squad,Mar-14-2017,2016,TV-PG,Mar,1 Season
s5577,Movie,Jim Norton: Mouthful of Shame,Mar-14-2017,2017,TV-MA,Mar,62 min
s5578,Movie,100 Meters,Mar-10-2017,2016,TV-MA,Mar,109 min
s5579,TV Show,Buddy Thunderstruck,Mar-10-2017,2017,TV-Y7,Mar,1 Season
s5580,Movie,Burning Sands,Mar-10-2017,2017,TV-MA,Mar,102 min
s5581,TV Show,One More Time,Mar-10-2017,2016,TV-14,Mar,1 Season
s5582,Movie,The Butterfly's Dream,Mar-10-2017,2013,TV-PG,Mar,118 min
s5583,Movie,Amy Schumer: The Leather Special,Mar-7-2017,2017,TV-MA,Mar,57 min
s5584,TV Show,Love Is in the Air,Mar-1-2017,2010,TV-14,Mar,1 Season
s5585,Movie,Nila,Mar-1-2017,2016,TV-MA,Mar,94 min
s5586,TV Show,Tong: Memories,Mar-1-2017,2016,TV-MA,Mar,1 Season
s5587,Movie,Mike Birbiglia: Thank God for Jokes,Feb-28-2017,2017,TV-MA,Feb,71 min
s5588,Movie,Force 2,Feb-27-2017,2016,TV-14,Feb,123 min
s5589,Movie,Jonas,Feb-26-2017,2015,TV-MA,Feb,97 min
s5590,Movie,Operações Especiais,Feb-25-2017,2015,TV-MA,Feb,99 min
s5591,Movie,I Don't Feel at Home in This World Anymore,Feb-24-2017,2017,TV-MA,Feb,97 min
s5592,TV Show,Legend Quest,Feb-24-2017,2017,TV-Y7,Feb,1 Season
s5593,TV Show,The Sound of Your Heart,Feb-24-2017,2016,TV-14,Feb,1 Season
s5594,TV Show,Love Me As I Am,Feb-22-2017,2015,TV-PG,Feb,3 Seasons
s5595,Movie,Trevor Noah: Afraid of the Dark,Feb-21-2017,2017,TV-14,Feb,67 min
s5596,Movie,Boy Missing,Feb-19-2017,2016,TV-MA,Feb,105 min
s5597,Movie,Growing Up Wild,Feb-19-2017,2016,G,Feb,78 min
s5598,Movie,Tini: The New Life of Violetta,Feb-19-2017,2016,G,Feb,99 min
s5599,TV Show,Love for Ten: Generation of Youth,Feb-17-2017,2013,TV-14,Feb,1 Season
s5600,Movie,Rocky Handsome,Feb-17-2017,2016,TV-MA,Feb,119 min
s5601,Movie,A Heavy Heart,Feb-15-2017,2015,TV-MA,Feb,109 min
s5602,TV Show,Nightmare High,Feb-15-2017,2016,TV-14,Feb,1 Season
s5603,Movie,Rush: Beyond the Lighted Stage,Feb-15-2017,2010,TV-MA,Feb,107 min
s5604,TV Show,Spark,Feb-15-2017,2016,TV-PG,Feb,1 Season
s5605,Movie,The Fury of a Patient Man,Feb-15-2017,2016,TV-MA,Feb,92 min
s5606,Movie,The Memory of Water,Feb-15-2017,2015,TV-MA,Feb,88 min
s5607,Movie,Girlfriend's Day,Feb-14-2017,2017,TV-MA,Feb,71 min
s5608,Movie,Katherine Ryan: In Trouble,Feb-14-2017,2017,TV-MA,Feb,64 min
s5609,TV Show,White Nights,Feb-14-2017,2016,TV-14,Feb,1 Season
s5610,TV Show,Cyborg 009: Call of Justice,Feb-10-2017,2017,TV-14,Feb,1 Season
s5611,Movie,David Brent: Life on the Road,Feb-10-2017,2016,TV-MA,Feb,97 min
s5612,Movie,Grillo vs Grillo,Feb-10-2017,2017,TV-MA,Feb,96 min
s5613,Movie,Hitler - A Career,Feb-10-2017,1977,TV-MA,Feb,150 min
s5614,Movie,"Michael Bolton's Big, Sexy Valentine's Day Special",Feb-7-2017,2017,TV-MA,Feb,54 min
s5615,Movie,Daniel Sosa: Sosafado,Feb-3-2017,2017,TV-MA,Feb,78 min
s5616,Movie,Imperial Dreams,Feb-3-2017,2014,TV-MA,Feb,86 min
s5617,Movie,Dilwale,Feb-1-2017,2015,TV-PG,Feb,154 min
s5618,Movie,Happy New Year,Feb-1-2017,2014,TV-14,Feb,179 min
s5619,Movie,Haraamkhor,Feb-1-2017,2015,TV-14,Feb,93 min
s5620,Movie,Heroes Wanted,Feb-1-2017,2016,TV-MA,Feb,97 min
s5621,Movie,The Reconquest,Feb-1-2017,2016,TV-MA,Feb,108 min
s5622,Movie,Zapped,Feb-1-2017,2014,TV-Y,Feb,92 min
s5623,Movie,Bill Burr: Walk Your Way Out,Jan-31-2017,2017,TV-MA,Jan,78 min
s5624,Movie,Semana Santa,Jan-31-2017,2015,TV-MA,Jan,87 min
s5625,Movie,Journey to Greenland,Jan-29-2017,2016,TV-14,Jan,99 min
s5626,Movie,IBOY,Jan-27-2017,2017,TV-MA,Jan,91 min
s5627,Movie,O Silêncio do Céu,Jan-25-2017,2016,TV-MA,Jan,102 min
s5628,Movie,Cristela Alonzo: Lower Classy,Jan-24-2017,2017,TV-MA,Jan,67 min
s5629,Movie,Gad Gone Wild,Jan-23-2017,2017,TV-MA,Jan,57 min
s5630,Movie,Pink,Jan-20-2017,2016,TV-14,Jan,130 min
s5631,Movie,Take the 10,Jan-20-2017,2017,TV-MA,Jan,80 min
s5632,Movie,Neal Brennan: 3 Mics,Jan-17-2017,2017,TV-MA,Jan,66 min
s5633,Movie,Berlin Calling,Jan-15-2017,2008,TV-MA,Jan,105 min
s5634,Movie,Sarajevo,Jan-15-2017,2014,TV-PG,Jan,98 min
s5635,Movie,Stereo,Jan-15-2017,2014,TV-MA,Jan,91 min
s5636,Movie,We Are Young. We Are Strong.,Jan-15-2017,2014,TV-MA,Jan,123 min
s5637,Movie,Casablancas: The Man Who Loved Women,Jan-13-2017,2016,TV-14,Jan,82 min
s5638,Movie,Clinical,Jan-13-2017,2017,TV-MA,Jan,104 min
s5639,Movie,Very Big Shot,Jan-12-2017,2015,TV-MA,Jan,109 min
s5640,Movie,Jim Gaffigan: Cinco,Jan-10-2017,2017,TV-14,Jan,74 min
s5641,TV Show,We're Lalaloopsy,Jan-10-2017,2017,TV-Y,Jan,1 Season
s5642,Movie,Under the Shadow,Jan-7-2017,2016,PG-13,Jan,84 min
s5643,Movie,Coin Heist,Jan-6-2017,2017,TV-14,Jan,98 min
s5644,Movie,LEGO: Marvel Super Heroes: Maximum Overload,Jan-6-2017,2013,TV-Y7,Jan,22 min
s5645,Movie,Rampage: President Down,Jan-5-2017,2016,TV-MA,Jan,100 min
s5646,Movie,Marvel's Hulk: Where Monsters Dwell,Jan-4-2017,2016,PG,Jan,75 min
s5647,Movie,Jen Kirkman: Just Keep Livin’?,Jan-3-2017,2017,TV-MA,Jan,69 min
s5648,Movie,Autohead,Jan-1-2017,2016,TV-MA,Jan,97 min
s5649,Movie,Bee Movie,Jan-1-2017,2007,PG,Jan,92 min
s5650,Movie,Headwinds,Jan-1-2017,2011,TV-MA,Jan,92 min
s5651,TV Show,Star Trek: Deep Space Nine,Jan-1-2017,1999,TV-14,Jan,7 Seasons
s5652,Movie,Udta Punjab,Jan-1-2017,2016,TV-MA,Jan,146 min
s5653,Movie,Mr. Pig,Dec-31-2016,2016,TV-MA,Dec,97 min
s5654,TV Show,My Runway,Dec-30-2016,2016,TV-14,Dec,1 Season
s5655,TV Show,AJIN: Demi-Human,Dec-27-2016,2016,TV-MA,Dec,2 Seasons
s5656,TV Show,Chasing Cameron,Dec-27-2016,2016,TV-14,Dec,1 Season
s5657,Movie,7:19,Dec-23-2016,2016,TV-MA,Dec,93 min
s5658,Movie,Garfunkel and Oates: Trying to be Special,Dec-23-2016,2016,TV-MA,Dec,62 min
s5659,TV Show,Sense8,Dec-23-2016,2018,TV-MA,Dec,2 Seasons
s5660,Movie,A Christmas Special: Miraculous: Tales of Ladybug & Cat Noir,Dec-20-2016,2016,TV-Y7,Dec,22 min
s5661,Movie,Gabriel lglesias: I’m Sorry For What I Said When I Was Hungry,Dec-20-2016,2016,TV-14,Dec,88 min
s5662,Movie,Barry,Dec-16-2016,2016,TV-MA,Dec,105 min
s5663,TV Show,Crazyhead,Dec-16-2016,2016,TV-MA,Dec,1 Season
s5664,Movie,Sister Cities,Dec-16-2016,2016,TV-MA,Dec,88 min
s5665,Movie,3 Türken & ein Baby,Dec-15-2016,2015,TV-MA,Dec,93 min
s5666,TV Show,Color of Woman,Dec-15-2016,2012,TV-PG,Dec,1 Season
s5667,Movie,Eddie - Strongman,Dec-15-2016,2015,TV-MA,Dec,98 min
s5668,TV Show,Goodbye My Wife,Dec-15-2016,2012,TV-14,Dec,1 Season
s5669,TV Show,Happy And,Dec-15-2016,2012,TV-14,Dec,1 Season
s5670,TV Show,Heaven's Garden,Dec-15-2016,2011,TV-MA,Dec,1 Season
s5671,TV Show,Ice Fantasy,Dec-15-2016,2016,TV-14,Dec,1 Season
s5672,TV Show,Immortal Classic,Dec-15-2016,2012,TV-14,Dec,1 Season
s5673,TV Show,InuYasha,Dec-15-2016,2001,TV-14,Dec,2 Seasons
s5674,TV Show,K-POP Extreme Survival,Dec-15-2016,2012,TV-14,Dec,1 Season
s5675,TV Show,Merlin,Dec-15-2016,2012,TV-PG,Dec,5 Seasons
s5676,TV Show,Miss Panda & Mr. Hedgehog,Dec-15-2016,2012,TV-PG,Dec,1 Season
s5677,Movie,Sand Storm,Dec-15-2016,2016,TV-PG,Dec,88 min
s5678,TV Show,Tokyo Trial,Dec-13-2016,2017,TV-MA,Dec,1 Season
s5679,Movie,Ricardo O'Farrill: Abrazo navideño,Dec-12-2016,2016,TV-MA,Dec,31 min
s5680,Movie,Asperger's Are Us,Dec-11-2016,2016,TV-MA,Dec,83 min
s5681,TV Show,Captive,Dec-9-2016,2016,TV-MA,Dec,1 Season
s5682,Movie,Mariah Carey's Merriest Christmas,Dec-9-2016,2015,TV-G,Dec,38 min
s5683,Movie,Spectral,Dec-9-2016,2016,TV-14,Dec,108 min
s5684,TV Show,White Rabbit Project,Dec-9-2016,2016,TV-14,Dec,1 Season
s5685,TV Show,Miss in Kiss,Dec-8-2016,2016,TV-14,Dec,1 Season
s5686,Movie,Other People,Dec-8-2016,2016,TV-MA,Dec,97 min
s5687,TV Show,The Cuba Libre Story,Dec-8-2016,2015,TV-14,Dec,1 Season
s5688,Movie,Blue Jay,Dec-6-2016,2016,TV-MA,Dec,81 min
s5689,Movie,One in a Billion,Dec-6-2016,2016,TV-14,Dec,70 min
s5690,Movie,Reggie Watts: Spatial,Dec-6-2016,2016,TV-MA,Dec,62 min
s5691,TV Show,From Dusk Till Dawn,Dec-5-2016,2016,TV-MA,Dec,3 Seasons
s5692,Movie,Mercenary,Dec-4-2016,2016,TV-MA,Dec,99 min
s5693,TV Show,Lost & Found Music Studios,Dec-3-2016,2016,TV-G,Dec,2 Seasons
s5694,Movie,For the Love of Spock,Dec-2-2016,2016,TV-14,Dec,112 min
s5695,Movie,White Girl,Dec-2-2016,2016,TV-MA,Dec,90 min
s5696,Movie,#Rucker50,Dec-1-2016,2016,TV-PG,Dec,56 min
s5697,Movie,1000 Rupee Note,Dec-1-2016,2014,TV-14,Dec,89 min
s5698,Movie,Across Grace Alley,Dec-1-2016,2013,TV-PG,Dec,24 min
s5699,Movie,Asu Mare 2,Dec-1-2016,2015,TV-14,Dec,100 min
s5700,TV Show,Back to 1989,Dec-1-2016,2016,TV-PG,Dec,1 Season
s5701,TV Show,Bromance,Dec-1-2016,2015,TV-PG,Dec,1 Season
s5702,Movie,Interrogation,Dec-1-2016,2015,TV-MA,Dec,116 min
s5703,Movie,Rainbow Time,Dec-1-2016,2016,TV-MA,Dec,92 min
s5704,TV Show,Refresh Man,Dec-1-2016,2016,TV-14,Dec,1 Season
s5705,Movie,Richard Pryor: Live in Concert,Dec-1-2016,1979,TV-MA,Dec,79 min
s5706,Movie,The Violin Player,Dec-1-2016,2016,TV-14,Dec,72 min
s5707,Movie,Beauties of the Night,Nov-25-2016,2016,TV-MA,Nov,92 min
s5708,TV Show,Gilmore Girls: A Year in the Life,Nov-25-2016,2016,TV-14,Nov,1 Season
s5709,Movie,Michael Che Matters,Nov-25-2016,2016,TV-MA,Nov,61 min
s5710,Movie,Mercy,Nov-22-2016,2016,TV-MA,Nov,88 min
s5711,Movie,The Land of Cards,Nov-22-2016,2012,TV-14,Nov,113 min
s5712,Movie,Carlos Ballarta: El amor es de putos,Nov-21-2016,2016,TV-MA,Nov,67 min
s5713,Movie,Donald Glover: Weirdo,Nov-19-2016,2012,TV-MA,Nov,65 min
s5714,Movie,Colin Quinn: The New York Story,Nov-18-2016,2016,TV-MA,Nov,62 min
s5715,Movie,Divines,Nov-18-2016,2016,TV-MA,Nov,107 min
s5716,TV Show,La Niña,Nov-18-2016,2016,TV-MA,Nov,1 Season
s5717,TV Show,Paranoid,Nov-17-2016,2016,TV-MA,Nov,1 Season
s5718,Movie,Dieter Nuhr: Nuhr in Berlin,Nov-15-2016,2016,TV-MA,Nov,69 min
s5719,Movie,Mumbai Cha Raja,Nov-15-2016,2012,TV-MA,Nov,77 min
s5720,Movie,True Memoirs of an International Assassin,Nov-11-2016,2016,TV-14,Nov,98 min
s5721,TV Show,Einsatzgruppen: The Nazi Death Squads,Nov-10-2016,2009,TV-MA,Nov,1 Season
s5722,Movie,Kathleen Madigan: Bothering Jesus,Nov-10-2016,2016,TV-MA,Nov,71 min
s5723,TV Show,Case,Nov-9-2016,2015,TV-MA,Nov,1 Season
s5724,TV Show,Danger Mouse,Nov-9-2016,2016,TV-Y7,Nov,2 Seasons
s5725,Movie,"Dana Carvey: Straight White Male, 60",Nov-4-2016,2016,TV-MA,Nov,64 min
s5726,Movie,The Ivory Game,Nov-4-2016,2016,TV-14,Nov,112 min
s5727,Movie,A Grand Night In: The Story of Aardman,Nov-1-2016,2015,TV-PG,Nov,59 min
s5728,TV Show,Inborn Pair,Nov-1-2016,2011,TV-14,Nov,1 Season
s5729,TV Show,Just You,Nov-1-2016,2013,TV-14,Nov,1 Season
s5730,TV Show,Love Around,Nov-1-2016,2013,TV-14,Nov,1 Season
s5731,TV Show,Love Family,Nov-1-2016,2013,TV-MA,Nov,1 Season
s5732,TV Show,Love Me or Leave Me,Nov-1-2016,2012,TV-14,Nov,1 Season
s5733,TV Show,Love Now,Nov-1-2016,2012,TV-14,Nov,1 Season
s5734,Movie,Norman Lear: Just Another Version of You,Nov-1-2016,2016,TV-MA,Nov,91 min
s5735,Movie,Santa Pac's Merry Berry Day,Nov-1-2016,2016,TV-Y,Nov,44 min
s5736,Movie,Spanish Affair 2,Nov-1-2016,2015,TV-MA,Nov,107 min
s5737,Movie,Pup Star,Oct-29-2016,2016,G,Oct,92 min
s5738,Movie,I Am the Pretty Thing That Lives in the House,Oct-28-2016,2016,TV-14,Oct,89 min
s5739,Movie,Into the Inferno,Oct-28-2016,2016,TV-PG,Oct,107 min
s5740,Movie,The African Doctor,Oct-28-2016,2016,TV-14,Oct,94 min
s5741,Movie,They Are Everywhere,Oct-28-2016,2016,TV-MA,Oct,110 min
s5742,TV Show,Trailer Park Boys: Out of the Park: Europe,Oct-28-2016,2016,TV-MA,Oct,1 Season
s5743,Movie,West Coast,Oct-28-2016,2016,TV-MA,Oct,81 min
s5744,Movie,7 años,Oct-27-2016,2016,TV-MA,Oct,77 min
s5745,TV Show,Containment,Oct-21-2016,2016,TV-MA,Oct,1 Season
s5746,Movie,Joe Rogan: Triggered,Oct-21-2016,2016,TV-MA,Oct,64 min
s5747,Movie,A Mighty Team,Oct-15-2016,2016,TV-MA,Oct,97 min
s5748,Movie,Berserk: The Golden Age Arc I - The Egg of the King,Oct-15-2016,2012,TV-MA,Oct,77 min
s5749,Movie,Bleach The Movie: Fade to Black,Oct-15-2016,2008,TV-PG,Oct,94 min
s5750,Movie,Bleach the Movie: Hell Verse,Oct-15-2016,2010,TV-14,Oct,94 min
s5751,Movie,Blind Date,Oct-15-2016,2015,TV-14,Oct,91 min
s5752,TV Show,DEATH NOTE,Oct-15-2016,2006,TV-14,Oct,1 Season
s5753,TV Show,Spotless,Oct-15-2016,2015,TV-MA,Oct,1 Season
s5754,TV Show,Vampire Knight,Oct-15-2016,2008,TV-14,Oct,2 Seasons
s5755,Movie,Sky Ladder: The Art of Cai Guo-Qiang,Oct-14-2016,2016,TV-MA,Oct,80 min
s5756,Movie,Mascots,Oct-13-2016,2016,TV-MA,Oct,95 min
s5757,Movie,Justin Timberlake + the Tennessee Kids,Oct-12-2016,2016,TV-MA,Oct,90 min
s5758,Movie,13TH,Oct-7-2016,2016,TV-MA,Oct,101 min
s5759,Movie,Russell Peters: Almost Famous,Oct-7-2016,2016,TV-MA,Oct,73 min
s5760,TV Show,StoryBots Super Songs,Oct-7-2016,2016,TV-Y,Oct,1 Season
s5761,Movie,The Siege of Jadotville,Oct-7-2016,2016,TV-MA,Oct,108 min
s5762,Movie,LEGO Jurassic World: The Indominus Escape,Oct-4-2016,2016,TV-Y7,Oct,25 min
s5763,TV Show,Be with Me,Oct-1-2016,2015,TV-PG,Oct,1 Season
s5764,TV Show,Be with You,Oct-1-2016,2015,TV-14,Oct,1 Season
s5765,Movie,Bombshell,Oct-1-2016,2016,TV-MA,Oct,86 min
s5766,Movie,Chatô: The King of Brazil,Oct-1-2016,2015,TV-MA,Oct,105 min
s5767,TV Show,Fall in Love with Me,Oct-1-2016,2014,TV-14,Oct,1 Season
s5768,Movie,Harud,Oct-1-2016,2010,TV-MA,Oct,100 min
s5769,TV Show,Love Cheque Charge,Oct-1-2016,2014,TV-14,Oct,1 Season
s5770,TV Show,Masha's Spooky Stories,Oct-1-2016,2012,TV-Y,Oct,1 Season
s5771,Movie,Much Ado About Nothing,Oct-1-2016,2016,TV-MA,Oct,96 min
s5772,TV Show,Murphy's Law of Love,Oct-1-2016,2015,TV-PG,Oct,1 Season
s5773,Movie,My Big Night,Oct-1-2016,2015,TV-MA,Oct,97 min
s5774,Movie,My Little Pony Equestria Girls: Legend of Everfree,Oct-1-2016,2016,TV-Y7,Oct,73 min
s5775,TV Show,Old Money,Oct-1-2016,2015,TV-MA,Oct,1 Season
s5776,Movie,Pac's Scary Halloween,Oct-1-2016,2016,TV-Y7,Oct,44 min
s5777,Movie,Riphagen - The Untouchable,Oct-1-2016,2016,TV-14,Oct,132 min
s5778,TV Show,Someone Like You,Oct-1-2016,2015,TV-14,Oct,1 Season
s5779,Movie,Umrika,Oct-1-2016,2015,TV-MA,Oct,96 min
s5780,Movie,Unchained: The Untold Story of Freestyle Motocross,Oct-1-2016,2016,TV-MA,Oct,92 min
s5781,Movie,Welcome Mr. President,Oct-1-2016,2013,TV-MA,Oct,99 min
s5782,TV Show,When I See You Again,Oct-1-2016,2015,TV-14,Oct,1 Season
s5783,Movie,Amanda Knox,Sep-30-2016,2016,TV-MA,Sep,92 min
s5784,Movie,Audrie & Daisy,Sep-23-2016,2016,TV-MA,Sep,99 min
s5785,Movie,Iliza Shlesinger: Confirmed Kills,Sep-23-2016,2016,TV-MA,Sep,78 min
s5786,TV Show,VeggieTales in the House,Sep-23-2016,2016,TV-Y,Sep,4 Seasons
s5787,Movie,"Karol Modzelewski, Łukasz „Lotek” Lodkowski No Offense",Sep-19-2016,2016,TV-MA,Sep,65 min
s5788,Movie,"Katarzyna Piasecka, Rafał Pacześ Seriously Funny",Sep-19-2016,2016,TV-MA,Sep,65 min
s5789,Movie,"Mariusz Kałamaga, Karol Kopiec, Wiolka Walaszczyk Hilarious Trio",Sep-19-2016,2016,TV-MA,Sep,69 min
s5790,Movie,"Rafał Banaś, Michał Leja Laugh out Loud",Sep-19-2016,2016,TV-MA,Sep,64 min
s5791,Movie,The Best of Rafał Rutkowski Olka Szczęśniak,Sep-19-2016,2016,TV-MA,Sep,63 min
s5792,Movie,"Tomasz Jachimek, Jacek Stramik Laugh at Live",Sep-19-2016,2016,TV-MA,Sep,63 min
s5793,Movie,ARQ,Sep-16-2016,2016,TV-MA,Sep,89 min
s5794,Movie,Cedric the Entertainer: Live from the Ville,Sep-16-2016,2016,TV-MA,Sep,60 min
s5795,Movie,Louis C.K.: Hilarious,Sep-16-2016,2010,84 min,Sep,
s5796,Movie,The White Helmets,Sep-16-2016,2016,TV-PG,Sep,41 min
s5797,Movie,Sample This,Sep-15-2016,2012,TV-14,Sep,83 min
s5798,Movie,Extremis,Sep-13-2016,2016,TV-PG,Sep,25 min
s5799,Movie,Jandino: Whatever it Takes,Sep-9-2016,2016,TV-MA,Sep,94 min
s5800,TV Show,Chef's Table: France,Sep-2-2016,2016,TV-14,Sep,1 Season
s5801,TV Show,Kulipari: An Army of Frogs,Sep-2-2016,2016,TV-Y7,Sep,1 Season
s5802,TV Show,Conspiracy,Sep-1-2016,2015,TV-14,Sep,1 Season
s5803,TV Show,Dead Set,Sep-1-2016,2008,TV-MA,Sep,1 Season
s5804,TV Show,Forensic Files,Sep-1-2016,2011,TV-MA,Sep,9 Seasons
s5805,Movie,Saudi Arabia Uncovered,Sep-1-2016,2016,TV-14,Sep,52 min
s5806,TV Show,The Fierce Wife,Sep-1-2016,2010,TV-MA,Sep,1 Season
s5807,TV Show,Witches: A Century of Murder,Sep-1-2016,2015,TV-14,Sep,1 Season
s5808,TV Show,Glitter Force,Aug-26-2016,2016,TV-Y7,Aug,2 Seasons
s5809,Movie,Jeff Foxworthy and Larry the Cable Guy: We’ve Been Thinking...,Aug-26-2016,2016,TV-14,Aug,75 min
s5810,Movie,XOXO,Aug-26-2016,2016,TV-MA,Aug,92 min
s5811,Movie,I'll Sleep When I'm Dead,Aug-19-2016,2016,TV-MA,Aug,80 min
s5812,TV Show,Behind Enemy Lines,Aug-15-2016,2001,TV-14,Aug,1 Season
s5813,TV Show,Caught on Camera,Aug-15-2016,2015,TV-MA,Aug,3 Seasons
s5814,Movie,Louis C.K.: Live at the Comedy Store,Aug-15-2016,2015,66 min,Aug,
s5815,Movie,Real Crime: Supermarket Heist (Tesco Bomber),Aug-15-2016,2010,TV-14,Aug,46 min
s5816,Movie,Jim Gaffigan: Beyond the Pale,Aug-11-2016,2005,TV-14,Aug,72 min
s5817,Movie,Jim Gaffigan: King Baby,Aug-11-2016,2009,TV-PG,Aug,71 min
s5818,Movie,Jim Gaffigan: Mr. Universe,Aug-11-2016,2012,TV-14,Aug,77 min
s5819,Movie,Jim Gaffigan: Obsessed,Aug-11-2016,2014,TV-14,Aug,70 min
s5820,Movie,David Cross: Making America Great Again!,Aug-5-2016,2016,TV-MA,Aug,73 min
s5821,Movie,Lavell Crawford: Can a Brother Get Some Love?,Aug-2-2016,2011,TV-MA,Aug,81 min
s5822,Movie,Children of God,Aug-1-2016,1994,TV-MA,Aug,63 min
s5823,TV Show,Cocaine,Aug-1-2016,2005,TV-14,Aug,1 Season
s5824,TV Show,Edge of the Universe,Aug-1-2016,2008,TV-G,Aug,1 Season
s5825,Movie,Interview with a Serial Killer,Aug-1-2016,2008,TV-MA,Aug,45 min
s5826,TV Show,La Esclava Blanca,Aug-1-2016,2016,TV-MA,Aug,1 Season
s5827,Movie,Real Crime: Diamond Geezers,Aug-1-2016,2008,TV-14,Aug,46 min
s5828,TV Show,LEGO Bionicle: The Journey to One,Jul-29-2016,2016,TV-Y7,Jul,2 Seasons
s5829,Movie,Tallulah,Jul-29-2016,2016,TV-MA,Jul,112 min
s5830,TV Show,Popples,Jul-24-2016,2016,TV-Y,Jul,3 Seasons
s5831,Movie,Rebirth,Jul-15-2016,2016,TV-MA,Jul,101 min
s5832,Movie,Tony Robbins: I Am Not Your Guru,Jul-15-2016,2016,TV-MA,Jul,117 min
s5833,Movie,Gridlocked,Jul-14-2016,2015,R,Jul,114 min
s5834,Movie,Brahman Naman,Jul-6-2016,2016,TV-MA,Jul,96 min
s5835,TV Show,Kuromukuro,Jul-4-2016,2016,TV-14,Jul,2 Seasons
s5836,Movie,Jim Jefferies: Freedumb,Jul-1-2016,2016,TV-MA,Jul,87 min
s5837,TV Show,Marco Polo,Jul-1-2016,2016,TV-MA,Jul,2 Seasons
s5838,Movie,X: Past Is Present,Jul-1-2016,2015,TV-MA,Jul,105 min
s5839,TV Show,Justin Time GO!,Jun-24-2016,2016,TV-Y,Jun,1 Season
s5840,Movie,Sofía Niño de Rivera: Exposed,Jun-24-2016,2016,TV-MA,Jun,80 min
s5841,Movie,The Fundamentals of Caring,Jun-24-2016,2016,TV-MA,Jun,97 min
s5842,Movie,Ip Man 3,Jun-18-2016,2015,PG-13,Jun,105 min
s5843,Movie,Bo Burnham: Make Happy,Jun-3-2016,2016,TV-MA,Jun,60 min
s5844,TV Show,Hibana: Spark,Jun-2-2016,2016,TV-MA,Jun,1 Season
s5845,TV Show,72 Cutest Animals,Jun-1-2016,2016,TV-PG,Jun,1 Season
s5846,TV Show,72 Dangerous Places to Live,Jun-1-2016,2016,TV-PG,Jun,1 Season
s5847,Movie,The Do-Over,May-27-2016,2016,TV-MA,May,109 min
s5848,Movie,Ali Wong: Baby Cobra,May-6-2016,2016,TV-MA,May,60 min
s5849,Movie,Special Correspondents,Apr-29-2016,2016,TV-MA,Apr,101 min
s5850,Movie,Team Foxcatcher,Apr-29-2016,2016,TV-MA,Apr,91 min
s5851,Movie,Patton Oswalt: Talking for Clapping,Apr-22-2016,2016,TV-MA,Apr,66 min
s5852,Movie,Belgica,Apr-15-2016,2016,TV-MA,Apr,127 min
s5853,Movie,Hush,Apr-8-2016,2016,R,Apr,82 min
s5854,TV Show,Cyborg 009 VS Devilman,Apr-1-2016,2015,TV-MA,Apr,1 Season
s5855,Movie,Frank and Cindy,Apr-1-2016,2007,TV-MA,Apr,70 min
s5856,TV Show,Justin Time,Apr-1-2016,2012,TV-Y,Apr,2 Seasons
s5857,TV Show,Terrace House: Boys & Girls in the City,Apr-1-2016,2016,TV-14,Apr,2 Seasons
s5858,Movie,Kung Fu Panda: Secrets of the Scroll,Mar-25-2016,2016,TV-PG,Mar,23 min
s5859,Movie,He Never Died,Mar-18-2016,2015,R,Mar,97 min
s5860,Movie,Jimmy Carr: Funny Business,Mar-18-2016,2016,TV-MA,Mar,62 min
s5861,Movie,My Beautiful Broken Brain,Mar-18-2016,2016,TV-14,Mar,84 min
s5862,Movie,Pee-wee's Big Holiday,Mar-18-2016,2016,TV-PG,Mar,90 min
s5863,TV Show,Netflix Presents: The Characters,Mar-11-2016,2016,TV-MA,Mar,1 Season
s5864,TV Show,Your lie in April,Mar-1-2016,2014,TV-14,Mar,1 Season
s5865,Movie,"Crouching Tiger, Hidden Dragon: Sword of Destiny",Feb-26-2016,2016,PG-13,Feb,101 min
s5866,Movie,Marvel Super Hero Adventures: Frost Fight!,Feb-24-2016,2015,PG,Feb,74 min
s5867,TV Show,Cooked,Feb-19-2016,2016,TV-14,Feb,1 Season
s5868,TV Show,Care Bears & Cousins,Feb-5-2016,2016,TV-Y,Feb,2 Seasons
s5869,Movie,Hannibal Buress: Comedy Camisado,Feb-5-2016,2016,TV-MA,Feb,68 min
s5870,TV Show,Turbo FAST,Feb-5-2016,2016,TV-Y7,Feb,3 Seasons
s5871,TV Show,Masha's Tales,Feb-1-2016,2012,TV-Y,Feb,1 Season
s5872,TV Show,Chelsea Does,Jan-23-2016,2016,TV-MA,Jan,1 Season
s5873,Movie,Ricardo O'Farrill Abrazo Genial,Jan-22-2016,2016,TV-MA,Jan,92 min
s5874,Movie,Ip Man,Jan-15-2016,2008,R,Jan,107 min
s5875,Movie,Ip Man 2,Jan-15-2016,2010,R,Jan,108 min
s5876,Movie,Tom Segura: Mostly Stories,Jan-8-2016,2016,TV-MA,Jan,74 min
s5877,Movie,Marco Polo: One Hundred Eyes,Dec-26-2015,2015,TV-MA,Dec,29 min
s5878,TV Show,Sammy & Co,Dec-25-2015,2014,TV-Y,Dec,1 Season
s5879,Movie,Mike Epps: Don't Take It Personal,Dec-18-2015,2015,TV-MA,Dec,60 min
s5880,Movie,The Ridiculous 6,Dec-11-2015,2015,TV-14,Dec,120 min
s5881,Movie,"Trailer Park Boys: Drunk, High and Unemployed: Live in Austin",Dec-9-2015,2015,TV-MA,Dec,74 min
s5882,Movie,A Very Murray Christmas,Dec-4-2015,2015,TV-14,Dec,57 min
s5883,TV Show,Atelier,Dec-1-2015,2015,TV-PG,Dec,1 Season
s5884,Movie,Naomi and Ely's No Kiss List,Nov-18-2015,2015,TV-MA,Nov,91 min
s5885,Movie,John Mulaney: The Comeback Kid,Nov-13-2015,2015,TV-MA,Nov,62 min
s5886,TV Show,W/ Bob & David,Nov-13-2015,2015,TV-MA,Nov,1 Season
s5887,Movie,Manson Family Vacation,Oct-27-2015,2015,TV-MA,Oct,85 min
s5888,Movie,Walt Disney Animation Studios Short Films Collection,Oct-25-2015,2015,TV-Y,Oct,90 min
s5889,TV Show,Hemlock Grove,Oct-23-2015,2015,TV-MA,Oct,3 Seasons
s5890,Movie,Results,Oct-22-2015,2015,R,Oct,105 min
s5891,Movie,Anthony Jeselnik: Thoughts and Prayers,Oct-16-2015,2015,TV-MA,Oct,59 min
s5892,Movie,Beasts of No Nation,Oct-16-2015,2015,TV-MA,Oct,137 min
s5893,Movie,Circle,Oct-16-2015,2015,TV-MA,Oct,86 min
s5894,Movie,Winter on Fire: Ukraine's Fight for Freedom,Oct-9-2015,2015,TV-MA,Oct,99 min
s5895,Movie,Anjelah Johnson: Not Fancy,Oct-2-2015,2015,TV-14,Oct,64 min
s5896,TV Show,Wakfu: The Quest for the Six Eliatrope Dofus,Oct-1-2015,2014,TV-PG,Oct,1 Season
s5897,Movie,Keith Richards: Under the Influence,Sep-18-2015,2015,TV-14,Sep,82 min
s5898,Movie,Cowspiracy: The Sustainability Secret,Sep-15-2015,2014,TV-PG,Sep,90 min
s5899,Movie,6 Years,Sep-8-2015,2015,TV-MA,Sep,80 min
s5900,Movie,Demetri Martin: Live (At the Time),Aug-14-2015,2015,TV-MA,Aug,62 min
s5901,TV Show,Wet Hot American Summer,Jul-31-2015,2015,TV-MA,Jul,1 Season
s5902,Movie,Tig,Jul-17-2015,2015,TV-14,Jul,92 min
s5903,TV Show,H2O: Mermaid Adventures,Jul-15-2015,2015,TV-Y7,Jul,2 Seasons
s5904,Movie,Creep,Jul-14-2015,2014,R,Jul,78 min
s5905,Movie,Chris Tucker Live,Jul-10-2015,2015,TV-MA,Jul,92 min
s5906,Movie,Ralphie May: Imperfectly Yours,Jun-29-2015,2015,TV-MA,Jun,69 min
s5907,Movie,"What Happened, Miss Simone?",Jun-26-2015,2015,TV-14,Jun,103 min
s5908,Movie,Advantageous,Jun-23-2015,2015,TV-MA,Jun,92 min
s5909,TV Show,Danger Mouse: Classic Collection,Jun-15-2015,1992,TV-Y,Jun,10 Seasons
s5910,Movie,The Perfect Dictatorship,Jun-1-2015,2014,TV-MA,Jun,143 min
s5911,Movie,Hot Girls Wanted,May-29-2015,2015,TV-MA,May,83 min
s5912,Movie,Jen Kirkman: I'm Gonna Die Alone (And I Feel Fine),May-22-2015,2015,TV-MA,May,78 min
s5913,Movie,The Other One: The Long Strange Trip of Bob Weir,May-22-2015,2015,TV-14,May,84 min
s5914,Movie,Chris D'Elia: Incorrigible,Apr-17-2015,2015,TV-MA,Apr,84 min
s5915,TV Show,Oscar's Oasis,Mar-15-2015,2011,TV-Y,Mar,1 Season
s5916,Movie,Aziz Ansari Live at Madison Square Garden,Mar-6-2015,2015,TV-MA,Mar,58 min
s5917,Movie,My Own Man,Mar-6-2015,2015,TV-MA,Mar,82 min
s5918,Movie,Ralphie May: Unruly,Feb-27-2015,2015,TV-MA,Feb,83 min
s5919,Movie,Virunga: Gorillas in Peril,Feb-13-2015,2015,TV-14,Feb,29 min
s5920,Movie,Iliza Shlesinger: Freezing Hot,Jan-23-2015,2015,TV-MA,Jan,72 min
s5921,Movie,BoJack Horseman Christmas Special: Sabrina's Christmas Wish,Dec-19-2014,2014,TV-MA,Dec,26 min
s5922,Movie,Bill Burr: I'm Sorry You Feel That Way,Dec-5-2014,2014,TV-MA,Dec,81 min
s5923,TV Show,Lilyhammer,Nov-21-2014,2014,TV-MA,Nov,3 Seasons
s5924,TV Show,Goosebumps,Nov-19-2014,1998,TV-G,Nov,5 Seasons
s5925,Movie,Chelsea Peretti: One of the Greats,Nov-14-2014,2014,TV-MA,Nov,75 min
s5926,Movie,Virunga,Nov-7-2014,2014,TV-MA,Nov,100 min
s5927,Movie,E-Team,Oct-24-2014,2014,TV-MA,Oct,90 min
s5928,Movie,Wyatt Cenac: Brooklyn,Oct-21-2014,2014,TV-MA,Oct,68 min
s5929,Movie,Chelsea Handler: Uganda Be Kidding Me Live,Oct-10-2014,2014,TV-MA,Oct,71 min
s5930,Movie,Print the Legend,Sep-26-2014,2014,TV-14,Sep,100 min
s5931,Movie,Mission Blue,Aug-15-2014,2014,TV-PG,Aug,94 min
s5932,Movie,The Battered Bastards of Baseball,Jul-11-2014,2014,TV-MA,Jul,80 min
s5933,Movie,From One Second to the Next,Apr-15-2014,2013,TV-14,Apr,35 min
s5934,TV Show,The Borgias,Feb-1-2014,2013,TV-MA,Feb,3 Seasons
s5935,Movie,Mitt,Jan-24-2014,2014,TV-PG,Jan,93 min
s5936,Movie,The Square,Jan-17-2014,2013,TV-MA,Jan,105 min
s5937,Movie,Shrek the Musical,Dec-29-2013,2013,TV-G,Dec,130 min
s5938,Movie,The Short Game,Dec-12-2013,2013,PG,Dec,100 min
s5939,Movie,Aziz Ansari: Buried Alive,Nov-1-2013,2013,TV-MA,Nov,80 min
s5940,TV Show,The 4400,Sep-1-2013,2007,TV-14,Sep,4 Seasons
s5941,TV Show,Breaking Bad,Aug-2-2013,2013,TV-MA,Aug,5 Seasons
s5942,Movie,Being Elmo: A Puppeteer's Journey,Feb-21-2012,2011,PG,Feb,76 min
s5943,Movie,A Stoning in Fulham County,Oct-1-2011,1988,TV-14,Oct,95 min
s5944,Movie,Adam: His Song Continues,Oct-1-2011,1986,TV-MA,Oct,96 min
s5945,Movie,Hard Lessons,Oct-1-2011,1986,TV-14,Oct,94 min
s5946,Movie,In Defense of a Married Man,Oct-1-2011,1990,TV-14,Oct,94 min
s5947,Movie,Quiet Victory: The Charlie Wedemeyer Story,Oct-1-2011,1988,TV-PG,Oct,93 min
s5948,Movie,Strange Voices,Oct-1-2011,1987,TV-PG,Oct,96 min
s5949,Movie,The Ryan White Story,Oct-1-2011,1989,TV-PG,Oct,94 min
s5950,Movie,Too Young the Hero,Oct-1-2011,1988,TV-MA,Oct,94 min
s5951,Movie,Triumph of the Heart,Oct-1-2011,1991,TV-PG,Oct,93 min
s5952,Movie,Unspeakable Acts,Oct-1-2011,1990,TV-14,Oct,95 min
s5953,Movie,Victim of Beauty,Oct-1-2011,1991,TV-14,Oct,93 min
s5954,Movie,Joseph: King of Dreams,Sep-27-2011,2000,TV-PG,Sep,75 min
s5955,Movie,Even the Rain,May-17-2011,2010,TV-MA,May,103 min
s5956,Movie,Splatter,Nov-18-2009,2009,TV-MA,Nov,29 min
s5957,Movie,Just Another Love Story,May-5-2009,2007,TV-MA,May,104 min
s5958,Movie,To and From New York,Jan-1-2008,2006,TV-MA,Jan,81 min
s5959,Movie,9,Nov-16-2017,2009,PG-13,Nov,80 min
s5960,Movie,21,Jan-1-2020,2008,PG-13,Jan,123 min
s5961,Movie,187,Nov-1-2019,1997,R,Nov,119 min
s5962,Movie,706,Apr-1-2019,2019,TV-14,Apr,118 min
s5963,Movie,1920,Dec-15-2017,2008,TV-MA,Dec,143 min
s5964,Movie,1-Oct,Sep-1-2019,2014,TV-14,Sep,149 min
s5965,TV Show,9-Feb,Mar-20-2019,2018,TV-14,Mar,1 Season
s5966,Movie,22-Jul,Oct-10-2018,2018,R,Oct,144 min
s5967,Movie,15-Aug,Mar-29-2019,2019,TV-14,Mar,124 min
s5968,Movie,'89,May-16-2018,2017,TV-PG,May,87 min
s5969,Movie,​Goli Soda 2,Sep-15-2018,2018,TV-14,Sep,128 min
s5970,Movie,​Maj Rati ​​Keteki,Sep-15-2018,2017,TV-14,Sep,117 min
s5971,Movie,​Mayurakshi,Sep-15-2018,2017,TV-14,Sep,100 min
s5972,Movie,(T)ERROR,Jun-30-2016,2015,NR,Jun,84 min
s5973,Movie,#cats_the_mewvie,Feb-5-2020,2020,TV-14,Feb,90 min
s5974,Movie,#Roxy,Apr-10-2019,2018,TV-14,Apr,105 min
s5975,TV Show,แผนร้ายนายเจ้าเล่ห์,Mar-30-2019,2016,TV-14,Mar,1 Season
s5976,Movie,Ég man þig,Mar-27-2018,2017,TV-MA,Mar,106 min
s5977,Movie,Çok Filim Hareketler Bunlar,Mar-10-2017,2010,TV-MA,Mar,99 min
s5978,Movie,Æon Flux,Feb-1-2018,2005,PG-13,Feb,93 min
s5979,TV Show,Şubat,Jan-17-2017,2013,TV-MA,Jan,1 Season
s5980,Movie,1 Chance 2 Dance,Jul-1-2017,2014,TV-PG,Jul,89 min
s5981,Movie,1 Mile to You,Jul-7-2017,2017,TV-14,Jul,105 min
s5982,Movie,"10,000 B.C.",Jun-1-2019,2008,PG-13,Jun,109 min
s5983,Movie,100 Days Of Solitude,Jul-6-2018,2018,TV-MA,Jul,93 min
s5984,Movie,100 Years: One Woman's Fight for Justice,Mar-20-2018,2016,TV-14,Mar,75 min
s5985,TV Show,100% Hotter,Nov-1-2019,2017,TV-14,Nov,1 Season
s5986,Movie,12 ROUND GUN,Mar-14-2019,2017,TV-MA,Mar,90 min
s5987,TV Show,12 Years Promise,May-22-2017,2014,TV-14,May,1 Season
s5988,Movie,13 Cameras,Aug-13-2016,2015,NR,Aug,90 min
s5989,Movie,13 Sins,Jan-13-2019,2014,R,Jan,93 min
s5990,Movie,13TH: A Conversation with Oprah Winfrey & Ava DuVernay,Jan-26-2017,2017,,Jan,37 min
s5991,Movie,14 Blades,Apr-3-2019,2010,R,Apr,113 min
s5992,Movie,14 Cameras,Oct-27-2018,2018,TV-MA,Oct,89 min
s5993,Movie,16 Blocks,Nov-1-2019,2006,PG-13,Nov,102 min
s5994,Movie,17 Again,Jan-1-2021,2009,PG-13,Jan,102 min
s5995,Movie,1BR,Aug-23-2020,2019,TV-MA,Aug,90 min
s5996,Movie,1st Summoning,Jul-26-2019,2018,TV-MA,Jul,94 min
s5997,Movie,20 Feet From Stardom,Sep-22-2018,2013,PG-13,Sep,91 min
s5998,Movie,2015 Dream Concert,Apr-28-2017,2015,TV-PG,Apr,107 min
s5999,Movie,2036 Origin Unknown,Dec-20-2018,2018,TV-14,Dec,95 min
s6000,Movie,20th Century Women,Jun-28-2019,2016,R,Jun,119 min
s6001,Movie,21 & Over,Apr-16-2019,2013,R,Apr,93 min
s6002,TV Show,21 Sarfarosh: Saragarhi 1897,Dec-1-2018,2018,TV-14,Dec,1 Season
s6003,Movie,2307: Winter's Dream,Mar-1-2018,2016,TV-MA,Mar,101 min
s6004,Movie,24 Hours to Live,Apr-7-2018,2017,R,Apr,93 min
s6005,Movie,"27, el club de los malditos",May-1-2018,2018,TV-MA,May,82 min
s6006,Movie,27: Gone Too Soon,May-1-2018,2017,TV-MA,May,70 min
s6007,Movie,28 Days,Sep-30-2020,2000,PG-13,Sep,104 min
s6008,Movie,3 Deewarein,Dec-31-2019,2003,TV-MA,Dec,121 min
s6009,Movie,3 Generations,Aug-28-2017,2015,PG-13,Aug,92 min
s6010,Movie,3 Heroines,Jan-5-2019,2016,TV-PG,Jan,124 min
s6011,Movie,3 Seconds Divorce,Jun-15-2019,2018,TV-PG,Jun,53 min
s6012,Movie,30 Days of Luxury,Apr-18-2019,2016,TV-14,Apr,91 min
s6013,Movie,30 Minutes or Less,Jan-1-2021,2011,R,Jan,83 min
s6014,Movie,300 Miles to Heaven,Oct-1-2019,1989,TV-14,Oct,93 min
s6015,Movie,42 Grams,Feb-1-2018,2017,TV-MA,Feb,81 min
s6016,Movie,4th Man Out,May-5-2016,2015,NR,May,86 min
s6017,Movie,5 Cowok Jagoan,Jan-5-2019,2017,TV-MA,Jan,106 min
s6018,Movie,5 to 7,Mar-16-2017,2014,R,Mar,97 min
s6019,Movie,50 First Dates,Dec-1-2020,2004,PG-13,Dec,99 min
s6020,Movie,50/50,Jun-1-2019,2011,R,Jun,100 min
s6021,Movie,5CM,Sep-28-2018,2012,TV-14,Sep,126 min
s6022,Movie,6 Days,Feb-8-2018,2017,R,Feb,94 min
s6023,Movie,6-5=2,Nov-1-2017,2014,TV-MA,Nov,103 min
s6024,Movie,68 Kill,Sep-1-2019,2017,R,Sep,96 min
s6025,TV Show,7 (Seven),Jul-30-2019,2019,TV-14,Jul,1 Season
s6026,Movie,7 Din Mohabbat In,May-15-2019,2018,TV-PG,May,137 min
s6027,TV Show,9 Months That Made You,Mar-1-2017,2016,TV-PG,Mar,1 Season
s6028,Movie,A Bad Moms Christmas,Feb-14-2020,2017,R,Feb,104 min
s6029,Movie,A Billion Colour Story,Apr-1-2018,2016,TV-14,Apr,104 min
s6030,Movie,A Boy Called Po,Jan-15-2018,2016,PG,Jan,94 min
s6031,Movie,A Bridge Too Far,Jul-1-2020,1977,PG,Jul,176 min
s6032,Movie,A Clockwork Orange,Nov-1-2020,1971,R,Nov,137 min
s6033,Movie,A Dangerous Woman,Apr-1-2018,1993,R,Apr,101 min
s6034,Movie,A Family Affair,Oct-16-2016,2015,TV-PG,Oct,111 min
s6035,Movie,A Family Man,Dec-15-2019,2016,R,Dec,110 min
s6036,Movie,A Flying Jatt,Nov-15-2017,2016,TV-14,Nov,142 min
s6037,Movie,A Glimpse Inside the Mind of Charles Swan III,Jul-15-2018,2012,R,Jul,86 min
s6038,TV Show,A Good Wife,Jan-1-2017,2013,TV-14,Jan,1 Season
s6039,Movie,A Gray State,Dec-25-2017,2017,TV-MA,Dec,93 min
s6040,Movie,A Haunted House,Feb-21-2020,2013,R,Feb,86 min
s6041,Movie,A Haunting at Silver Falls: The Return,Sep-17-2019,2019,TV-14,Sep,80 min
s6042,Movie,A Holiday Engagement,Nov-4-2019,2011,TV-G,Nov,92 min
s6043,Movie,A Kind of Murder,May-1-2017,2016,R,May,96 min
s6044,Movie,A Leaf of Faith,Aug-27-2018,2018,TV-MA,Aug,87 min
s6045,TV Show,A Man Called God,Mar-12-2019,2010,TV-14,Mar,1 Season
s6046,Movie,A Mission in an Old Movie,Apr-25-2019,2012,TV-MA,Apr,98 min
s6047,Movie,A Most Violent Year,Jul-22-2018,2014,R,Jul,125 min
s6048,Movie,A Murder in the Park,Apr-28-2017,2014,PG-13,Apr,91 min
s6049,Movie,A new Capitalism,Jun-12-2018,2017,TV-14,Jun,76 min
s6050,Movie,A Night at the Roxbury,Dec-1-2019,1998,PG-13,Dec,82 min
s6051,Movie,A Noble Intention,Sep-1-2016,2015,TV-MA,Sep,111 min
s6052,Movie,A Patch of Fog,Apr-15-2017,2015,TV-MA,Apr,92 min
s6053,Movie,A Perfect Man,Jun-6-2019,2013,R,Jun,94 min
s6054,Movie,A Princess for Christmas,Aug-28-2020,2011,TV-PG,Aug,91 min
s6055,Movie,A Russell Peters Christmas,Nov-1-2013,2011,NR,Nov,44 min
s6056,Movie,A Scandall,Oct-15-2017,2016,TV-MA,Oct,108 min
s6057,Movie,A Separation,Mar-16-2019,2011,PG-13,Mar,123 min
s6058,Movie,A Serious Man,Jan-16-2018,2009,R,Jan,106 min
s6059,Movie,A Sort of Homecoming,Aug-1-2017,2015,TV-PG,Aug,89 min
s6060,Movie,A Tale of Love and Darkness,Oct-25-2019,2015,PG-13,Oct,98 min
s6061,Movie,A Thin Line Between Love & Hate,Dec-1-2020,1996,R,Dec,108 min
s6062,Movie,A Thousand Words,Jul-1-2020,2012,PG-13,Jul,92 min
s6063,Movie,A Walk to Remember,Jul-1-2020,2002,PG,Jul,102 min
s6064,Movie,A Wednesday,Nov-1-2018,2008,TV-MA,Nov,103 min
s6065,Movie,A Week in Watts,Feb-19-2018,2017,TV-14,Feb,91 min
s6066,Movie,A Wrinkle in Time,Sep-25-2018,2018,PG,Sep,110 min
s6067,TV Show,A Young Doctor's Notebook and Other Stories,,2013,TV-MA,Jan,2 Seasons
s6068,TV Show,A.D. Kingdom and Empire,Dec-15-2017,2015,TV-14,Dec,1 Season
s6069,Movie,A.M.I.,Oct-1-2020,2019,TV-MA,Oct,77 min
s6070,Movie,A.X.L.,Mar-20-2019,2018,PG,Mar,99 min
s6071,Movie,Aşk Tesadüfleri Sever,Apr-4-2018,2011,TV-MA,Apr,122 min
s6072,Movie,Aadu 2,May-15-2018,2017,TV-MA,May,150 min
s6073,Movie,Aajcha Divas Majha,Jan-1-2018,2013,TV-PG,Jan,126 min
s6074,Movie,Aarakshan,Dec-31-2019,2011,TV-14,Dec,164 min
s6075,Movie,Aashayein,Oct-22-2017,2010,TV-14,Oct,115 min
s6076,Movie,Aata Pita,Jan-1-2018,2010,TV-14,Jan,133 min
s6077,Movie,Abby Sen,May-1-2017,2015,TV-PG,May,127 min
s6078,Movie,Abdo Mota,Apr-19-2019,2012,TV-MA,Apr,100 min
s6079,Movie,Abhinetri,May-1-2018,2016,TV-14,May,131 min
s6080,TV Show,Abnormal Summit," August 4, 2017",2017,TV-PG,Aug,2 Seasons
s6081,Movie,Abominable Christmas,Feb-18-2016,2012,TV-Y7,Feb,44 min
s6082,Movie,About a Boy,Feb-1-2019,2002,PG-13,Feb,101 min
s6083,Movie,Abzurdah,Aug-25-2016,2015,TV-MA,Aug,90 min
s6084,Movie,Acapulco La vida va,Jun-3-2017,2016,TV-MA,Jun,89 min
s6085,Movie,Across The Line,Apr-1-2019,2015,TV-MA,Apr,88 min
s6086,Movie,Across the Universe,Jan-1-2019,2007,PG-13,Jan,133 min
s6087,Movie,Act of Valor,Jun-1-2020,2012,R,Jun,110 min
s6088,Movie,Act of Vengeance,Sep-29-2018,2010,NR,Sep,112 min
s6089,Movie,Acts of Violence,Aug-1-2020,2018,R,Aug,87 min
s6090,TV Show,Adam Ruins Everything,Sep-30-2018,2018,TV-14,Sep,1 Season
s6091,Movie,Addicted to Life,Jun-12-2020,2014,TV-14,Jun,91 min
s6092,Movie,Adore,Nov-20-2019,2013,R,Nov,111 min
s6093,Movie,Adrishya,Dec-31-2019,2017,TV-14,Dec,99 min
s6094,Movie,Adventures in Public School,Aug-15-2018,2018,NR,Aug,86 min
s6095,TV Show,Africa,Apr-28-2016,2013,TV-PG,Apr,1 Season
s6096,Movie,After Porn Ends,May-27-2019,2012,NR,May,93 min
s6097,Movie,After Porn Ends 3,Dec-30-2018,2018,TV-MA,Dec,87 min
s6098,Movie,Afterschool,Aug-13-2020,2008,TV-MA,Aug,107 min
s6099,Movie,Aftershock,Mar-7-2018,2012,R,Mar,89 min
s6100,Movie,Agatha and the Truth of Murder,Jan-31-2019,2018,TV-MA,Jan,92 min
s6101,TV Show,Age Gap Love,Jul-12-2019,2017,TV-MA,Jul,1 Season
s6102,TV Show,Age of Glory,Aug-14-2017,2010,TV-MA,Aug,2 Seasons
s6103,TV Show,Agent Raghav,Apr-15-2017,2015,TV-14,Apr,1 Season
s6104,Movie,Ahista Ahista,Dec-31-2019,2006,TV-14,Dec,122 min
s6105,Movie,Ai Weiwei: Never Sorry,Mar-1-2018,2012,R,Mar,91 min
s6106,TV Show,Ainsley Eats the Streets,Jul-12-2019,2014,TV-PG,Jul,1 Season
s6107,Movie,Aisa Yeh Jahaan,Oct-15-2017,2015,TV-14,Oct,127 min
s6108,Movie,Aitraaz,Mar-1-2018,2004,TV-14,Mar,153 min
s6109,Movie,Alarmoty in the Land of Fire,Aug-5-2019,2017,TV-MA,Aug,94 min
s6110,Movie,Albion: The Enchanted Stallion,Jul-1-2017,2016,TV-PG,Jul,106 min
s6111,Movie,Alejandro Sanz: What I Was Is What I Am,Aug-18-2018,2018,TV-MA,Aug,102 min
s6112,Movie,Alice Doesn't Live Here Anymore,Jul-1-2019,1974,PG,Jul,112 min
s6113,Movie,Alien Contact: Outer Space,Jan-9-2018,2017,TV-PG,Jan,63 min
s6114,Movie,Aliens Ate My Homework,Mar-6-2018,2018,PG,Mar,90 min
s6115,Movie,Alive and Kicking,Aug-10-2017,2016,TV-14,Aug,89 min
s6116,Movie,All About Nina,Mar-18-2019,2018,R,Mar,101 min
s6117,Movie,All Dogs Go to Heaven,Jun-1-2020,1989,G,Jun,85 min
s6118,Movie,All Good Ones Get Away,Jul-30-2019,2019,TV-MA,Jul,83 min
s6119,Movie,All Hallows' Eve,Aug-1-2017,2016,TV-G,Aug,92 min
s6120,Movie,All Light Will End,Feb-2-2019,2018,TV-MA,Feb,84 min
s6121,Movie,All the Boys Love Mandy Lane,Jul-3-2018,2006,R,Jul,91 min
s6122,Movie,All the Devil's Men,May-15-2019,2018,R,May,100 min
s6123,Movie,Alone in Berlin,Feb-15-2019,2016,R,Feb,103 min
s6124,Movie,Along Came a Spider,Oct-1-2019,2001,R,Oct,103 min
s6125,Movie,Alpha and Omega 2: A Howl-iday Adventure,Oct-1-2019,2013,TV-G,Oct,45 min
s6126,Movie,Alpha and Omega: The Legend of the Saw Tooth Cave,Jan-1-2020,2014,TV-Y7,Jan,45 min
s6127,TV Show,Alphablocks,May-25-2020,2014,TV-Y,May,5 Seasons
s6128,Movie,AlphaGo,Jan-1-2018,2017,TV-G,Jan,90 min
s6129,Movie,Always a Bridesmaid,Mar-3-2020,2019,TV-14,Mar,98 min
s6130,Movie,Amar Akbar & Tony,Jun-20-2017,2015,TV-MA,Jun,92 min
s6131,Movie,Amar Akbar Anthony,Dec-31-2019,1977,TV-14,Dec,172 min
s6132,Movie,Amar's Hands,Apr-26-2019,2011,TV-14,Apr,125 min
s6133,TV Show,America's Book of Secrets,Sep-15-2019,2014,TV-14,Sep,1 Season
s6134,Movie,American Anarchist,Jun-23-2017,2016,TV-MA,Jun,81 min
s6135,Movie,American Assassin,Jan-31-2020,2017,R,Jan,112 min
s6136,Movie,American Beauty,Jan-1-2020,1999,R,Jan,122 min
s6137,Movie,American Circumcision,Dec-16-2018,2017,TV-14,Dec,101 min
s6138,TV Show,American Crime,May-30-2017,2017,TV-MA,May,3 Seasons
s6139,Movie,American Experience: Ruby Ridge,Apr-19-2017,2017,TV-MA,Apr,53 min
s6140,TV Show,American Experience: The Circus,May-2-2019,2018,TV-PG,May,1 Season
s6141,Movie,American Experience: The Island Murder,May-1-2019,2018,TV-14,May,53 min
s6142,Movie,American Hangman,Jul-30-2019,2019,TV-MA,Jul,99 min
s6143,Movie,American Heist,Oct-23-2019,2014,R,Oct,95 min
s6144,Movie,American History X,Nov-1-2019,1998,R,Nov,119 min
s6145,Movie,American Honey,Apr-27-2019,2016,R,Apr,163 min
s6146,Movie,American Masters: Ted Williams,Apr-1-2019,2018,TV-MA,Apr,55 min
s6147,TV Show,American Odyssey,Apr-5-2016,2015,TV-14,Apr,1 Season
s6148,Movie,American Psycho,Sep-1-2019,2000,R,Sep,102 min
s6149,Movie,American Warfighter,Sep-13-2019,2019,TV-MA,Sep,106 min
s6150,Movie,Amy,Jul-26-2018,2015,R,Jul,128 min
s6151,Movie,An American in Madras,Jan-1-2017,2013,TV-PG,Jan,80 min
s6152,Movie,An American Tail,Apr-1-2018,1986,G,Apr,80 min
s6153,Movie,An American Tail: Fievel Goes West,Apr-1-2018,1991,G,Apr,75 min
s6154,Movie,An American Tail: The Mystery of the Night Monster,Apr-1-2018,1999,G,Apr,75 min
s6155,Movie,An American Tail: The Treasures of Manhattan Island,Apr-1-2018,2000,G,Apr,79 min
s6156,Movie,An Hour and a Half,Apr-26-2019,2012,TV-14,Apr,87 min
s6157,TV Show,An Innocent Mistake,Jan-1-2017,2012,TV-14,Jan,1 Season
s6158,Movie,An Interview with God,Mar-1-2019,2018,TV-PG,Mar,97 min
s6159,Movie,An Upper Egyptian,Jun-20-2019,2014,TV-MA,Jun,85 min
s6160,Movie,Anarkali of Aarah,Aug-1-2017,2017,TV-MA,Aug,111 min
s6161,Movie,Anchor and Hope,Feb-15-2019,2017,TV-MA,Feb,113 min
s6162,TV Show,Ancient Aliens,Sep-17-2019,2018,TV-14,Sep,1 Season
s6163,Movie,Anesthesia,Dec-30-2018,2015,R,Dec,90 min
s6164,Movie,Angel Eyes,Sep-5-2020,2001,R,Sep,103 min
s6165,Movie,Anger Management,Nov-1-2019,2003,PG-13,Nov,105 min
s6166,Movie,Angry Indian Goddesses,Mar-14-2017,2015,TV-MA,Mar,104 min
s6167,TV Show,Anjaan: Rural Myths,Dec-15-2018,2018,TV-14,Dec,1 Season
s6168,TV Show,Anjaan: Special Crimes Unit,May-1-2018,2018,TV-14,May,1 Season
s6169,Movie,Ankur Arora Murder Case,Oct-15-2017,2013,TV-14,Oct,127 min
s6170,Movie,Annabelle Hooper and the Ghosts of Nantucket,Aug-1-2017,2016,TV-PG,Aug,92 min
s6171,Movie,Another Forever,Mar-21-2017,2016,TV-PG,Mar,72 min
s6172,Movie,Ant-Man and the Wasp,Jan-29-2019,2018,PG-13,Jan,118 min
s6173,Movie,Antar: Son of Shadad,May-9-2019,2017,TV-MA,May,110 min
s6174,Movie,Antariksha Ke Rakhwale,Jun-18-2019,2018,TV-Y7,Jun,65 min
s6175,TV Show,Anthony Bourdain: Parts Unknown,,2018,TV-PG,Jan,5 Seasons
s6176,Movie,Antidote,Apr-14-2019,2018,TV-MA,Apr,90 min
s6177,Movie,Anwar,Dec-31-2019,2007,TV-14,Dec,134 min
s6178,TV Show,忍者ハットリくん," December 23, 2018",2012,TV-Y7,Dec,2 Seasons
s6179,Movie,Apache Warrior,Nov-1-2019,2017,TV-MA,Nov,89 min
s6180,Movie,APEX: The Story of the Hypercar,Aug-1-2016,2016,NR,Aug,86 min
s6181,Movie,Apollo 18,Mar-9-2019,2011,PG-13,Mar,87 min
s6182,Movie,April and the Extraordinary World,Oct-1-2017,2015,PG,Oct,107 min
s6183,Movie,"Aram, Aram",Feb-15-2017,2015,TV-14,Feb,79 min
s6184,Movie,Are We Done Yet?,Aug-1-2019,2018,TV-14,Aug,87 min
s6185,Movie,Arisan 2,Sep-15-2018,2011,TV-14,Sep,113 min
s6186,Movie,Arthur,Apr-1-2019,2011,PG-13,Apr,110 min
s6187,Movie,Arthur Christmas,Jan-1-2020,2011,PG,Jan,98 min
s6188,Movie,"As Above, So Below",Sep-16-2018,2014,R,Sep,93 min
s6189,Movie,As Good as It Gets,Jan-1-2020,1997,PG-13,Jan,139 min
s6190,Movie,Assimilate,Oct-25-2019,2019,TV-MA,Oct,94 min
s6191,Movie,Asura: The City of Madness,Feb-15-2018,2016,NR,Feb,133 min
s6192,Movie,At All Costs,Dec-14-2016,2016,TV-MA,Dec,81 min
s6193,Movie,At First Light,Dec-27-2018,2018,TV-14,Dec,91 min
s6194,Movie,ATM,Sep-5-2018,2012,TV-14,Sep,122 min
s6195,TV Show,Atomic Puppet,Dec-1-2017,2016,TV-Y7,Dec,1 Season
s6196,Movie,Attacking the Devil: Harold Evans and the Last Nazi War Crime,May-15-2016,2014,TV-14,May,102 min
s6197,Movie,Attitude Test,Aug-19-2018,2016,TV-14,Aug,88 min
s6198,Movie,Auschwitz: Blueprints of Genocide,Jan-19-2019,1994,TV-PG,Jan,49 min
s6199,TV Show,Aussie Gold Hunters,Aug-1-2017,2016,TV-MA,Aug,1 Season
s6200,Movie,Automata,Sep-8-2017,2014,R,Sep,110 min
s6201,Movie,Avengers: Infinity War,Dec-25-2018,2018,PG-13,Dec,150 min
s6202,Movie,Avicii: True Stories,Dec-28-2018,2017,TV-MA,Dec,97 min
s6203,Movie,Azhar,Apr-12-2019,2016,TV-14,Apr,129 min
s6204,Movie,B.A. Pass,Jun-7-2018,2013,TV-14,Jun,99 min
s6205,Movie,Babam ve Oğlum,Apr-30-2018,2005,TV-14,Apr,112 min
s6206,Movie,Babel,Jan-1-2019,2006,R,Jan,143 min
s6207,Movie,Bachelor Girls,Mar-1-2018,2016,TV-MA,Mar,61 min
s6208,Movie,Back and Forth,Jan-5-2017,2016,NR,Jan,95 min
s6209,Movie,Backcountry,Mar-30-2017,2014,NR,Mar,92 min
s6210,Movie,Backfire,Apr-5-2019,2019,TV-MA,Apr,97 min
s6211,Movie,Backtrack,Dec-25-2018,2015,R,Dec,90 min
s6212,Movie,Bad Boys,Oct-1-2019,1995,R,Oct,119 min
s6213,Movie,Bad Boys II,Oct-1-2019,2003,R,Oct,147 min
s6214,TV Show,Bad Education," December 15, 2018",2014,TV-MA,Dec,3 Seasons
s6215,Movie,Bad Match,Mar-11-2018,2017,TV-MA,Mar,83 min
s6216,Movie,Bad Rap,Aug-21-2017,2016,TV-MA,Aug,83 min
s6217,TV Show,Badalte Rishton Ki Dastaan,Apr-1-2017,2013,TV-14,Apr,1 Season
s6218,Movie,Badha,Jan-1-2018,2006,TV-14,Jan,91 min
s6219,Movie,Badland,Mar-26-2020,2019,TV-14,Mar,117 min
s6220,TV Show,Bala Loca,Apr-1-2017,2016,TV-MA,Apr,1 Season
s6221,Movie,Balto,Apr-1-2018,1995,G,Apr,78 min
s6222,Movie,Balto 2: Wolf Quest,Apr-1-2018,2001,G,Apr,75 min
s6223,Movie,Balto 3: Wings of Change,Apr-1-2018,2004,G,Apr,78 min
s6224,Movie,Balu Mahi,Mar-1-2018,2017,TV-MA,Mar,149 min
s6225,Movie,Bana Masal Anlatma,Mar-10-2017,2015,TV-14,Mar,103 min
s6226,Movie,Band Aid,Apr-12-2019,2017,R,Apr,94 min
s6227,Movie,Band of Robbers,Apr-15-2016,2015,NR,Apr,95 min
s6228,Movie,Bang Rajan 2,Jul-25-2018,2010,TV-MA,Jul,122 min
s6229,TV Show,Bangkok Bachelors,Jun-4-2018,2016,TV-MA,Jun,1 Season
s6230,Movie,Bangkok Hell,Sep-14-2018,2002,TV-MA,Sep,107 min
s6231,Movie,Bangkok Traffic (Love) Story,Sep-5-2018,2009,TV-14,Sep,126 min
s6232,Movie,Barça Dreams,Sep-1-2018,2015,TV-MA,Sep,122 min
s6233,Movie,Barah Aana,Dec-31-2019,2009,TV-14,Dec,95 min
s6234,Movie,Barbecue,Aug-15-2017,2017,TV-MA,Aug,101 min
s6235,Movie,Barbie & Her Sisters in a Pony Tale,Oct-1-2017,2013,TV-Y,Oct,74 min
s6236,Movie,Barbie in A Mermaid Tale,Oct-1-2017,2010,TV-Y,Oct,74 min
s6237,Movie,Barbie in Princess Power,Oct-1-2017,2015,TV-Y,Oct,74 min
s6238,Movie,Barbie in Rock 'N Royals,Oct-1-2017,2015,TV-Y,Oct,83 min
s6239,Movie,Barbie Star Light Adventure,Oct-1-2017,2016,TV-Y,Oct,79 min
s6240,Movie,Barbie: A Fairy Secret,Oct-1-2017,2010,TV-Y7,Oct,72 min
s6241,Movie,Barbie: Princess Charm School,Oct-1-2017,2011,TV-Y,Oct,80 min
s6242,Movie,Barbie: Spy Squad,Oct-1-2017,2016,TV-Y,Oct,75 min
s6243,Movie,Barbie: The Princess & the Popstar,Oct-1-2017,2012,TV-Y,Oct,75 min
s6244,Movie,Barbie: Video Game Hero,Oct-1-2017,2017,TV-Y,Oct,72 min
s6245,Movie,Barely Lethal,Jul-26-2018,2015,PG-13,Jul,99 min
s6246,Movie,Barrio Universitario,Aug-19-2018,2013,TV-14,Aug,91 min
s6247,Movie,Barsaat,Apr-1-2018,1995,TV-PG,Apr,166 min
s6248,Movie,BASEketball,Nov-1-2018,1998,R,Nov,103 min
s6249,Movie,Basic Instinct,Oct-1-2020,1992,R,Oct,128 min
s6250,TV Show,Bat Pat,Dec-31-2017,2016,TV-Y,Dec,1 Season
s6251,TV Show,Bates Motel,Feb-20-2018,2017,TV-MA,Feb,5 Seasons
s6252,Movie,Bathtubs Over Broadway,May-9-2019,2018,PG-13,May,87 min
s6253,TV Show,Battle Creek,Dec-31-2015,2015,TV-14,Dec,1 Season
s6254,TV Show,Battlefield Recovery,Aug-1-2016,2016,TV-PG,Aug,1 Season
s6255,Movie,Bawarchi,Dec-31-2019,1972,TV-PG,Dec,125 min
s6256,Movie,Bazaar,Dec-31-2019,1982,TV-14,Dec,121 min
s6257,Movie,Be Here Now,Feb-28-2017,2015,TV-MA,Feb,110 min
s6258,Movie,Be Somebody,Nov-20-2019,2016,PG,Nov,88 min
s6259,TV Show,Be-Be-Bears,Aug-29-2018,2018,TV-Y,Aug,1 Season
s6260,Movie,Beak & Brain: Genius Birds From Down Under,Mar-1-2017,2013,TV-G,Mar,52 min
s6261,Movie,Bean: The Ultimate Disaster Movie,Aug-1-2018,1997,PG-13,Aug,89 min
s6262,Movie,Beary Tales,Mar-1-2017,2013,TV-G,Mar,52 min
s6263,TV Show,Beast Legends,Feb-1-2019,2010,TV-PG,Feb,1 Season
s6264,TV Show,Beating Again,May-22-2017,2015,TV-14,May,1 Season
s6265,TV Show,Beauty & the Beast,Sep-19-2016,2016,TV-14,Sep,4 Seasons
s6266,TV Show,Beauty and the Bitches,Apr-23-2019,2016,TV-MA,Apr,2 Seasons
s6267,Movie,Beavis and Butt-head Do America,Nov-20-2019,1996,PG-13,Nov,81 min
s6268,Movie,Bebe's Kids,Nov-20-2019,1992,PG-13,Nov,73 min
s6269,Movie,Because of Soccer,Dec-8-2018,2008,TV-14,Dec,75 min
s6270,Movie,Because We're Heading Out,Apr-18-2019,2016,TV-14,Apr,99 min
s6271,Movie,Becoming Jane,Jan-12-2019,2007,PG-13,Jan,121 min
s6272,Movie,Bedtime Stories,Mar-5-2019,2008,PG,Mar,100 min
s6273,Movie,Before the Flood,Feb-1-2018,2016,PG,Feb,97 min
s6274,Movie,"Behind ""The Cove"": The Quiet Japanese Speak Out",Aug-25-2017,2015,TV-14,Aug,105 min
s6275,Movie,Behind the Curtain: Todrick Hall,Apr-5-2018,2017,TV-MA,Apr,100 min
s6276,TV Show,Behind the Newsroom,Sep-14-2018,2015,TV-MA,Sep,1 Season
s6277,TV Show,Behzat Ç.,May-19-2017,2010,TV-MA,May,1 Season
s6278,Movie,Beiimaan Love,Nov-1-2017,2016,TV-MA,Nov,115 min
s6279,Movie,Being AP,Aug-15-2016,2015,TV-14,Aug,99 min
s6280,TV Show,Being Mary Jane: The Series," July 1, 2017",2016,TV-14,Jul,4 Seasons
s6281,Movie,Below Her Mouth,Aug-1-2017,2016,TV-MA,Aug,91 min
s6282,TV Show,Ben 10,Sep-30-2018,2016,TV-Y7,Sep,1 Season
s6283,Movie,Beneath the Leaves,Jun-8-2019,2019,TV-MA,Jun,90 min
s6284,Movie,Benji: Off the Leash,Mar-6-2018,2004,PG,Mar,100 min
s6285,Movie,Benji's Very Own Christmas Story,Oct-3-2018,1978,TV-G,Oct,25 min
s6286,Movie,Berlin Kaplani,Mar-10-2017,2012,TV-14,Mar,99 min
s6287,Movie,"Berlin, I Love You",Jun-8-2019,2019,R,Jun,120 min
s6288,Movie,Best Neighbors,Jun-6-2019,2014,TV-14,Jun,98 min
s6289,Movie,Betting on Zero,Jun-1-2017,2017,TV-PG,Jun,104 min
s6290,Movie,Bewafaa,Jul-21-2019,2005,TV-PG,Jul,149 min
s6291,Movie,Bewildered Bolbol,Jun-20-2019,2010,TV-14,Jun,112 min
s6292,TV Show,Beyblade: Metal Fusion,Dec-15-2017,2009,TV-Y7,Dec,1 Season
s6293,Movie,Beyond All Boundaries,Apr-1-2017,2013,TV-14,Apr,98 min
s6294,Movie,Beyond the Clouds,Aug-10-2018,2018,TV-14,Aug,120 min
s6295,TV Show,Bh Se Bhade,Apr-1-2018,2013,TV-PG,Apr,1 Season
s6296,TV Show,Bhaage Re Mann,Apr-15-2017,2015,TV-14,Apr,1 Season
s6297,Movie,Bhagam Bhag,Dec-31-2019,2006,TV-14,Dec,151 min
s6298,Movie,Bheemayan,May-10-2019,2018,TV-Y,May,63 min
s6299,Movie,Bhool Bhulaiyaa,Oct-22-2017,2007,TV-14,Oct,148 min
s6300,Movie,Bhoot,Dec-31-2019,2003,TV-MA,Dec,114 min
s6301,Movie,Bhouri,Dec-1-2017,2017,TV-14,Dec,123 min
s6302,TV Show,Big Bad Beetleborgs,Jan-1-2016,1997,TV-G,Jan,2 Seasons
s6303,Movie,Big Bear,Feb-28-2018,2017,TV-MA,Feb,87 min
s6304,Movie,Big Daddy,Oct-1-2020,1999,PG-13,Oct,93 min
s6305,TV Show,"Big Dreams, Small Spaces"," July 26, 2019",2017,TV-G,Jul,3 Seasons
s6306,Movie,Big Fat Liar,Jan-15-2020,2002,PG,Jan,88 min
s6307,Movie,Big Kill,Jun-18-2019,2018,R,Jun,126 min
s6308,Movie,Big Time,Apr-1-2018,2017,TV-MA,Apr,90 min
s6309,Movie,Bigger Fatter Liar,Apr-18-2017,2017,PG,Apr,95 min
s6310,Movie,Biggie & Tupac,Jan-26-2019,2002,R,Jan,108 min
s6311,Movie,Bill Burr: Let It Go,Nov-10-2017,2010,NR,Nov,65 min
s6312,Movie,Billy Elliot,Feb-1-2019,2000,R,Feb,110 min
s6313,Movie,Billy Graham: An Extraordinary Journey,Feb-28-2019,2018,TV-PG,Feb,66 min
s6314,Movie,Bilu Rakkhosh,Mar-15-2018,2017,TV-MA,Mar,127 min
s6315,Movie,Bioscope,Aug-15-2018,2015,TV-14,Aug,131 min
s6316,Movie,Birthmarked,Jun-28-2018,2018,TV-MA,Jun,88 min
s6317,Movie,Bitch,Mar-11-2018,2017,R,Mar,97 min
s6318,Movie,Bitcoin Heist,Sep-2-2017,2016,TV-14,Sep,116 min
s6319,TV Show,Bitten," May 26, 2016",2016,TV-MA,May,3 Seasons
s6320,TV Show,Bitter Daisies,Mar-29-2019,2018,TV-MA,Mar,1 Season
s6321,Movie,Bittoo Boss,Jul-5-2020,2012,TV-14,Jul,117 min
s6322,Movie,Black & Privileged: Volume 1,Jul-12-2019,2019,TV-MA,Jul,79 min
s6323,Movie,Black Hawk Down,Jan-1-2019,2001,R,Jan,144 min
s6324,TV Show,Black Heart,Oct-12-2018,2014,TV-14,Oct,1 Season
s6325,Movie,Black Man White Skin,Jun-1-2016,2015,TV-PG,Jun,79 min
s6326,Movie,Black Panther,Sep-4-2018,2018,PG-13,Sep,135 min
s6327,Movie,Black Site Delta,Aug-9-2017,2017,TV-MA,Aug,88 min
s6328,Movie,Black Snake Moan,Nov-20-2019,2007,R,Nov,116 min
s6329,Movie,Black Snow,Jul-1-2017,2017,TV-MA,Jul,91 min
s6330,Movie,Blackfish,May-1-2020,2013,PG-13,May,83 min
s6331,Movie,Blackway,Dec-15-2017,2015,PG-13,Dec,90 min
s6332,Movie,Blaze,Aug-30-2020,2018,R,Aug,129 min
s6333,Movie,Bleed for This,Apr-11-2020,2016,R,Apr,120 min
s6334,Movie,Blinky Bill: The Movie,Feb-8-2017,2015,PG,Feb,91 min
s6335,Movie,Blockbuster,Jan-24-2018,2017,TV-MA,Jan,85 min
s6336,TV Show,Blood & Treasures,Jul-14-2018,2016,TV-14,Jul,1 Season
s6337,Movie,Blood Father,Mar-26-2020,2016,R,Mar,88 min
s6338,Movie,Blow,Oct-1-2019,2001,R,Oct,123 min
s6339,Movie,Blue Is the Warmest Color,Aug-26-2016,2013,NC-17,Aug,180 min
s6340,Movie,Blue Jasmine,Mar-8-2019,2013,PG-13,Mar,98 min
s6341,Movie,Blue Mountain State: The Rise of Thadland,Mar-1-2016,2016,R,Mar,90 min
s6342,TV Show,Blue Planet II,Dec-3-2018,2017,TV-G,Dec,1 Season
s6343,Movie,Blue Ruin,Feb-25-2019,2013,R,Feb,90 min
s6344,Movie,Blue Streak,Jan-1-2021,1999,PG-13,Jan,94 min
s6345,Movie,Blue Valentine,Jul-5-2018,2010,R,Jul,112 min
s6346,Movie,Blurred Lines: Inside the Art World,Dec-31-2017,2017,TV-MA,Dec,85 min
s6347,Movie,Bob Lazar: Area 51 & Flying Saucers,Jun-18-2019,2018,TV-MA,Jun,97 min
s6348,TV Show,Bob Ross: Beauty Is Everywhere,Jun-1-2016,1991,TV-G,Jun,1 Season
s6349,Movie,Bob's Broken Sleigh,Dec-17-2015,2015,TV-G,Dec,47 min
s6350,Movie,Bobbi Jene,Jun-1-2018,2017,TV-MA,Jun,99 min
s6351,Movie,Bobby,Dec-31-2019,1973,TV-14,Dec,168 min
s6352,Movie,Bobby Robson: More Than a Manager,Dec-1-2018,2018,TV-14,Dec,99 min
s6353,Movie,Bobby Sands: 66 Days,Sep-28-2017,2016,TV-14,Sep,106 min
s6354,Movie,Bokeh,Jun-22-2017,2017,TV-14,Jun,92 min
s6355,Movie,Bolt,Jul-22-2018,2008,PG,Jul,99 min
s6356,Movie,Bombshell: The Hedy Lamarr Story,May-31-2018,2017,TV-14,May,89 min
s6357,Movie,Bon Bini Holland,Sep-1-2016,2015,TV-MA,Sep,88 min
s6358,TV Show,Bondi Rescue," November 1, 2019",2016,TV-PG,Nov,1 Season
s6359,Movie,Bonnie and Clyde,Jan-1-2021,1967,R,Jan,111 min
s6360,Movie,Boom,Mar-1-2018,2003,TV-MA,Mar,79 min
s6361,TV Show,Border Patrol,Oct-2-2019,2016,TV-PG,Oct,1 Season
s6362,TV Show,Borderline," December 2, 2017",2017,TV-14,Dec,2 Seasons
s6363,Movie,Born Strong,Dec-31-2017,2017,TV-MA,Dec,86 min
s6364,Movie,Born to Be Free,Apr-1-2017,2016,TV-14,Apr,74 min
s6365,TV Show,Botched Up Bodies,Oct-2-2019,2013,TV-MA,Oct,1 Season
s6366,Movie,Bottom of the World,May-28-2020,2017,TV-MA,May,84 min
s6367,Movie,Boy and the World,Oct-1-2017,2013,PG,Oct,80 min
s6368,Movie,Boy Bye,Apr-2-2019,2016,TV-MA,Apr,86 min
s6369,TV Show,Brain Games," March 15, 2019",2016,TV-G,Mar,3 Seasons
s6370,Movie,Brampton's Own,Apr-19-2019,2018,TV-MA,Apr,90 min
s6371,Movie,Bratz: The Movie,Jun-29-2020,2007,PG,Jun,102 min
s6372,TV Show,Brave Miss World,Feb-17-2018,2013,TV-14,Feb,1 Season
s6373,Movie,Brave New Jersey,Dec-15-2017,2016,TV-MA,Dec,92 min
s6374,TV Show,Braxton Family Values,Feb-15-2020,2014,TV-PG,Feb,2 Seasons
s6375,Movie,Breaking Free,Dec-15-2017,2015,TV-MA,Dec,81 min
s6376,Movie,Breath,Dec-5-2018,2018,TV-MA,Dec,116 min
s6377,Movie,Brick,Sep-1-2018,2005,R,Sep,110 min
s6378,Movie,Bring It On: Worldwide Showdown,Aug-29-2017,2017,PG-13,Aug,95 min
s6379,TV Show,Bringing Sexy Back,Oct-2-2019,2015,TV-14,Oct,1 Season
s6380,Movie,Brooklyn's Finest,Oct-1-2018,2009,R,Oct,133 min
s6381,Movie,Brotherhood of Blades II: The Infernal Battlefield,Nov-28-2018,2017,TV-MA,Nov,120 min
s6382,TV Show,Brown Nation,Nov-15-2016,2016,TV-14,Nov,1 Season
s6383,Movie,Bruno and Boots: Go Jump in the Pool,Jun-24-2017,2016,TV-PG,Jun,91 min
s6384,Movie,Bruno and Boots: The Wizzle War,Jul-1-2017,2017,TV-PG,Jul,90 min
s6385,Movie,Bruno and Boots: This Can't Be Happening at Macdonald Hall,Jun-24-2017,2017,TV-PG,Jun,90 min
s6386,TV Show,Buddha,Apr-1-2018,2013,TV-PG,Apr,1 Season
s6387,Movie,Buffalo Boys,Apr-12-2019,2018,TV-MA,Apr,103 min
s6388,Movie,Bugs,Feb-20-2018,2016,TV-G,Feb,73 min
s6389,Movie,Bullitt County,Jun-1-2019,2018,TV-MA,Jun,98 min
s6390,TV Show,"Bure Kaam Bura Natija, Kyun Bhai Chacha Haan Bhatija",Mar-31-2018,2017,TV-PG,Mar,1 Season
s6391,Movie,Burlesque,Dec-16-2019,2010,PG-13,Dec,119 min
s6392,Movie,Burlesque: Heart of the Glitter Tribe,Jun-1-2017,2017,TV-MA,Jun,76 min
s6393,Movie,Burning,Apr-29-2019,2018,TV-MA,Apr,148 min
s6394,TV Show,Burnistoun," October 1, 2019",2012,TV-MA,Oct,2 Seasons
s6395,Movie,Bushwick,Nov-24-2017,2017,TV-MA,Nov,94 min
s6396,Movie,Butterfield 8,Nov-1-2019,1960,TV-14,Nov,108 min
s6397,Movie,Cézanne et moi,Sep-7-2017,2016,R,Sep,114 min
s6398,Movie,Cabin Fever,Jun-6-2019,2016,R,Jun,98 min
s6399,TV Show,Cabins in the Wild with Dick Strawbridge,Sep-15-2018,2017,TV-PG,Sep,1 Season
s6400,Movie,Cahaya Dari Timur Beta Maluku,Oct-5-2018,2014,TV-14,Oct,151 min
s6401,Movie,Caida del Cielo,Jan-20-2017,2016,TV-MA,Jan,78 min
s6402,TV Show,Cain and Abel,Mar-12-2019,2009,TV-MA,Mar,1 Season
s6403,Movie,Cake,May-15-2019,2018,TV-MA,May,125 min
s6404,Movie,Calendar Girls,Oct-15-2017,2015,TV-14,Oct,126 min
s6405,TV Show,Calico Critters,Nov-1-2018,2018,TV-Y,Nov,1 Season
s6406,Movie,Calico Critters: A Town of Dreams,Nov-1-2018,2017,TV-Y,Nov,11 min
s6407,Movie,Calico Critters: The Treasure of Calico Village,Nov-1-2018,2017,TV-Y,Nov,22 min
s6408,TV Show,Call Me Francis,Dec-16-2016,2016,TV-14,Dec,1 Season
s6409,TV Show,Camelia la Texana,Feb-1-2017,2014,TV-14,Feb,1 Season
s6410,Movie,Camera Store,Aug-20-2017,2016,TV-MA,Aug,104 min
s6411,Movie,Camp Cool Kids,Jan-1-2018,2017,TV-G,Jan,104 min
s6412,TV Show,Camp X,Feb-1-2019,2014,TV-MA,Feb,1 Season
s6413,Movie,Camp X-Ray,Jan-14-2017,2014,R,Jan,117 min
s6414,TV Show,Can We Get Married?,May-22-2017,2012,TV-14,May,1 Season
s6415,Movie,Can't Hardly Wait,Jan-1-2021,1998,PG-13,Jan,101 min
s6416,Movie,Candyman,Oct-1-2019,1992,R,Oct,99 min
s6417,TV Show,Cannabis,Dec-15-2016,2016,TV-MA,Dec,1 Season
s6418,Movie,Capital in the Twenty-First Century,Sep-8-2020,2019,TV-14,Sep,103 min
s6419,Movie,Cappuccino,Jul-1-2018,2017,TV-PG,Jul,126 min
s6420,Movie,Cardboard Gangsters,Sep-15-2018,2016,TV-MA,Sep,92 min
s6421,TV Show,Care Bears: Welcome to Care-a-Lot,Aug-2-2019,2012,TV-Y,Aug,1 Season
s6422,Movie,Caregiver,Mar-5-2019,2008,TV-14,Mar,131 min
s6423,Movie,Carol,Oct-20-2020,2015,R,Oct,119 min
s6424,Movie,Carrie,Jun-1-2019,1976,R,Jun,98 min
s6425,Movie,Carriers,Nov-20-2019,2009,PG-13,Nov,85 min
s6426,Movie,Casa de mi Padre,Nov-14-2012,2012,R,Nov,84 min
s6427,TV Show,Case Closed,Jan-4-2019,2015,TV-14,Jan,1 Season
s6428,Movie,Casino Royale,Aug-31-2020,2006,PG-13,Aug,145 min
s6429,Movie,Casino Tycoon,Aug-1-2018,1992,TV-MA,Aug,125 min
s6430,Movie,Casino Tycoon 2,Aug-16-2018,1992,TV-MA,Aug,108 min
s6431,TV Show,Castle of Stars,Sep-7-2018,2015,TV-MA,Sep,1 Season
s6432,Movie,Cat on a Hot Tin Roof,Nov-1-2019,1958,NR,Nov,108 min
s6433,Movie,Catching the Sun,Apr-22-2016,2015,TV-14,Apr,74 min
s6434,Movie,Cats & Dogs: The Revenge of Kitty Galore,Feb-1-2019,2010,PG,Feb,82 min
s6435,Movie,Catwalk: Tales from the Cat Show Circuit,Jan-7-2019,2018,TV-PG,Jan,75 min
s6436,Movie,Cave,Jun-15-2017,2016,TV-MA,Jun,77 min
s6437,Movie,Celluloid Man,Apr-1-2017,2012,TV-PG,Apr,156 min
s6438,Movie,Center Stage,Jan-1-2020,2000,PG-13,Jan,116 min
s6439,Movie,Chaar Sahibzaade,Nov-1-2018,2014,TV-PG,Nov,126 min
s6440,Movie,Chal Dhar Pakad,Mar-15-2018,2010,TV-14,Mar,129 min
s6441,Movie,Chal Mere Bhai,Dec-31-2019,2000,TV-14,Dec,132 min
s6442,Movie,Chalay Thay Saath,May-15-2018,2017,TV-14,May,118 min
s6443,Movie,Chandani: The Daughter of the Elephant Whisperer,Mar-1-2017,2010,TV-G,Mar,87 min
s6444,Movie,Change in the Air,Mar-1-2020,2018,PG,Mar,95 min
s6445,Movie,Chaotic Love Poems,Jan-5-2019,2016,TV-14,Jan,86 min
s6446,Movie,Chappaquiddick,Oct-1-2018,2017,PG-13,Oct,106 min
s6447,Movie,Charlie and the Chocolate Factory,Jan-1-2020,2005,PG,Jan,115 min
s6448,Movie,Charlie's Angels: Full Throttle,Oct-1-2019,2003,PG-13,Oct,106 min
s6449,Movie,Charlotte's Web,Nov-23-2019,1973,G,Nov,94 min
s6450,Movie,Chashme Buddoor,May-1-2017,2013,TV-PG,May,121 min
s6451,Movie,Chasing Amy,Jan-1-2020,1997,R,Jan,113 min
s6452,TV Show,Chasing Monsters," December 15, 2017",2016,TV-PG,Dec,2 Seasons
s6453,Movie,Chasing the Dragon,Apr-19-2018,2017,TV-MA,Apr,129 min
s6454,Movie,Chasing Trane,Nov-13-2017,2016,TV-PG,Nov,99 min
s6455,Movie,Chauthi Koot,Feb-1-2017,2015,TV-14,Feb,116 min
s6456,TV Show,Cheapest Weddings,Dec-1-2017,2016,TV-14,Dec,1 Season
s6457,TV Show,Cheers," July 1, 2017",1992,TV-PG,Jul,11 Seasons
s6458,TV Show,Chef & My Fridge," August 4, 2017",2017,TV-PG,Aug,2 Seasons
s6459,Movie,Chernobyl Diaries,Aug-1-2018,2012,R,Aug,88 min
s6460,TV Show,Chewin' the Fat,Oct-1-2016,1999,TV-14,Oct,1 Season
s6461,TV Show,Chewing Gum," April 4, 2017",2017,TV-MA,Apr,2 Seasons
s6462,Movie,Chhota Bheem Aur Kaala Yodha,May-10-2019,2018,TV-Y7,May,63 min
s6463,Movie,Chhota Bheem Ka Romani Adventure,May-10-2019,2018,TV-Y7,May,62 min
s6464,Movie,Chhota Bheem Ka Troll Se Takkar,May-10-2019,2018,TV-Y7,May,62 min
s6465,Movie,Chhota Bheem Kungfu Dhamaka,Aug-15-2019,2019,TV-Y7,Aug,112 min
s6466,Movie,Chicken Kokkachi,Jul-1-2018,2017,TV-14,Jul,113 min
s6467,Movie,Chicken Little,Mar-16-2016,2005,G,Mar,82 min
s6468,Movie,Chief Daddy,Mar-15-2019,2018,TV-MA,Mar,98 min
s6469,Movie,Child's Play,Dec-31-2019,1988,R,Dec,87 min
s6470,TV Show,Chill with Bob Ross,Dec-1-2016,1994,TV-G,Dec,1 Season
s6471,Movie,China Salesman,Sep-24-2018,2017,TV-MA,Sep,111 min
s6472,Movie,Chingo Bling: They Can't Deport Us All,Jun-1-2017,2017,TV-MA,Jun,63 min
s6473,Movie,Chittagong,Jan-1-2018,2012,NR,Jan,105 min
s6474,Movie,Chitty Chitty Bang Bang,Jan-1-2020,1968,G,Jan,146 min
s6475,Movie,Chloe,Jan-1-2020,2009,R,Jan,96 min
s6476,Movie,Chris Brown: Welcome to My Life,Oct-7-2017,2017,TV-MA,Oct,80 min
s6477,Movie,Christian Mingle,Jun-6-2019,2014,PG,Jun,99 min
s6478,TV Show,Christiane Amanpour: Sex & Love Around the World,Sep-30-2018,2018,TV-MA,Sep,1 Season
s6479,Movie,Christmas Crush,Nov-4-2019,2012,TV-PG,Nov,87 min
s6480,Movie,Christmas in the Smokies,Mar-1-2019,2015,TV-G,Mar,88 min
s6481,Movie,Christmas with the Kranks,Jan-1-2019,2004,PG,Jan,99 min
s6482,Movie,Christopher Robin,Mar-5-2019,2018,PG,Mar,104 min
s6483,Movie,Chronicle of an Escape,Jun-15-2018,2006,R,Jun,104 min
s6484,TV Show,Chuck Chicken,Nov-15-2017,2017,TV-Y7,Nov,1 Season
s6485,Movie,Chupan Chupai,Jan-15-2019,2017,TV-14,Jan,118 min
s6486,Movie,Chupke Chupke,Dec-31-2019,1975,TV-PG,Dec,127 min
s6487,Movie,Cirque du Freak: The Vampire's Assistant,Apr-16-2018,2009,PG-13,Apr,109 min
s6488,TV Show,City in the Sky,Oct-1-2017,2016,TV-PG,Oct,1 Season
s6489,Movie,City of God,Jan-1-2020,2002,R,Jan,130 min
s6490,Movie,City of Tiny Lights,Jul-21-2017,2016,TV-MA,Jul,110 min
s6491,TV Show,Civilizations,Oct-1-2018,2018,TV-14,Oct,1 Season
s6492,Movie,Clarence Clemons: Who Do I Think I Am?,Nov-14-2019,2019,TV-MA,Nov,88 min
s6493,Movie,Clash of the Titans,Aug-1-2019,2010,PG-13,Aug,106 min
s6494,Movie,Class of '61,Apr-1-2018,1993,TV-PG,Apr,91 min
s6495,Movie,Class Rank,Sep-18-2018,2018,TV-MA,Sep,103 min
s6496,TV Show,Classic Legends,May-15-2017,2012,TV-PG,May,1 Season
s6497,Movie,Cleopatra Jones,Nov-1-2019,1973,PG,Nov,89 min
s6498,Movie,Click,Jan-1-2020,2006,PG-13,Jan,108 min
s6499,TV Show,Click for Murder,Sep-17-2017,2017,TV-14,Sep,1 Season
s6500,Movie,Clive Davis: The Soundtrack of Our Lives,Sep-17-2019,2017,TV-MA,Sep,124 min
s6501,Movie,Closed Circuit,Oct-16-2017,2013,R,Oct,96 min
s6502,Movie,Cloud Atlas,Aug-1-2017,2012,R,Aug,172 min
s6503,Movie,Clouds of Sils Maria,Feb-12-2017,2014,R,Feb,124 min
s6504,Movie,Cloverfield,Jan-1-2020,2008,PG-13,Jan,85 min
s6505,TV Show,Club Friday The Series 6,Mar-9-2019,2015,TV-MA,Mar,9 Seasons
s6506,TV Show,Club Friday The Series 7,Jun-18-2018,2016,TV-MA,Jun,7 Seasons
s6507,TV Show,Club Friday The Series 8,Feb-2-2019,2017,TV-MA,Feb,8 Seasons
s6508,TV Show,Club Friday To Be Continued - Friend & Enemy,Apr-20-2018,2016,TV-MA,Apr,1 Season
s6509,TV Show,Club Friday To Be Continued - My Beautiful Tomboy,Apr-13-2018,2016,TV-MA,Apr,1 Season
s6510,TV Show,Club Friday To Be Continued - The Promise,Apr-20-2018,2016,TV-MA,Apr,1 Season
s6511,Movie,Coach Carter,Jan-1-2020,2005,PG-13,Jan,137 min
s6512,Movie,Code Name: The Cleaner,Nov-1-2019,2007,PG-13,Nov,91 min
s6513,Movie,Coffee with D,Nov-1-2017,2017,TV-PG,Nov,120 min
s6514,TV Show,Cold Case Files,Sep-15-2019,2017,TV-14,Sep,1 Season
s6515,TV Show,Cold Case Files Classic,Sep-15-2020,1999,TV-MA,Sep,1 Season
s6516,Movie,Colkatay Columbus,Mar-30-2017,2016,TV-14,Mar,118 min
s6517,Movie,Colonia,Jul-14-2018,2015,R,Jul,110 min
s6518,Movie,Colours of Passion,May-25-2018,2008,TV-14,May,114 min
s6519,Movie,Come and Find Me,Sep-18-2019,2016,R,Sep,112 min
s6520,TV Show,Comedy Bang! Bang!," December 28, 2016",2016,TV-14,Dec,5 Seasons
s6521,TV Show,Comedy High School,Jul-1-2018,2018,TV-14,Jul,1 Season
s6522,Movie,Command and Control,May-15-2017,2017,TV-PG,May,92 min
s6523,Movie,Company,Mar-1-2018,2002,TV-MA,Mar,137 min
s6524,Movie,Compulsion,Oct-4-2018,2016,TV-MA,Oct,84 min
s6525,TV Show,Conan Without Borders,Dec-31-2018,2018,TV-14,Dec,1 Season
s6526,Movie,Concrete Football,Sep-1-2017,2016,TV-MA,Sep,52 min
s6527,Movie,Concussion,Aug-2-2018,2013,R,Aug,96 min
s6528,Movie,Conjuring Spirit,Aug-28-2018,2014,TV-MA,Aug,112 min
s6529,Movie,Conor McGregor: Notorious,Mar-21-2018,2017,R,Mar,90 min
s6530,Movie,Consequences ,Oct-25-2019,2014,TV-MA,Oct,106 min
s6531,Movie,Contract,Mar-2-2019,2008,TV-14,Mar,116 min
s6532,Movie,Convict,Jun-13-2019,2014,TV-14,Jun,97 min
s6533,TV Show,Cooking on High,Jun-22-2018,2018,TV-MA,Jun,1 Season
s6534,Movie,Cool Hand Luke,Jan-1-2021,1967,TV-14,Jan,127 min
s6535,Movie,Cop and a Half: New Recruit,Aug-17-2017,2017,PG,Aug,96 min
s6536,Movie,Cop Watchers,Aug-1-2017,2016,TV-MA,Aug,45 min
s6537,Movie,Coraline,Mar-16-2017,2009,PG,Mar,101 min
s6538,Movie,Counterfeiting in Suburbia,Jul-1-2018,2018,TV-14,Jul,88 min
s6539,TV Show,Court Justice,Oct-2-2019,2017,TV-MA,Oct,1 Season
s6540,Movie,Covered: Alive in Asia,Mar-31-2016,2016,TV-G,Mar,75 min
s6541,Movie,Crash,Oct-1-2019,2004,R,Oct,112 min
s6542,Movie,CRD,Apr-29-2019,2016,TV-MA,Apr,110 min
s6543,TV Show,Crime Time,Jan-31-2019,2017,TV-MA,Jan,1 Season
s6544,Movie,"Crouching Tiger, Hidden Dragon",Mar-1-2019,2000,PG-13,Mar,120 min
s6545,Movie,Cult of Chucky,Oct-3-2017,2017,R,Oct,90 min
s6546,Movie,Cutie and the Boxer,Jun-14-2018,2013,R,Jun,82 min
s6547,Movie,Daagdi Chaawl,Feb-15-2018,2015,TV-14,Feb,118 min
s6548,Movie,Dabbe 6: The Return,Apr-17-2019,2015,TV-MA,Apr,153 min
s6549,Movie,Dad,Apr-1-2018,1989,PG,Apr,117 min
s6550,TV Show,Dad's Army," March 31, 2018",1977,TV-PG,Mar,10 Seasons
s6551,Movie,Daddy Day Care,Jan-1-2019,2003,PG,Jan,93 min
s6552,Movie,Daddy Issues,Sep-20-2019,2019,TV-MA,Sep,82 min
s6553,Movie,Daemonium,Dec-20-2016,2015,NR,Dec,115 min
s6554,Movie,Daffedar,Jul-1-2018,2017,TV-14,Jul,151 min
s6555,Movie,Dagh Ujala,Apr-1-2018,2015,TV-MA,Apr,103 min
s6556,Movie,Dallas Buyers Club,Jan-16-2018,2013,R,Jan,117 min
s6557,TV Show,Dance Academy,Dec-20-2017,2013,TV-PG,Dec,1 Season
s6558,Movie,Dance Academy: The Comeback,Jul-2-2018,2017,TV-PG,Jul,100 min
s6559,Movie,Dancing Quietly,Apr-1-2017,2016,TV-MA,Apr,70 min
s6560,TV Show,Dandy,Mar-31-2018,2016,TV-MA,Mar,1 Season
s6561,TV Show,Dangerous Roads," February 1, 2019",2012,TV-MA,Feb,2 Seasons
s6562,Movie,Danny Says,Mar-2-2017,2015,TV-MA,Mar,103 min
s6563,Movie,Dante's Peak,Sep-1-2019,1997,PG-13,Sep,108 min
s6564,Movie,Dare to Be Wild,Apr-1-2018,2015,TV-PG,Apr,100 min
s6565,Movie,Dark Chocolate (Bengali Version),Dec-15-2017,2016,TV-MA,Dec,91 min
s6566,Movie,Dark Crimes,Oct-15-2019,2016,R,Oct,93 min
s6567,Movie,Dark Places,Jul-26-2018,2015,R,Jul,113 min
s6568,Movie,Darna Mana Hai,Aug-1-2019,2003,TV-MA,Aug,116 min
s6569,TV Show,Darr Sabko Lagta Hai,Mar-1-2018,2015,TV-MA,Mar,1 Season
s6570,Movie,Darra,Oct-15-2017,2016,TV-14,Oct,121 min
s6571,Movie,Daughters of the Dust,Jun-10-2017,1991,NR,Jun,112 min
s6572,TV Show,Day and Night,Mar-23-2018,2017,TV-MA,Mar,1 Season
s6573,TV Show,Days We Stared at the Sun,Mar-31-2018,2017,TV-MA,Mar,2 Seasons
s6574,Movie,Dayveon,Jan-11-2018,2017,TV-MA,Jan,76 min
s6575,Movie,De Film van Dylan Haegens,Apr-17-2019,2018,TV-PG,Apr,81 min
s6576,Movie,De Palma,Nov-21-2018,2015,R,Nov,110 min
s6577,Movie,Dead in a Week (Or Your Money Back),Mar-1-2019,2018,TV-MA,Mar,90 min
s6578,Movie,Deadline: Sirf 24 Ghante,Dec-31-2019,2006,TV-14,Dec,97 min
s6579,Movie,Deadly Scholars,Feb-15-2019,2018,TV-14,Feb,86 min
s6580,Movie,Dean,Mar-15-2020,2016,PG-13,Mar,94 min
s6581,Movie,Dear Dad,Mar-2-2019,2016,TV-14,Mar,83 min
s6582,Movie,Dear Dracula,Feb-18-2016,2012,TV-Y7-FV,Feb,43 min
s6583,Movie,Dear Santa,Nov-4-2019,2011,TV-PG,Nov,92 min
s6584,Movie,Death at a Funeral,Aug-1-2020,2010,R,Aug,93 min
s6585,Movie,Death House,May-5-2019,2017,R,May,88 min
s6586,Movie,Deathgrip,Mar-1-2018,2017,TV-MA,Mar,53 min
s6587,TV Show,Deep Undercover Collection,Jul-20-2018,2017,TV-MA,Jul,3 Seasons
s6588,TV Show,Deep Water,Jul-1-2017,2016,TV-MA,Jul,1 Season
s6589,Movie,Deewangee,Jan-3-2020,2002,TV-MA,Jan,156 min
s6590,Movie,Defying the Nazis: The Sharps' War,May-1-2017,2016,TV-14,May,79 min
s6591,Movie,Delirium,Sep-1-2018,2018,R,Sep,96 min
s6592,Movie,Democrats,Apr-25-2016,2014,NR,Apr,99 min
s6593,Movie,Den of Thieves,May-1-2020,2018,R,May,140 min
s6594,Movie,Denis Leary: No Cure For Cancer,Aug-8-2017,1992,R,Aug,62 min
s6595,Movie,Desolate,Feb-6-2020,2018,TV-MA,Feb,88 min
s6596,Movie,Desolation,May-8-2018,2017,TV-MA,May,76 min
s6597,Movie,Detention Letter,Aug-5-2019,2017,TV-14,Aug,99 min
s6598,Movie,Detour,May-25-2017,2016,R,May,97 min
s6599,Movie,Deviant Love,Sep-13-2019,2019,TV-14,Sep,87 min
s6600,Movie,Devil's Bride,Jun-1-2017,2016,TV-MA,Jun,108 min
s6601,Movie,Devil's Gate,Jul-16-2020,2017,TV-MA,Jul,94 min
s6602,TV Show,Devlok with Devdutt Pattanaik,Oct-15-2018,2017,TV-PG,Oct,1 Season
s6603,Movie,Devrai,Jan-1-2018,2004,TV-PG,Jan,123 min
s6604,TV Show,Dexter," January 1, 2018",2013,TV-MA,Jan,8 Seasons
s6605,Movie,Dhamaal,Dec-31-2019,2007,TV-14,Dec,128 min
s6606,Movie,Di Renjie zhi Sidatianwang,Feb-6-2019,2018,TV-14,Feb,132 min
s6607,Movie,Diana: 7 Days That Shook the World,Jul-28-2017,2017,TV-PG,Jul,93 min
s6608,Movie,Diana: In Her Own Words,Dec-1-2017,2017,TV-PG,Dec,113 min
s6609,Movie,Diary of a Chambermaid,Dec-3-2016,2015,NR,Dec,96 min
s6610,Movie,Die Another Day,Dec-31-2019,2002,PG-13,Dec,133 min
s6611,Movie,Dil Hai Tumhaara,Apr-1-2018,2002,TV-14,Apr,176 min
s6612,TV Show,Dinner for Five,Feb-4-2008,2007,TV-MA,Feb,1 Season
s6613,Movie,Dinner for Schmucks,Jan-1-2020,2010,PG-13,Jan,115 min
s6614,TV Show,Dino Hunt,Aug-4-2017,2016,TV-G,Aug,1 Season
s6615,Movie,Disciples Of The 36th Chamber,Aug-16-2018,1985,TV-14,Aug,90 min
s6616,Movie,Discovering Bigfoot,Dec-15-2017,2017,TV-MA,Dec,111 min
s6617,Movie,Dismissed,Feb-19-2018,2017,TV-14,Feb,87 min
s6618,Movie,District 9,Nov-4-2019,2009,R,Nov,112 min
s6619,TV Show,Diva Brides,Oct-2-2019,2017,TV-MA,Oct,1 Season
s6620,Movie,Doctor Zhivago,Nov-1-2019,1965,PG-13,Nov,200 min
s6621,Movie,Dog Eat Dog,Dec-31-2016,2016,TV-MA,Dec,93 min
s6622,Movie,Dolphin Kick,Jun-5-2019,2019,TV-PG,Jun,90 min
s6623,Movie,Dolphin Tale 2,Feb-25-2019,2014,PG,Feb,107 min
s6624,Movie,Domino,Sep-28-2019,2019,R,Sep,89 min
s6625,Movie,Don Quixote: The Ingenious Gentleman of La Mancha,Jan-5-2018,2015,TV-14,Jan,83 min
s6626,Movie,Don Verdean,Mar-1-2020,2015,PG-13,Mar,96 min
s6627,Movie,Don't Be Afraid of the Dark,Nov-2-2019,2010,R,Nov,99 min
s6628,Movie,Don't Crack Under Pressure,Jun-12-2020,2015,TV-MA,Jun,95 min
s6629,Movie,Don't Crack Under Pressure II,Jun-12-2020,2016,TV-MA,Jun,88 min
s6630,Movie,Don't Crack Under Pressure III,Jun-12-2020,2017,TV-14,Jun,94 min
s6631,Movie,Don't Knock Twice,Feb-8-2019,2016,R,Feb,93 min
s6632,Movie,Don't Look Down,Apr-1-2017,2016,TV-MA,Apr,93 min
s6633,Movie,Don't Think Twice,May-1-2017,2016,R,May,92 min
s6634,Movie,Donnie Brasco,Jan-1-2020,1997,R,Jan,127 min
s6635,Movie,Doom,Nov-1-2020,2005,R,Nov,105 min
s6636,TV Show,Doomsday Preppers,Mar-1-2019,2013,TV-14,Mar,1 Season
s6637,Movie,Doubles Cause Troubles,Aug-1-2018,1989,TV-14,Aug,94 min
s6638,Movie,Doubt,Mar-7-2019,2008,PG-13,Mar,104 min
s6639,Movie,Down The Fence,Jan-15-2018,2017,TV-PG,Jan,94 min
s6640,Movie,Dr. Seuss' The Cat in the Hat,May-1-2019,2003,PG,May,82 min
s6641,Movie,Dr. Seuss' The Grinch,Jun-5-2019,2018,PG,Jun,86 min
s6642,Movie,Dragonheart,Jan-1-2020,1996,PG-13,Jan,103 min
s6643,Movie,Dragonheart 3: The Sorcerer,Jan-1-2020,2015,PG-13,Jan,97 min
s6644,Movie,Dragonheart: A New Beginning,Jan-1-2020,2000,PG,Jan,84 min
s6645,Movie,Dragonheart: Battle for the Heartfire,Jun-13-2017,2017,PG-13,Jun,98 min
s6646,Movie,Dragonkala Ka Rahasya,Jun-18-2019,2018,TV-Y,Jun,68 min
s6647,TV Show,Dramaworld,May-23-2016,2016,TV-14,May,1 Season
s6648,Movie,Dream Big: Engineering Our World,Jul-1-2018,2017,TV-G,Jul,42 min
s6649,Movie,Dream Boat,Dec-1-2017,2017,TV-MA,Dec,92 min
s6650,Movie,Dries,Jan-1-2018,2017,TV-PG,Jan,89 min
s6651,Movie,Driven to Dance,Jan-16-2019,2018,TV-PG,Jan,99 min
s6652,TV Show,"Drugs, Inc.",Mar-23-2019,2015,TV-MA,Mar,1 Season
s6653,TV Show,Dueños del paraíso,Feb-25-2017,2015,TV-14,Feb,1 Season
s6654,Movie,Dukhtar,Sep-1-2016,2014,TV-14,Sep,93 min
s6655,Movie,Dum,Mar-1-2018,2003,TV-14,Mar,162 min
s6656,Movie,Dumb and Dumberer: When Harry Met Lloyd,Oct-1-2019,2003,PG-13,Oct,85 min
s6657,Movie,E-Cigarettes: Miracle or Menace?,Feb-1-2019,2016,TV-14,Feb,52 min
s6658,Movie,Earth to Echo,Oct-1-2019,2014,PG,Oct,91 min
s6659,TV Show,Earth to Luna!,Apr-10-2020,2014,TV-Y,Apr,1 Season
s6660,TV Show,Earth's Natural Wonders,Mar-1-2017,2015,TV-PG,Mar,1 Season
s6661,TV Show,Earth's Natural Wonders: Life at the Extremes,Oct-1-2018,2018,TV-14,Oct,1 Season
s6662,Movie,East Side Sushi,Sep-15-2020,2015,PG,Sep,106 min
s6663,Movie,Easy A,Nov-1-2020,2010,PG-13,Nov,92 min
s6664,TV Show,Easy Fortune Happy Life,Sep-1-2016,2009,TV-MA,Sep,1 Season
s6665,Movie,Eat Pray Love,Sep-10-2019,2010,PG-13,Sep,140 min
s6666,Movie,Eddie Murphy: Delirious,Apr-15-2018,1983,TV-MA,Apr,69 min
s6667,Movie,Eeda,Sep-15-2018,2018,TV-14,Sep,153 min
s6668,Movie,Eh Janam Tumhare Lekhe,Dec-1-2017,2015,TV-14,Dec,124 min
s6669,Movie,Ek Cup Chya,Mar-15-2018,2009,TV-PG,Mar,120 min
s6670,Movie,Ek Hasina Thi,Aug-1-2019,2004,TV-MA,Aug,134 min
s6671,Movie,El último testigo,Feb-4-2018,2012,R,Feb,105 min
s6672,TV Show,El Barco," July 1, 2017",2013,NR,Jul,3 Seasons
s6673,TV Show,El Cartel,Aug-24-2018,2008,TV-MA,Aug,1 Season
s6674,TV Show,El Cartel 2,Aug-24-2018,2010,TV-MA,Aug,1 Season
s6675,TV Show,El Chavo,Dec-31-2017,1979,TV-PG,Dec,1 Season
s6676,Movie,El Che,Oct-15-2017,2017,TV-14,Oct,119 min
s6677,TV Show,El Clon,May-18-2017,2010,TV-14,May,1 Season
s6678,Movie,El fin de ETA,Apr-8-2017,2017,TV-14,Apr,106 min
s6679,TV Show,El Vato," February 24, 2018",2017,TV-MA,Feb,2 Seasons
s6680,Movie,El Viaje: Márama y Rombai,Oct-18-2017,2016,TV-PG,Oct,79 min
s6681,Movie,Elephants Dream 4 Hour,Aug-23-2018,2006,TV-MA,Aug,196 min
s6682,Movie,Elizabeth at 90: A Family Tribute,May-22-2017,2016,TV-G,May,90 min
s6683,Movie,Elizabeth Harvest,Aug-1-2020,2019,R,Aug,109 min
s6684,Movie,Elles étaient en guerre (1914-1918),Dec-31-2017,2014,TV-14,Dec,93 min
s6685,Movie,Elles étaient en guerre 1939-1945,Mar-1-2018,2015,TV-MA,Mar,92 min
s6686,Movie,Elles ont toutes une histoire,Dec-31-2017,2016,TV-PG,Dec,49 min
s6687,Movie,Elstree 1976,Sep-6-2016,2015,TV-PG,Sep,102 min
s6688,Movie,Emelie,Aug-2-2018,2016,TV-MA,Aug,82 min
s6689,Movie,Emma' (Mother),Oct-5-2018,2016,TV-PG,Oct,74 min
s6690,Movie,Emo the Musical,Feb-1-2018,2016,TV-MA,Feb,94 min
s6691,TV Show,Emogenius,Dec-15-2018,2017,TV-PG,Dec,1 Season
s6692,Movie,Empire of Scents,Jan-1-2018,2014,TV-14,Jan,87 min
s6693,Movie,Employee of the Month,Oct-1-2020,2006,PG-13,Oct,108 min
s6694,TV Show,Encerrados,Jun-18-2018,2018,TV-MA,Jun,1 Season
s6695,Movie,Encounter: The Killing,Dec-31-2019,2002,TV-14,Dec,151 min
s6696,TV Show,Encounters with Evil,Jul-12-2019,2016,TV-14,Jul,1 Season
s6697,Movie,End of Watch,Nov-23-2019,2012,R,Nov,109 min
s6698,TV Show,Enemigo íntimo,Aug-8-2018,2018,TV-MA,Aug,1 Season
s6699,Movie,Enemy,Jul-15-2018,2013,R,Jul,91 min
s6700,Movie,Enlighten Us,Jan-18-2017,2016,TV-14,Jan,93 min
s6701,Movie,Entanglement,Dec-9-2018,2018,TV-MA,Dec,85 min
s6702,Movie,Enter the Dragon,Jan-1-2021,1973,R,Jan,103 min
s6703,Movie,Equals,Oct-28-2018,2015,PG-13,Oct,102 min
s6704,Movie,Equilibrium,Jun-8-2019,2002,R,Jun,107 min
s6705,Movie,"Escape from the ""Liberty"" Cinema",Oct-1-2019,1990,TV-MA,Oct,88 min
s6706,Movie,Esperando La Carroza,Jul-15-2018,1985,NR,Jul,95 min
s6707,Movie,Estar o no estar,Jan-14-2017,2016,TV-14,Jan,100 min
s6708,Movie,Ethirmarai,Apr-1-2018,2018,TV-14,Apr,91 min
s6709,Movie,Euphoria,Nov-1-2019,2018,R,Nov,110 min
s6710,TV Show,Eurovision Song Contest,Jul-23-2019,2019,TV-PG,Jul,1 Season
s6711,Movie,Evan Almighty,Apr-16-2019,2007,PG,Apr,96 min
s6712,Movie,Event Horizon,Jan-1-2020,1997,R,Jan,96 min
s6713,Movie,Every Time I Die,Feb-25-2020,2019,TV-MA,Feb,98 min
s6714,Movie,Everybody Knows,Jun-6-2019,2019,R,Jun,133 min
s6715,TV Show,Everyday Miracles,Aug-1-2017,2014,TV-PG,Aug,1 Season
s6716,Movie,Evolution,Nov-20-2019,2001,PG-13,Nov,102 min
s6717,Movie,Ex Machina,Jul-26-2018,2015,R,Jul,108 min
s6718,TV Show,Ex-Boyfriend,Jan-1-2017,2011,TV-14,Jan,1 Season
s6719,TV Show,Exclusive Edition,Aug-14-2017,2008,TV-14,Aug,1 Season
s6720,Movie,Executive Decision,Nov-1-2019,1996,R,Nov,133 min
s6721,Movie,Exit Afghanistan,Jul-1-2016,2013,TV-MA,Jul,58 min
s6722,Movie,Exit Strategy,Mar-3-2019,2012,NR,Mar,79 min
s6723,Movie,Exit Wounds,Oct-1-2019,2001,R,Oct,101 min
s6724,Movie,Expo,Aug-29-2019,2019,TV-14,Aug,81 min
s6725,TV Show,Extras,Mar-31-2017,2006,TV-MA,Mar,2 Seasons
s6726,Movie,Eyyvah Eyyvah,Mar-10-2017,2010,TV-MA,Mar,99 min
s6727,Movie,Eyyvah Eyyvah 2,Mar-10-2017,2011,TV-PG,Mar,106 min
s6728,Movie,Eyyvah Eyyvah 3,Mar-10-2017,2014,TV-PG,Mar,103 min
s6729,TV Show,Ezel,Dec-26-2016,2009,TV-14,Dec,1 Season
s6730,Movie,F the Prom,Mar-5-2018,2017,TV-MA,Mar,92 min
s6731,Movie,Face 2 Face,Jan-15-2018,2017,TV-MA,Jan,89 min
s6732,TV Show,Fairy Tail,Apr-1-2017,2009,TV-MA,Apr,1 Season
s6733,TV Show,Fake or Fortune?,Jul-26-2019,2015,TV-G,Jul,1 Season
s6734,Movie,Fakta Ladh Mhana,Feb-15-2018,2011,TV-14,Feb,150 min
s6735,Movie,Fall Girls,Jan-1-2020,2019,TV-14,Jan,80 min
s6736,Movie,Fallen,Nov-1-2019,1998,R,Nov,124 min
s6737,Movie,Familiye,May-1-2019,2017,TV-MA,May,99 min
s6738,Movie,Famous in Ahmedabad,Dec-15-2016,2015,TV-14,Dec,29 min
s6739,Movie,Fanatic,Aug-24-2019,2019,TV-14,Aug,91 min
s6740,Movie,Fandry,Jan-1-2018,2014,NR,Jan,102 min
s6741,Movie,Farce,Jun-6-2019,2017,TV-MA,Jun,94 min
s6742,TV Show,Fatal Destiny,Jul-13-2018,2016,TV-MA,Jul,1 Season
s6743,TV Show,Father Brown," March 31, 2018",2017,TV-14,Mar,6 Seasons
s6744,Movie,Fear and Loathing in Las Vegas,Nov-1-2019,1998,R,Nov,118 min
s6745,TV Show,Fear Files... Har Mod Pe Darr,Jun-1-2017,2015,TV-MA,Jun,1 Season
s6746,Movie,Feel Rich,Aug-23-2017,2017,TV-MA,Aug,70 min
s6747,Movie,Fiddler on the Roof,Jul-1-2020,1971,G,Jul,181 min
s6748,Movie,Fifty,Dec-28-2015,2015,NR,Dec,101 min
s6749,Movie,Figaro Pho,Sep-1-2016,2008,TV-Y7,Sep,29 min
s6750,Movie,Figures of Speech,Dec-21-2016,2016,TV-PG,Dec,92 min
s6751,TV Show,Filinta,Apr-15-2017,2015,TV-14,Apr,2 Seasons
s6752,Movie,Filmworker,Nov-1-2018,2017,TV-MA,Nov,94 min
s6753,Movie,Filosofi Kopi The Movie,Oct-11-2018,2015,TV-PG,Oct,118 min
s6754,Movie,Final Destination,Jan-1-2020,2000,R,Jan,98 min
s6755,Movie,Final Destination 2,Jan-1-2020,2003,R,Jan,90 min
s6756,Movie,Final Destination 3,Jan-1-2020,2006,R,Jan,93 min
s6757,Movie,Fire at Sea,Mar-21-2017,2016,TV-14,Mar,114 min
s6758,Movie,Fireflies,Apr-24-2019,2013,TV-MA,Apr,99 min
s6759,Movie,First Impression,May-17-2019,2018,TV-14,May,96 min
s6760,Movie,First Kill,Sep-1-2019,2017,R,Sep,102 min
s6761,Movie,FirstBorn,Mar-31-2017,2016,TV-MA,Mar,90 min
s6762,Movie,Fishpeople,Apr-1-2018,2017,TV-14,Apr,49 min
s6763,Movie,Fishtail,Oct-1-2018,2015,NR,Oct,61 min
s6764,TV Show,Fit for Fashion," December 14, 2018",2015,TV-14,Dec,2 Seasons
s6765,Movie,Fittest in Dubai,Apr-15-2020,2019,TV-14,Apr,60 min
s6766,Movie,Five Elements Ninjas,Sep-17-2019,1982,R,Sep,104 min
s6767,TV Show,Fix It and Finish It," July 20, 2018",2014,TV-G,Jul,3 Seasons
s6768,Movie,Flash of Genius,Jan-16-2017,2008,PG-13,Jan,119 min
s6769,Movie,Flimflam,Jun-13-2019,2016,TV-14,Jun,102 min
s6770,Movie,Flock of Four,Aug-1-2018,2018,TV-MA,Aug,83 min
s6771,TV Show,Flowering Heart,Jul-1-2019,2016,TV-Y7,Jul,1 Season
s6772,Movie,Flying Guillotine 2,Jul-31-2018,1978,TV-MA,Jul,88 min
s6773,Movie,Follow Me,Nov-16-2018,2017,TV-MA,Nov,86 min
s6774,TV Show,Food: Delicious Science,Oct-1-2017,2017,TV-PG,Oct,1 Season
s6775,TV Show,Footprints in the Sand,Oct-16-2017,2011,TV-14,Oct,1 Season
s6776,Movie,Footprints: The Path of Your Life,Jun-30-2017,2015,PG,Jun,90 min
s6777,Movie,For Colored Girls,May-1-2020,2010,R,May,134 min
s6778,Movie,For Grace,Mar-2-2016,2015,TV-PG,Mar,92 min
s6779,Movie,For Greater Glory,Aug-2-2019,2012,R,Aug,145 min
s6780,Movie,For Love or Money,Aug-16-2019,2019,TV-MA,Aug,95 min
s6781,Movie,For the Birds,Sep-1-2019,2018,TV-MA,Sep,93 min
s6782,Movie,For the Love of Benji,Mar-6-2018,1977,G,Mar,84 min
s6783,TV Show,For the Win,Dec-31-2018,2017,TV-14,Dec,1 Season
s6784,Movie,Forbidden Games: The Justin Fashanu Story,Dec-1-2017,2017,TV-14,Dec,81 min
s6785,Movie,Forbidden Planet,Nov-1-2019,1956,G,Nov,98 min
s6786,TV Show,Forces of Nature,Mar-1-2017,2016,TV-PG,Mar,1 Season
s6787,Movie,Forever Chape,Aug-2-2018,2018,TV-MA,Aug,74 min
s6788,Movie,Forever Pure,May-29-2017,2016,TV-MA,May,87 min
s6789,TV Show,Forget Me Not,Sep-18-2017,2011,TV-MA,Sep,1 Season
s6790,Movie,Forks Over Knives,Oct-3-2019,2011,PG,Oct,96 min
s6791,Movie,Four Christmases,Jan-1-2021,2008,PG-13,Jan,88 min
s6792,TV Show,Four Seasons in Havana,Dec-9-2016,2016,TV-MA,Dec,1 Season
s6793,Movie,Four Weddings and a Funeral,Aug-1-2019,1994,R,Aug,118 min
s6794,Movie,Fracture,Apr-1-2019,2007,R,Apr,113 min
s6795,Movie,Frances Ha,Oct-1-2017,2012,R,Oct,86 min
s6796,TV Show,Frasier,,2003,TV-PG,Jan,11 Seasons
s6797,Movie,Freak Show,Aug-13-2020,2018,TV-MA,Aug,91 min
s6798,Movie,Fred Claus,Jan-1-2021,2007,PG,Jan,115 min
s6799,Movie,Free Willy,Jan-1-2020,1993,PG,Jan,112 min
s6800,Movie,Freeway: Crack in the System,Dec-15-2017,2015,R,Dec,103 min
s6801,Movie,Freezer's Campaign,Jun-6-2019,2016,TV-MA,Jun,116 min
s6802,Movie,French Dirty,Feb-4-2016,2015,TV-MA,Feb,72 min
s6803,Movie,Freshman Year,Mar-3-2020,2019,TV-PG,Mar,104 min
s6804,TV Show,Friday Night Tykes," January 17, 2018",2017,TV-PG,Jan,4 Seasons
s6805,Movie,Friday the 13th,Jan-1-2020,2009,R,Jan,97 min
s6806,Movie,Friend Request,Apr-18-2018,2016,R,Apr,92 min
s6807,TV Show,Friends,,2003,TV-14,Jan,10 Seasons
s6808,Movie,From Japan to Egypt,Jun-6-2019,2017,TV-14,Jun,93 min
s6809,Movie,From Paris with Love,Sep-8-2020,2010,R,Sep,93 min
s6810,Movie,Froning: The Fittest Man in History,Jul-15-2018,2016,PG,Jul,99 min
s6811,TV Show,Frozen Planet,Jan-28-2016,2011,TV-PG,Jan,1 Season
s6812,Movie,Frozen Planet: On Thin Ice,Jan-28-2016,2011,TV-PG,Jan,47 min
s6813,Movie,Frozen Planet: The Epic Journey,Jan-28-2016,2011,TV-PG,Jan,52 min
s6814,Movie,Frozen River,Jul-1-2019,2008,R,Jul,97 min
s6815,Movie,Full Out,Sep-1-2016,2015,TV-PG,Sep,88 min
s6816,Movie,Functional Fitness,Jan-1-2018,2016,TV-MA,Jan,106 min
s6817,Movie,Furie,Sep-25-2019,2019,TV-MA,Sep,97 min
s6818,Movie,Furthest Witness,Apr-24-2019,2017,TV-MA,Apr,88 min
s6819,Movie,G-Force,Mar-15-2019,2009,PG,Mar,88 min
s6820,Movie,Gabriel and the Mountain,Nov-9-2018,2017,TV-MA,Nov,132 min
s6821,TV Show,Gabru: Hip Hop Revolution,Jun-1-2018,2018,TV-14,Jun,1 Season
s6822,Movie,Gagarin: First in Space,Sep-15-2017,2013,TV-14,Sep,108 min
s6823,TV Show,Galavant," September 7, 2016",2016,TV-PG,Sep,2 Seasons
s6824,Movie,Galih dan Ratna,Sep-15-2018,2017,TV-PG,Sep,111 min
s6825,TV Show,Game Winning Hit,Sep-1-2016,2009,TV-MA,Sep,1 Season
s6826,TV Show,Gangs of Hassepur,Apr-15-2017,2014,TV-PG,Apr,1 Season
s6827,Movie,Gangs of New York,Aug-20-2019,2002,R,Aug,167 min
s6828,TV Show,Gargantia on the Verdurous Planet,Dec-1-2016,2013,,Dec,1 Season
s6829,Movie,Garuda Di Dadaku,Oct-9-2018,2009,TV-PG,Oct,96 min
s6830,Movie,Garuda in My Heart 2,Nov-30-2018,2011,TV-PG,Nov,95 min
s6831,Movie,Gehenna: Where Death Lives,Dec-10-2018,2016,TV-MA,Dec,107 min
s6832,Movie,Gelo,Dec-15-2017,2016,TV-MA,Dec,118 min
s6833,Movie,Gemini,Jul-1-2018,2018,TV-PG,Jul,130 min
s6834,Movie,Gender Revolution: A Journey with Katie Couric,Feb-1-2018,2017,TV-PG,Feb,90 min
s6835,TV Show,Genius of the Ancient World,Aug-1-2017,2015,TV-PG,Aug,1 Season
s6836,TV Show,Genius of the Modern World,Aug-1-2017,2016,TV-PG,Aug,1 Season
s6837,TV Show,Gentlemen and Gangsters,Jun-1-2016,2016,TV-MA,Jun,1 Season
s6838,Movie,George of the Jungle 2,Dec-20-2016,2003,PG,Dec,87 min
s6839,TV Show,Geronimo Stilton,Dec-31-2017,2011,TV-Y,Dec,1 Season
s6840,Movie,Get Him to the Greek,Jan-16-2020,2010,R,Jan,109 min
s6841,Movie,Get Santa,Dec-12-2014,2014,PG,Dec,103 min
s6842,TV Show,Get Shorty,Nov-1-2018,2017,TV-MA,Nov,1 Season
s6843,Movie,Get Smart,Apr-1-2019,2008,PG-13,Apr,110 min
s6844,Movie,Getting Played,Nov-1-2019,2005,PG-13,Nov,85 min
s6845,Movie,Ghayal,Dec-31-2019,1990,TV-14,Dec,163 min
s6846,Movie,Ghost House,Dec-31-2017,2017,TV-MA,Dec,100 min
s6847,Movie,Ghost Pain,Feb-24-2019,2013,TV-MA,Feb,58 min
s6848,Movie,Ghost Rider,Oct-1-2020,2007,PG-13,Oct,110 min
s6849,Movie,Ghost Tears,Feb-24-2019,2014,TV-MA,Feb,58 min
s6850,TV Show,Ghost Town Gold,Oct-2-2019,2012,TV-14,Oct,1 Season
s6851,Movie,Ghost Whispers,Feb-24-2019,2013,TV-14,Feb,56 min
s6852,Movie,Ghulam-E-Musthafa,Dec-31-2019,1997,TV-MA,Dec,161 min
s6853,Movie,Gie,Sep-15-2018,2005,TV-14,Sep,141 min
s6854,Movie,Gigi,Nov-1-2019,1958,G,Nov,115 min
s6855,Movie,Ginger & Rosa,Jul-15-2018,2012,PG-13,Jul,90 min
s6856,Movie,"Girl, Boy, Bakla, Tomboy",Feb-27-2019,2013,TV-14,Feb,103 min
s6857,Movie,GLOW: The Story of the Gorgeous Ladies of Wrestling,Mar-31-2017,2012,NR,Mar,77 min
s6858,TV Show,Glowing Embers,Aug-14-2017,2010,TV-14,Aug,1 Season
s6859,Movie,God Bless the Broken Road,Feb-9-2019,2018,PG,Feb,111 min
s6860,Movie,God Knows Where I Am,Oct-22-2018,2016,TV-PG,Oct,103 min
s6861,Movie,God of War,Dec-16-2017,2017,NR,Dec,129 min
s6862,Movie,God's Not Dead,Apr-1-2020,2014,PG,Apr,113 min
s6863,Movie,God's Not Dead: A Light in Darkness,Dec-4-2018,2018,PG,Dec,106 min
s6864,Movie,God's Own Country,May-1-2018,2017,TV-MA,May,105 min
s6865,Movie,Gol Maal,Dec-31-2019,1979,TV-PG,Dec,137 min
s6866,Movie,Golden Time,Nov-1-2017,2013,TV-Y,Nov,22 min
s6867,Movie,GoldenEye,Dec-31-2019,1995,PG-13,Dec,130 min
s6868,Movie,Goldie,Jun-22-2020,2019,TV-MA,Jun,89 min
s6869,TV Show,Goldie & Bear," October 31, 2018",2017,TV-Y,Oct,2 Seasons
s6870,Movie,Goldstone,Dec-10-2018,2016,R,Dec,110 min
s6871,Movie,Golmaal: Fun Unlimited,Dec-31-2019,2006,TV-14,Dec,148 min
s6872,TV Show,Gomorrah," August 21, 2017",2016,TV-MA,Aug,2 Seasons
s6873,Movie,Gone are the Days,Jan-1-2019,2018,R,Jan,100 min
s6874,TV Show,Gonul,Jul-12-2017,2015,TV-14,Jul,1 Season
s6875,Movie,Good Kids,Jan-19-2017,2016,R,Jan,90 min
s6876,Movie,Good Kill,Apr-2-2017,2014,R,Apr,103 min
s6877,Movie,Good Kisser,Aug-20-2020,2019,TV-MA,Aug,75 min
s6878,Movie,Good Luck,Jun-21-2019,2012,TV-MA,Jun,99 min
s6879,Movie,"Good Night, and Good Luck",Jun-2-2019,2005,PG,Jun,93 min
s6880,Movie,Good People,Sep-8-2017,2014,R,Sep,90 min
s6881,Movie,GoodFellas,Jan-1-2021,1990,R,Jan,145 min
s6882,Movie,Gook,Mar-6-2018,2017,TV-MA,Mar,95 min
s6883,Movie,Goon,Aug-15-2017,2011,R,Aug,92 min
s6884,Movie,Goosebumps 2: Haunted Halloween,Apr-25-2019,2018,PG,Apr,90 min
s6885,Movie,Gosford Park,Nov-1-2019,2001,R,Nov,137 min
s6886,TV Show,Gossip Girl," October 8, 2013",2012,TV-14,Oct,6 Seasons
s6887,Movie,Gothika,Jan-1-2021,2003,R,Jan,98 min
s6888,Movie,Gour Hari Dastaan: The Freedom File,Oct-15-2017,2015,TV-14,Oct,109 min
s6889,Movie,Gran Torino,Oct-1-2020,2008,R,Oct,117 min
s6890,TV Show,Grand Designs,Aug-1-2019,2017,TV-14,Aug,2 Seasons
s6891,TV Show,Grand Hotel," November 1, 2017",2013,TV-PG,Nov,3 Seasons
s6892,Movie,Grand Masti,Mar-1-2018,2013,TV-MA,Mar,93 min
s6893,Movie,Grass,Feb-14-2019,2017,TV-MA,Feb,57 min
s6894,Movie,Grease,Nov-1-2019,1978,PG,Nov,110 min
s6895,TV Show,Great Interior Design Challenge," December 1, 2018",2016,TV-PG,Dec,2 Seasons
s6896,TV Show,Great Yellowstone Thaw,Oct-1-2017,2017,TV-PG,Oct,1 Season
s6897,Movie,Green Room,Nov-12-2018,2015,R,Nov,95 min
s6898,Movie,Green White Green (And All the Beautiful Colours in My Mosaic of Madness),Jan-1-2018,2016,TV-MA,Jan,102 min
s6899,Movie,Gringo: The Dangerous Life of John McAfee,Apr-1-2018,2016,TV-MA,Apr,97 min
s6900,Movie,Growing Up Coy,Jan-6-2017,2016,TV-PG,Jan,82 min
s6901,Movie,Gun Runners,Feb-1-2017,2015,TV-PG,Feb,90 min
s6902,TV Show,Gunslinger Girl,,2008,TV-14,Jan,2 Seasons
s6903,Movie,Guy Martin: Last Flight of the Vulcan Bomber,Jul-26-2019,2015,TV-G,Jul,57 min
s6904,Movie,Héroes,Aug-19-2018,2015,TV-MA,Aug,91 min
s6905,Movie,Hükümet Kadin,Mar-10-2017,2013,TV-MA,Mar,100 min
s6906,Movie,Hükümet Kadin 2,Mar-10-2017,2013,TV-14,Mar,101 min
s6907,TV Show,Ha Unlimited,May-11-2018,2016,TV-MA,May,2 Seasons
s6908,Movie,Haapus,Mar-15-2018,2010,TV-14,Mar,138 min
s6909,Movie,Hadi İnşallah,Apr-4-2018,2014,TV-14,Apr,95 min
s6910,Movie,Hairspray,Jan-1-2020,2007,PG,Jan,116 min
s6911,Movie,HALO Legends,May-1-2017,2009,PG-13,May,117 min
s6912,Movie,Halo: The Fall of Reach,Mar-7-2016,2015,TV-14,Mar,65 min
s6913,Movie,Hamara Dil Aapke Paas Hai,Mar-1-2018,2000,TV-14,Mar,158 min
s6914,Movie,Hamburger Hill,Nov-23-2019,1987,R,Nov,110 min
s6915,Movie,Hamza's Suitcase,May-2-2019,2017,TV-14,May,79 min
s6916,Movie,Hangman,May-6-2020,2017,R,May,99 min
s6917,Movie,Hank: Five Years from the Brink,Aug-25-2018,2013,TV-14,Aug,86 min
s6918,TV Show,Hannibal,Jun-6-2020,2015,TV-MA,Jun,3 Seasons
s6919,Movie,Hans Zimmer: Live in Prague,Mar-1-2018,2017,TV-G,Mar,138 min
s6920,TV Show,Happy 300 Days,Jan-1-2017,2013,TV-14,Jan,1 Season
s6921,Movie,Happy Hunting,Jan-1-2018,2017,TV-MA,Jan,91 min
s6922,Movie,Happy Times,Feb-8-2017,2014,NR,Feb,79 min
s6923,TV Show,Happy Valley," March 16, 2016",2016,TV-MA,Mar,2 Seasons
s6924,TV Show,Happyish,Jul-1-2016,2015,TV-MA,Jul,1 Season
s6925,Movie,Hard Tide,Sep-6-2017,2015,TV-MA,Sep,79 min
s6926,Movie,Hardcore Henry,Aug-1-2020,2015,R,Aug,96 min
s6927,Movie,Harlem Globetrotters: The Team That Changed the World,Nov-1-2019,2005,TV-14,Nov,55 min
s6928,Movie,Harold & Kumar Escape from Guantanamo Bay,Oct-1-2019,2008,R,Oct,101 min
s6929,Movie,Harold & Kumar Go to White Castle,Jan-1-2020,2004,R,Jan,88 min
s6930,Movie,Harold and Lillian: A Hollywood Love Story,Nov-25-2018,2015,TV-14,Nov,95 min
s6931,TV Show,Harold Shipman - Driven to Kill,Feb-1-2019,2014,TV-14,Feb,1 Season
s6932,Movie,Harriet the Spy: Blog Wars,Apr-15-2018,2010,TV-G,Apr,87 min
s6933,TV Show,Harry & Bunnie,Oct-15-2017,2017,TV-Y7,Oct,1 Season
s6934,Movie,Harry and Snowman,Jan-15-2017,2015,TV-PG,Jan,83 min
s6935,Movie,Harry Benson: Shoot First,May-1-2017,2016,NR,May,90 min
s6936,TV Show,Hart of Dixie," December 15, 2015",2014,TV-PG,Dec,4 Seasons
s6937,Movie,Haseena Maan Jaayegi,Mar-1-2018,1999,TV-PG,Mar,151 min
s6938,TV Show,Hati Perempuan,Aug-21-2017,2015,TV-14,Aug,1 Season
s6939,Movie,Haunters: The Art of the Scare,Jan-2-2018,2017,TV-MA,Jan,89 min
s6940,Movie,Haunting on Fraternity Row,Mar-1-2019,2018,TV-MA,Mar,99 min
s6941,Movie,Have You Seen the Listers?,Feb-1-2019,2017,TV-MA,Feb,86 min
s6942,TV Show,Haven," September 8, 2015",2015,TV-14,Sep,5 Seasons
s6943,Movie,Havenhurst,Jun-10-2017,2016,TV-MA,Jun,85 min
s6944,Movie,Haywire,Mar-1-2020,2011,R,Mar,93 min
s6945,Movie,He Named Me Malala,Jun-1-2018,2015,PG-13,Jun,89 min
s6946,Movie,He's Out There,Jan-12-2019,2018,R,Jan,89 min
s6947,Movie,Head Count,Sep-13-2019,2018,TV-MA,Sep,90 min
s6948,Movie,Head On,Aug-25-2018,1998,TV-MA,Aug,104 min
s6949,Movie,Heal,Feb-1-2019,2017,TV-14,Feb,107 min
s6950,Movie,Heartbreakers,Dec-31-2019,2001,PG-13,Dec,124 min
s6951,Movie,Heartthrob,Jan-1-2018,2017,TV-MA,Jan,87 min
s6952,TV Show,Heavy Rescue: 401,Jun-22-2018,2018,TV-MA,Jun,2 Seasons
s6953,Movie,Hedgehogs,Apr-1-2019,2016,PG,Apr,94 min
s6954,TV Show,Helix,Nov-10-2018,2015,TV-MA,Nov,1 Season
s6955,Movie,Hell and Back,Sep-6-2018,2015,R,Sep,86 min
s6956,TV Show,Hell on Wheels," May 28, 2016",2016,TV-14,May,5 Seasons
s6957,Movie,Hell or High Water,Jan-1-2019,2016,R,Jan,102 min
s6958,Movie,Hellboy,Dec-1-2018,2004,PG-13,Dec,122 min
s6959,Movie,Her,Jul-29-2018,2013,R,Jul,126 min
s6960,Movie,Her Only Choice,May-2-2019,2018,TV-14,May,87 min
s6961,Movie,Hera Pheri,Dec-31-2019,1976,TV-14,Dec,156 min
s6962,Movie,Here Alone,Jul-1-2017,2016,TV-MA,Jul,97 min
s6963,Movie,Hero,Aug-1-2018,1997,TV-MA,Aug,89 min
s6964,TV Show,Herrens veje,Jun-1-2019,2018,TV-MA,Jun,2 Seasons
s6965,Movie,Hickok,Jul-24-2020,2017,TV-MA,Jul,88 min
s6966,TV Show,Hidden Singer,May-19-2017,2015,TV-Y7,May,1 Season
s6967,Movie,Hide & Seek,Mar-1-2018,2010,TV-14,Mar,96 min
s6968,Movie,Hide and Seek,Aug-19-2017,2016,TV-14,Aug,104 min
s6969,Movie,Highly Strung,Feb-1-2017,2015,TV-14,Feb,80 min
s6970,TV Show,Highway Thru Hell," December 3, 2019",2016,TV-PG,Dec,3 Seasons
s6971,TV Show,Highway to Heaven," November 1, 2016",1988,TV-PG,Nov,5 Seasons
s6972,TV Show,Hinterland,Aug-1-2017,2016,TV-14,Aug,3 Seasons
s6973,Movie,Hiroshima: The Real History,Mar-31-2017,2015,TV-PG,Mar,95 min
s6974,Movie,Hisss,Dec-1-2017,2010,TV-MA,Dec,97 min
s6975,TV Show,Historia de un clan,Jan-13-2017,2015,TV-MA,Jan,1 Season
s6976,Movie,History of Joy,Aug-1-2018,2017,TV-14,Aug,118 min
s6977,TV Show,History's Greatest Hoaxes,Jul-12-2019,2016,TV-PG,Jul,1 Season
s6978,Movie,Hitch,Jan-1-2020,2005,PG-13,Jan,118 min
s6979,Movie,Hitler's Olympics,Aug-1-2016,2016,TV-PG,Aug,44 min
s6980,Movie,Hitler's Steel Beast,Nov-1-2017,2017,TV-14,Nov,54 min
s6981,Movie,Ho Mann Jahaan,Jul-1-2017,2015,TV-PG,Jul,170 min
s6982,TV Show,Hogie the Globehopper,Aug-1-2017,2016,TV-Y,Aug,1 Season
s6983,Movie,Hokkabaz,Mar-10-2017,2006,TV-MA,Mar,118 min
s6984,Movie,Holding the Man,Aug-1-2016,2015,TV-MA,Aug,128 min
s6985,Movie,Holidays,Jul-15-2016,2016,TV-MA,Jul,106 min
s6986,Movie,Holy Hell,Sep-1-2016,2016,NR,Sep,103 min
s6987,Movie,Holy Man 2,Jul-30-2018,2008,TV-14,Jul,92 min
s6988,Movie,Holy Man 3,Jul-30-2018,2010,TV-MA,Jul,102 min
s6989,Movie,Hombanna,May-1-2018,2017,TV-14,May,126 min
s6990,Movie,Homeland,Oct-15-2019,2019,TV-PG,Oct,73 min
s6991,Movie,Honey 2,Oct-1-2019,2011,PG-13,Oct,111 min
s6992,Movie,Honey: Rise Up and Dance,Apr-3-2018,2018,PG-13,Apr,100 min
s6993,Movie,Hoodwinked Too! Hood vs. Evil,Nov-3-2018,2011,PG,Nov,86 min
s6994,Movie,Hope Aur Hum,Sep-1-2018,2018,TV-14,Sep,95 min
s6995,Movie,Hope Springs Eternal,Nov-8-2018,2018,PG,Nov,79 min
s6996,Movie,Hope: One in a Billion,Dec-15-2019,2017,TV-14,Dec,81 min
s6997,TV Show,Hormones,Jun-30-2018,2015,TV-MA,Jun,3 Seasons
s6998,Movie,Horns,Aug-1-2019,2013,R,Aug,120 min
s6999,TV Show,Horror Homes,Oct-2-2019,2016,TV-14,Oct,1 Season
s7000,Movie,Horror Story,Apr-12-2019,2013,TV-14,Apr,85 min
s7001,Movie,Hostage to the Devil,Jan-15-2017,2016,TV-14,Jan,96 min
s7002,Movie,Hostages,Jan-29-2018,2017,TV-PG,Jan,91 min
s7003,Movie,Hostiles,Aug-15-2018,2017,R,Aug,134 min
s7004,Movie,Hot Bot,Mar-1-2016,2016,NR,Mar,93 min
s7005,Movie,Hot Property,Aug-13-2017,2016,TV-MA,Aug,82 min
s7006,Movie,Hot Rod,Nov-20-2019,2007,PG-13,Nov,88 min
s7007,TV Show,Hotel Beau Séjour,Mar-16-2017,2017,TV-14,Mar,1 Season
s7008,Movie,Hotel Pacific,Oct-1-2019,1975,TV-MA,Oct,96 min
s7009,Movie,Hotel Transylvania 3: Summer Vacation,Jan-24-2019,2018,PG,Jan,97 min
s7010,Movie,House at the End of the Street,May-8-2020,2012,PG-13,May,101 min
s7011,Movie,House of Z,Jan-6-2018,2016,TV-14,Jan,88 min
s7012,Movie,"Houston, We Have a Problem!",Jul-20-2017,2016,TV-14,Jul,84 min
s7013,Movie,How the Beatles Changed the World,Feb-1-2018,2017,TV-PG,Feb,110 min
s7014,Movie,How the Grinch Stole Christmas,Jun-1-2017,2000,PG,Jun,105 min
s7015,Movie,How to Be a Latin Lover,Nov-1-2019,2017,PG-13,Nov,116 min
s7016,Movie,How to Be a Player,Nov-1-2019,1997,R,Nov,94 min
s7017,Movie,How to Change the World,Jan-1-2016,2015,NR,Jan,110 min
s7018,TV Show,How to Live Mortgage Free with Sarah Beeny,Sep-15-2018,2018,TV-MA,Sep,1 Season
s7019,Movie,How to Make an American Quilt,Apr-1-2018,1995,PG-13,Apr,116 min
s7020,Movie,How to Win the US Presidency,Aug-1-2016,2016,TV-PG,Aug,51 min
s7021,Movie,Hridaynath,Jan-1-2018,2012,TV-14,Jan,103 min
s7022,Movie,Hulk Vs.,Jun-1-2020,2009,PG-13,Jun,83 min
s7023,Movie,Hum Saath-Saath Hain,Jan-1-2018,1999,TV-G,Jan,176 min
s7024,Movie,Humko Deewana Kar Gaye,Oct-22-2017,2006,TV-PG,Oct,149 min
s7025,TV Show,Humsafar,Dec-15-2016,2011,TV-PG,Dec,1 Season
s7026,Movie,Hungerford,Jun-23-2018,2014,TV-MA,Jun,79 min
s7027,Movie,Hunt to Kill,Jan-1-2020,2010,R,Jan,97 min
s7028,Movie,Hunter's Prayer,Oct-22-2019,2015,R,Oct,91 min
s7029,TV Show,Hunters of the South Seas,Feb-1-2019,2015,TV-14,Feb,1 Season
s7030,TV Show,Huntik: Secrets and Seekers," January 1, 2018",2011,TV-Y7,Jan,2 Seasons
s7031,Movie,Hurricane Bianca,Jan-1-2017,2016,TV-MA,Jan,85 min
s7032,Movie,Hurricane Bianca: From Russia With Hate,Aug-15-2018,2018,TV-MA,Aug,85 min
s7033,Movie,Hustle & Flow,Dec-1-2019,2005,R,Dec,117 min
s7034,TV Show,Hyori's Bed & Breakfast,Mar-29-2018,2018,TV-14,Mar,2 Seasons
s7035,Movie,Hypersomnia,Jun-8-2017,2016,TV-MA,Jun,84 min
s7036,Movie,I Am,Mar-4-2019,2010,TV-MA,Mar,106 min
s7037,Movie,I Am Bolt,Oct-1-2017,2016,PG,Oct,107 min
s7038,Movie,I Am Jane Doe,May-26-2017,2017,TV-14,May,98 min
s7039,Movie,I Am Maris,Apr-1-2019,2018,TV-14,Apr,54 min
s7040,TV Show,I Am Me!,Mar-3-2017,2016,TV-14,Mar,1 Season
s7041,Movie,I Am Not Madame Bovary,Sep-2-2017,2016,TV-14,Sep,139 min
s7042,Movie,I Am Sun Mu,Feb-1-2017,2015,NR,Feb,88 min
s7043,Movie,I Am Vengeance,Dec-22-2018,2018,R,Dec,93 min
s7044,Movie,I Am Wrath,Sep-16-2019,2016,R,Sep,91 min
s7045,Movie,I Don't Know How She Does It,Mar-23-2019,2011,PG-13,Mar,89 min
s7046,Movie,I Dream Of Dance,Jan-31-2019,2017,TV-14,Jan,106 min
s7047,Movie,I Fine... Thank You... Love You,Sep-5-2018,2014,TV-14,Sep,116 min
s7048,Movie,"I, Daniel Blake",Apr-19-2019,2016,R,Apr,100 min
s7049,Movie,I'll See You in My Dreams,Oct-22-2019,2015,PG-13,Oct,96 min
s7050,Movie,I'm in Love with a Church Girl,Oct-1-2017,2013,PG,Oct,119 min
s7051,TV Show,I'm Sorry,Sep-13-2019,2019,TV-MA,Sep,2 Seasons
s7052,Movie,Ice Guardians,Oct-1-2017,2016,TV-MA,Oct,108 min
s7053,Movie,Iceman,Jan-23-2018,2014,R,Jan,104 min
s7054,Movie,Ideachi Kalpana,Jan-1-2018,2010,TV-14,Jan,124 min
s7055,TV Show,Idiotest,Dec-15-2018,2014,TV-PG,Dec,1 Season
s7056,Movie,Igor,Sep-1-2019,2008,PG,Sep,87 min
s7057,Movie,Iliza Shlesinger: War Paint,Sep-1-2013,2013,NR,Sep,75 min
s7058,Movie,Imagine That,Dec-7-2019,2009,PG,Dec,108 min
s7059,Movie,Immoral Tales,Jun-6-2019,1974,UR,Jun,103 min
s7060,TV Show,In Between,Jan-1-2017,2012,TV-14,Jan,1 Season
s7061,Movie,In Search of Fellini,Mar-19-2018,2017,R,Mar,103 min
s7062,Movie,In The Deep,Jan-10-2018,2017,PG-13,Jan,89 min
s7063,Movie,Incir Receli 2,Mar-10-2017,2014,TV-14,Mar,103 min
s7064,Movie,Incoming,Oct-26-2018,2019,TV-MA,Oct,89 min
s7065,Movie,Incomplete,Apr-8-2017,2017,TV-MA,Apr,119 min
s7066,Movie,Inconceivable,Mar-1-2018,2017,R,Mar,106 min
s7067,Movie,Incorruptible,Sep-1-2017,2015,TV-MA,Sep,90 min
s7068,Movie,Incredibles 2 (Spanish Version),Feb-8-2019,2018,PG,Feb,118 min
s7069,Movie,INDIA,Feb-17-2017,2014,NR,Feb,95 min
s7070,TV Show,India: Nature's Wonderland,Mar-1-2017,2015,TV-PG,Mar,1 Season
s7071,Movie,Indiana Jones and the Kingdom of the Crystal Skull,Jan-1-2019,2008,PG-13,Jan,123 min
s7072,Movie,Indiana Jones and the Last Crusade,Jan-1-2019,1989,PG-13,Jan,127 min
s7073,Movie,Indiana Jones and the Raiders of the Lost Ark,Jan-1-2019,1981,PG,Jan,116 min
s7074,Movie,Indiana Jones and the Temple of Doom,Jan-1-2019,1984,PG,Jan,119 min
s7075,Movie,Indiscretion,Feb-1-2017,2016,TV-MA,Feb,99 min
s7076,Movie,Inequality for All,Aug-29-2018,2013,PG,Aug,90 min
s7077,Movie,Influx,Apr-1-2018,2016,TV-PG,Apr,90 min
s7078,Movie,Inglourious Basterds,Jul-22-2019,2009,R,Jul,153 min
s7079,Movie,Inkheart,Jul-1-2019,2008,PG,Jul,106 min
s7080,Movie,Insan,Mar-1-2018,2005,TV-14,Mar,141 min
s7081,TV Show,Inside The Freemasons,Sep-15-2018,2017,TV-MA,Sep,1 Season
s7082,TV Show,Inside the Mind of a Serial Killer,Jul-1-2019,2015,TV-14,Jul,1 Season
s7083,TV Show,Inside the Mossad,Jan-29-2019,2017,TV-14,Jan,1 Season
s7084,TV Show,Inst@famous,Dec-31-2018,2018,TV-MA,Dec,1 Season
s7085,Movie,Instructions Not Included,Jan-1-2020,2013,PG-13,Jan,122 min
s7086,TV Show,Intelligence,Jul-19-2017,2007,TV-MA,Jul,2 Seasons
s7087,Movie,Internet Famous,Jul-21-2016,2016,TV-14,Jul,87 min
s7088,Movie,Into the Forest,Nov-7-2018,2015,R,Nov,102 min
s7089,Movie,Inuyasha the Movie - L'isola del fuoco scarlatto,Sep-1-2017,2004,TV-PG,Sep,88 min
s7090,Movie,Inuyasha the Movie - La spada del dominatore del mondo,Sep-1-2017,2003,TV-14,Sep,99 min
s7091,Movie,InuYasha: The Movie 2: The Castle Beyond the Looking Glass,Sep-1-2017,2002,TV-14,Sep,99 min
s7092,Movie,Invictus,Nov-1-2019,2009,PG-13,Nov,134 min
s7093,Movie,Invisible Essence: The Little Prince,Jan-14-2019,2018,TV-PG,Jan,91 min
s7094,Movie,Inxeba,Feb-1-2018,2017,TV-MA,Feb,88 min
s7095,Movie,Iqbal,Mar-1-2018,2006,TV-Y7,Mar,127 min
s7096,Movie,Irada Pakka,Mar-15-2018,2010,TV-14,Mar,137 min
s7097,Movie,Iron Cowboy: The Story of the 50.50.50,Jul-19-2019,2018,TV-14,Jul,77 min
s7098,Movie,Iron Man & Captain America: Heroes United,Oct-12-2014,2014,PG,Oct,71 min
s7099,TV Show,Iron Man: Armored Adventures,Aug-1-2020,2011,TV-Y7,Aug,2 Seasons
s7100,Movie,Ishqedarriyaan,Mar-1-2018,2015,TV-14,Mar,130 min
s7101,TV Show,Islands of the Future,Mar-1-2017,2014,TV-PG,Mar,1 Season
s7102,TV Show,마녀사냥,Feb-19-2018,2015,TV-MA,Feb,1 Season
s7103,Movie,Issaq,Mar-1-2018,2013,TV-MA,Mar,140 min
s7104,Movie,It Takes Two,Nov-20-2019,1995,PG,Nov,101 min
s7105,Movie,It's Fine,May-3-2019,2012,TV-14,May,101 min
s7106,Movie,It's Now or Never,Mar-1-2016,2015,TV-MA,Mar,91 min
s7107,Movie,"It's Okay, Buddy",Jun-6-2019,2017,TV-14,Jun,84 min
s7108,Movie,Iverson,Apr-1-2016,2014,NR,Apr,88 min
s7109,Movie,최강전사 미니특공대 : 영웅의 탄생,Sep-1-2018,2018,TV-Y7,Sep,68 min
s7110,Movie,Jaan-E-Mann: Let's Fall in Love... Again,Dec-31-2019,2006,TV-14,Dec,163 min
s7111,Movie,Jack and the Cuckoo-Clock Heart,Feb-8-2017,2013,PG,Feb,93 min
s7112,Movie,Jack of all Trades,Jul-16-2019,2018,TV-MA,Jul,86 min
s7113,TV Show,Jack Taylor,Mar-31-2013,2016,TV-MA,Mar,1 Season
s7114,Movie,Jackie Brown,Aug-1-2019,1997,R,Aug,154 min
s7115,Movie,Jackpot,Oct-6-2018,2015,TV-14,Oct,92 min
s7116,Movie,Jail,Dec-31-2019,2009,TV-14,Dec,132 min
s7117,Movie,Jake's Buccaneer Blast,Aug-6-2017,2014,TV-Y,Aug,22 min
s7118,Movie,Jal,Oct-15-2017,2013,TV-14,Oct,132 min
s7119,Movie,Jalpari: The Desert Mermaid,May-19-2018,2012,TV-14,May,94 min
s7120,Movie,Janaan,Sep-15-2017,2016,TV-14,Sep,132 min
s7121,TV Show,Japanese Style Originator,May-1-2017,2008,TV-G,May,1 Season
s7122,Movie,Jay and Silent Bob Strike Back,Jan-1-2019,2001,R,Jan,105 min
s7123,Movie,Jealousy and medicine,Oct-1-2019,1973,TV-MA,Oct,97 min
s7124,TV Show,Jeopardy!,Dec-18-2020,2019,TV-G,Dec,2 Seasons
s7125,Movie,Jeremy Scott: The People's Designer,Apr-1-2016,2015,PG-13,Apr,109 min
s7126,TV Show,Jericho,Aug-16-2017,2008,TV-14,Aug,2 Seasons
s7127,Movie,Jersey Boys,Jan-1-2019,2014,R,Jan,134 min
s7128,Movie,Jesus: Countdown to Calvary,Apr-1-2019,2018,TV-14,Apr,53 min
s7129,Movie,Jewel's Catch One,May-1-2018,2016,TV-MA,May,84 min
s7130,TV Show,Jhansi Ki Rani,Jun-1-2017,2009,TV-14,Jun,1 Season
s7131,Movie,Jimi Hendrix,Nov-1-2019,1973,R,Nov,102 min
s7132,TV Show,JingleKids,Apr-1-2019,2017,TV-Y7,Apr,1 Season
s7133,Movie,Jiro Dreams of Sushi,Jun-5-2019,2011,PG,Jun,79 min
s7134,Movie,Jis Desh Men Ganga Behti Hai,Dec-31-2019,1960,TV-14,Dec,181 min
s7135,Movie,Joe Cocker: Mad Dog with Soul,Apr-1-2017,2017,TV-14,Apr,90 min
s7136,Movie,John & Jane,Aug-15-2016,2005,TV-14,Aug,79 min
s7137,Movie,John Carter,May-2-2019,2012,PG-13,May,133 min
s7138,Movie,John Day,Dec-31-2019,2013,TV-MA,Dec,125 min
s7139,Movie,John Mellencamp: Plain Spoken,Feb-1-2018,2017,TV-MA,Feb,80 min
s7140,Movie,Jonathan,Apr-16-2019,2018,TV-MA,Apr,101 min
s7141,TV Show,Jonathan Strange & Mr Norrell,Aug-25-2016,2015,TV-14,Aug,1 Season
s7142,Movie,Jora 10 Numbaria,Jan-1-2018,2017,TV-MA,Jan,135 min
s7143,TV Show,Juana Brava,Mar-20-2017,2015,TV-MA,Mar,1 Season
s7144,TV Show,Juana Inés,Jan-27-2017,2016,TV-14,Jan,1 Season
s7145,Movie,Judwaa,Dec-31-2019,1997,TV-14,Dec,133 min
s7146,Movie,Judy Moody and the Not Bummer Summer,Aug-8-2019,2011,PG,Aug,91 min
s7147,Movie,Jugaad,Sep-15-2018,2017,TV-14,Sep,52 min
s7148,Movie,Julie & Julia,Jan-1-2021,2009,PG-13,Jan,123 min
s7149,TV Show,Julius Jr.," November 3, 2015",2014,TV-Y,Nov,2 Seasons
s7150,Movie,Jumping the Broom,Nov-1-2020,2011,PG-13,Nov,113 min
s7151,Movie,Junebug,Mar-1-2019,2005,R,Mar,107 min
s7152,Movie,Jupiter Ascending,Aug-1-2019,2015,PG-13,Aug,128 min
s7153,Movie,Just Friends,Sep-1-2019,2005,PG-13,Sep,94 min
s7154,Movie,"Justice, My Foot!",Aug-31-2018,1992,TV-14,Aug,95 min
s7155,Movie,Justin Bieber: Never Say Never,Jan-1-2018,2011,G,Jan,106 min
s7156,TV Show,K,Dec-1-2016,2012,TV-MA,Dec,1 Season
s7157,Movie,K-19: The Widowmaker,Nov-21-2019,2002,PG-13,Nov,138 min
s7158,TV Show,Kaçak,Dec-26-2016,2013,TV-14,Dec,1 Season
s7159,Movie,Kaabil,Jun-25-2017,2017,TV-14,Jun,139 min
s7160,Movie,Kaakan,Mar-1-2018,2015,TV-PG,Mar,132 min
s7161,Movie,Kaalia,Dec-31-2019,1981,TV-14,Dec,173 min
s7162,Movie,Kaaliyan,Aug-1-2018,2017,TV-PG,Aug,105 min
s7163,Movie,Kabali (Hindi Version),Dec-15-2017,2016,TV-MA,Dec,148 min
s7164,Movie,Kacche Dhaagey,Nov-1-2017,2016,TV-14,Nov,120 min
s7165,Movie,Kahlil Gibran's The Prophet,Oct-1-2017,2014,PG,Oct,85 min
s7166,Movie,Kajraare,Oct-22-2017,2010,TV-14,Oct,113 min
s7167,Movie,Kaleidoscope,May-8-2018,2016,TV-MA,May,99 min
s7168,Movie,Kalki,Mar-1-2018,2017,TV-14,Mar,41 min
s7169,Movie,Kanika,Mar-1-2018,2017,TV-14,Mar,110 min
s7170,Movie,Karzzzz,Oct-22-2017,2008,TV-14,Oct,137 min
s7171,Movie,Kate & Leopold,Jan-1-2020,2001,PG-13,Jan,118 min
s7172,Movie,Katha,Dec-31-2019,1982,TV-PG,Dec,140 min
s7173,Movie,Katt Williams: Live,Jul-19-2018,2006,NR,Jul,85 min
s7174,Movie,Kaviyude Osyath,Jul-1-2018,2017,TV-14,Jul,116 min
s7175,Movie,Kay Dyache Bola,Jan-1-2018,2005,TV-14,Jan,133 min
s7176,TV Show,Ken Burns: The Civil War,Feb-22-2017,1990,TV-14,Feb,1 Season
s7177,TV Show,Ken Burns: The Roosevelts: An Intimate History,Feb-22-2017,2014,TV-PG,Feb,1 Season
s7178,TV Show,Ken Burns: The West,Mar-14-2017,1996,TV-PG,Mar,1 Season
s7179,Movie,Kevin Hart: Laugh at My Pain,Oct-1-2018,2011,R,Oct,89 min
s7180,Movie,Kevin Hart: Let Me Explain,Jul-13-2018,2013,R,Jul,75 min
s7181,Movie,Kevin Hart: Seriously Funny,Oct-1-2018,2010,TV-MA,Oct,67 min
s7182,Movie,Kevyn Aucoin: Beauty & the Beast in Me,Jan-1-2019,2017,TV-MA,Jan,90 min
s7183,TV Show,Khaani,Aug-1-2019,2017,TV-14,Aug,1 Season
s7184,Movie,Khalnayak,Mar-1-2018,1993,TV-14,Mar,170 min
s7185,TV Show,Khan: No. 1 Crime Hunter,May-1-2018,2018,TV-14,May,1 Season
s7186,TV Show,Khelti Hai Zindagi Aankh Micholi,Apr-1-2017,2013,TV-14,Apr,1 Season
s7187,Movie,Khosla Ka Ghosla,Aug-2-2018,2006,TV-14,Aug,124 min
s7188,TV Show,Khotey Sikkey,Mar-15-2018,2011,TV-14,Mar,1 Season
s7189,Movie,Khubsoorat,Dec-31-2019,1980,TV-PG,Dec,120 min
s7190,Movie,Khushi,Mar-1-2018,2003,TV-14,Mar,157 min
s7191,Movie,Kia and Cosmos,May-1-2019,2018,TV-14,May,124 min
s7192,Movie,Kickboxer: Retaliation,Apr-26-2018,2017,R,Apr,110 min
s7193,Movie,Kickboxer: Vengeance,Dec-8-2016,2016,TV-MA,Dec,90 min
s7194,Movie,Kicking and Screaming,Nov-4-2019,1995,R,Nov,97 min
s7195,Movie,Kid Kulafu,Mar-4-2019,2015,TV-14,Mar,108 min
s7196,Movie,Kidnapping Mr. Heineken,Sep-8-2017,2015,R,Sep,95 min
s7197,TV Show,Kikoriki,,2010,TV-Y,Jan,2 Seasons
s7198,Movie,Kill Bill: Vol. 1,Jan-1-2020,2003,R,Jan,111 min
s7199,Movie,Kill Bill: Vol. 2,Jan-1-2020,2004,R,Jan,137 min
s7200,Movie,Kill Command,Feb-23-2017,2016,TV-MA,Feb,100 min
s7201,Movie,Kill Hitler! The Luck of the Devil,May-1-2019,2015,TV-14,May,53 min
s7202,Movie,Kill Ratio,Feb-17-2017,2016,TV-MA,Feb,87 min
s7203,Movie,Kill the Irishman,Aug-21-2020,2011,R,Aug,106 min
s7204,Movie,Killer Klowns from Outer Space,Apr-1-2020,1988,PG-13,Apr,86 min
s7205,Movie,Killers,Jan-1-2021,2010,PG-13,Jan,100 min
s7206,Movie,Kills on Wheels,Mar-15-2018,2016,TV-MA,Mar,103 min
s7207,Movie,Kilo Two Bravo,Mar-1-2019,2014,R,Mar,109 min
s7208,Movie,King Jack,Jul-1-2016,2015,NR,Jul,81 min
s7209,Movie,King's Ransom,Nov-1-2019,2005,PG-13,Nov,98 min
s7210,TV Show,Kingdoms of the Sky,Oct-1-2018,2018,TV-PG,Oct,1 Season
s7211,Movie,Kingpin,Jan-1-2020,1996,PG-13,Jan,114 min
s7212,Movie,Kings,Oct-29-2018,2017,R,Oct,87 min
s7213,Movie,Kis Kisko Pyaar Karoon,Nov-1-2017,2015,TV-PG,Nov,132 min
s7214,Movie,Kiss the Girls,Jan-1-2020,1997,R,Jan,116 min
s7215,TV Show,Kiss The Series,May-26-2019,2016,TV-14,May,1 Season
s7216,TV Show,Kitten Rescuers,Oct-2-2019,2017,TV-14,Oct,1 Season
s7217,Movie,KL Zombi,Aug-21-2017,2013,TV-14,Aug,92 min
s7218,TV Show,Knights of Sidonia," December 1, 2019",2015,TV-MA,Dec,2 Seasons
s7219,Movie,Knock Knock,Nov-1-2020,2015,R,Nov,99 min
s7220,Movie,Know Your Enemy - Japan,Mar-31-2017,1945,TV-14,Mar,63 min
s7221,Movie,Knowing,Oct-1-2019,2009,PG-13,Oct,121 min
s7222,Movie,Koko: The Gorilla Who Talks,Mar-1-2017,2016,TV-G,Mar,56 min
s7223,TV Show,Kon Kon Kon,Feb-16-2018,2014,TV-PG,Feb,1 Season
s7224,Movie,Kon-Tiki,Apr-26-2019,2012,PG-13,Apr,96 min
s7225,Movie,Koshish,Dec-31-2019,1972,TV-14,Dec,115 min
s7226,Movie,Kraftidioten,Jan-5-2017,2014,TV-MA,Jan,117 min
s7227,Movie,Krish Trish and Baltiboy,Sep-8-2017,2009,TV-Y7,Sep,58 min
s7228,Movie,Krish Trish and Baltiboy: Battle of Wits,Sep-8-2017,2013,TV-Y7,Sep,62 min
s7229,Movie,Krish Trish and Baltiboy: Best Friends Forever,Sep-8-2017,2016,TV-Y,Sep,65 min
s7230,Movie,Krish Trish and Baltiboy: Comics of India,Sep-8-2017,2012,TV-Y7,Sep,61 min
s7231,Movie,Krish Trish and Baltiboy: Face Your Fears,Nov-17-2017,2017,TV-Y7,Nov,65 min
s7232,Movie,Krish Trish and Baltiboy: Oversmartness Never Pays,Sep-8-2017,2017,TV-Y7,Sep,65 min
s7233,Movie,Krish Trish and Baltiboy: Part II,Sep-8-2017,2010,TV-Y7,Sep,58 min
s7234,Movie,Krish Trish and Baltiboy: The Greatest Trick,Sep-8-2017,2013,TV-Y7,Sep,60 min
s7235,Movie,Krisha,Nov-7-2018,2015,R,Nov,81 min
s7236,TV Show,Krishna Balram,Jul-8-2019,2019,TV-Y7,Jul,1 Season
s7237,Movie,Kristy,Oct-31-2015,2013,NR,Oct,85 min
s7238,Movie,Krystal,Jan-1-2019,2017,R,Jan,93 min
s7239,Movie,Kuldip Patwal: I Didn't Do It!,Dec-31-2019,2017,TV-MA,Dec,126 min
s7240,Movie,Kung Fu Hustle,Apr-1-2020,2004,R,Apr,99 min
s7241,Movie,Kung Fu Magoo,Aug-1-2018,2010,TV-Y7,Aug,79 min
s7242,Movie,Kung Fu Panda: Holiday,Dec-1-2012,2010,TV-PG,Dec,26 min
s7243,Movie,Kung Fu Yoga,Oct-6-2017,2017,TV-PG,Oct,107 min
s7244,Movie,Kuppivala,Aug-1-2018,2017,TV-14,Aug,133 min
s7245,Movie,Kurt & Courtney,Jan-8-2019,1998,R,Jan,95 min
s7246,TV Show,Kurt Seyit & Sura,Dec-26-2016,2014,TV-14,Dec,1 Season
s7247,Movie,Kurtulus Son Durak,Mar-10-2017,2012,TV-MA,Mar,100 min
s7248,Movie,Kya Kehna,Apr-1-2018,2000,TV-PG,Apr,149 min
s7249,Movie,Kygo: Live at the Hollywood Bowl,Mar-12-2018,2017,TV-MA,Mar,52 min
s7250,Movie,Kyun! Ho Gaya Na,Mar-1-2018,2004,TV-PG,Mar,165 min
s7251,Movie,La Última Fiesta,Feb-1-2017,2016,TV-MA,Feb,104 min
s7252,Movie,LA 92,Mar-1-2018,2017,R,Mar,114 min
s7253,Movie,La Bamba,Jan-1-2020,1987,PG-13,Jan,109 min
s7254,Movie,La Coppia dei Campioni,Feb-15-2017,2016,TV-MA,Feb,88 min
s7255,TV Show,La Familia P. Luche,,2012,TV-14,Jan,3 Seasons
s7256,TV Show,La Femme,Oct-16-2017,2016,TV-14,Oct,1 Season
s7257,TV Show,La Piloto,Apr-2-2018,2017,TV-MA,Apr,1 Season
s7258,TV Show,La Rosa de Guadalupe,Jan-15-2019,2010,TV-PG,Jan,1 Season
s7259,TV Show,La Viuda Negra,Jan-15-2019,2016,TV-14,Jan,1 Season
s7260,Movie,Laal Rang,Mar-1-2018,2016,TV-14,Mar,143 min
s7261,Movie,Laddaland,Sep-7-2018,2011,TV-MA,Sep,112 min
s7262,Movie,Lady Bloodfight,Aug-5-2017,2016,R,Aug,101 min
s7263,Movie,Lady in the Water,Jul-1-2019,2006,PG-13,Jul,110 min
s7264,Movie,Lady-Like,Jan-18-2019,2018,NC-17,Jan,83 min
s7265,TV Show,"Lady, la vendedora de rosas",Apr-1-2018,2015,TV-14,Apr,1 Season
s7266,Movie,Lalbaug Parel: Zali Mumbai Sonyachi,Mar-15-2018,2010,TV-MA,Mar,145 min
s7267,TV Show,Land Girls,Aug-1-2017,2011,TV-14,Aug,3 Seasons
s7268,Movie,Larceny,Sep-15-2017,2017,TV-14,Sep,87 min
s7269,TV Show,Last,May-22-2017,2015,TV-14,May,1 Season
s7270,Movie,Last Ferry,Mar-11-2020,2019,TV-MA,Mar,86 min
s7271,Movie,Last Knights,Aug-1-2019,2015,R,Aug,115 min
s7272,Movie,Last Night,Jan-1-2019,2010,R,Jan,93 min
s7273,Movie,Le K Benzema,May-1-2018,2017,TV-14,May,121 min
s7274,Movie,Le serment des Hitler,May-1-2019,2014,TV-PG,May,54 min
s7275,Movie,Leap Year,Nov-15-2019,2010,PG,Nov,100 min
s7276,Movie,LeapFrog: Letter Factory,Apr-15-2020,2003,TV-Y,Apr,37 min
s7277,Movie,LeapFrog: Numberland,Apr-15-2020,2011,TV-Y,Apr,33 min
s7278,Movie,LeapFrog: Phonics Farm,Apr-15-2020,2011,TV-Y,Apr,35 min
s7279,Movie,"LeapFrog: Sing-along, Read-along",Apr-15-2020,2011,TV-Y,Apr,32 min
s7280,TV Show,Learning Time with Timmy,May-15-2020,2018,TV-Y,May,1 Season
s7281,Movie,Lechmi,Aug-1-2018,2017,TV-MA,Aug,147 min
s7282,Movie,Left Behind,Dec-26-2018,2014,PG-13,Dec,110 min
s7283,Movie,Legend of the Guardians: The Owls of Ga'Hoole,Jan-1-2020,2010,PG,Jan,97 min
s7284,Movie,Legend of the Naga Pearls,Mar-30-2018,2017,TV-MA,Mar,108 min
s7285,Movie,Legendary Weapons of China,Aug-16-2018,1982,TV-14,Aug,101 min
s7286,TV Show,Legends of Strength,Jan-18-2019,2017,TV-PG,Jan,1 Season
s7287,Movie,Legion,Nov-1-2019,2010,R,Nov,100 min
s7288,TV Show,Lego Friends," February 1, 2019",2017,TV-G,Feb,3 Seasons
s7289,TV Show,Lego Friends: Girls on a Mission,Feb-1-2019,2018,TV-Y,Feb,1 Season
s7290,Movie,LEGO House - Home of the Brick,Jun-15-2018,2018,TV-G,Jun,48 min
s7291,Movie,LEGO Ninjago: Masters of Spinjitzu: Day of the Departed,Feb-1-2019,2016,TV-Y7-FV,Feb,44 min
s7292,TV Show,Leo & Tig,Aug-20-2018,2017,TV-Y,Aug,1 Season
s7293,Movie,Leo the Lion,Dec-20-2015,2013,TV-Y7-FV,Dec,78 min
s7294,Movie,"Les Bleus - Une autre histoire de France, 1996-2016",Mar-15-2017,2016,TV-MA,Mar,103 min
s7295,Movie,Let There Be Light,Mar-31-2017,1946,TV-PG,Mar,58 min
s7296,TV Show,Leyla and Mecnun,Apr-15-2017,2014,TV-MA,Apr,3 Seasons
s7297,Movie,Lez Bomb,Feb-7-2019,2018,TV-14,Feb,90 min
s7298,TV Show,License to Drill: Louisiana,Oct-2-2019,2014,TV-PG,Oct,1 Season
s7299,Movie,Life After Beth,Jul-21-2018,2014,R,Jul,89 min
s7300,Movie,Life in the Doghouse,Jun-1-2019,2018,TV-PG,Jun,83 min
s7301,TV Show,Life on Location,Apr-22-2015,2009,TV-G,Apr,1 Season
s7302,TV Show,Life Story,Jun-20-2016,2014,TV-14,Jun,1 Season
s7303,Movie,Lifechanger,May-28-2019,2018,TV-MA,May,84 min
s7304,Movie,Lifeline,Aug-16-2018,1997,TV-14,Aug,104 min
s7305,Movie,Like Arrows,May-6-2019,2018,TV-PG,May,99 min
s7306,Movie,Like Water for Chocolate,Nov-1-2019,1992,R,Nov,105 min
s7307,Movie,Lila & Eve,Feb-6-2016,2015,R,Feb,94 min
s7308,TV Show,Limmy's Show!," October 1, 2019",2012,TV-MA,Oct,2 Seasons
s7309,Movie,Lincoln,Feb-21-2018,2012,PG-13,Feb,150 min
s7310,Movie,Lion's Heart,May-9-2019,2013,TV-14,May,111 min
s7311,Movie,Listen Up! The Lives of Quincy Jones,Nov-1-2019,1990,TV-14,Nov,116 min
s7312,Movie,Little Dragon Maiden,Aug-1-2018,1983,TV-14,Aug,92 min
s7313,TV Show,Little Lunch,Feb-1-2018,2015,,Feb,1 Season
s7314,Movie,Little Lunch: The Halloween Horror Story,Mar-15-2018,2016,TV-Y7,Mar,23 min
s7315,Movie,Little Lunch: The Nightmare Before Graduation,Mar-15-2018,2016,TV-Y7,Mar,25 min
s7316,Movie,Little Men,Jan-12-2017,2016,PG,Jan,85 min
s7317,Movie,Little Nicky,Dec-1-2020,2000,PG-13,Dec,90 min
s7318,Movie,Little Singham aur Kaal ka Mahajaal,Dec-1-2018,2018,TV-Y7-FV,Dec,68 min
s7319,Movie,Little Singham Bandarpur Mein Hu Ha Hu,Jul-11-2019,2019,TV-Y7,Jul,67 min
s7320,Movie,Little Singham in London,Apr-22-2019,2019,TV-Y7,Apr,66 min
s7321,Movie,Little Sister,Jan-14-2017,2016,NR,Jan,91 min
s7322,TV Show,Liv and Maddie,Apr-23-2017,2017,TV-G,Apr,4 Seasons
s7323,Movie,Lizzie Borden Took an Ax,Jul-25-2016,2014,TV-14,Jul,87 min
s7324,Movie,Lo and Behold: Reveries of the Connected World,Dec-23-2016,2016,PG-13,Dec,98 min
s7325,TV Show,Lo que la verdad esconde: El caso Asunta (Operacion Nenúfar),Feb-1-2019,2017,TV-14,Feb,1 Season
s7326,TV Show,Lo que la vida me robó,Dec-31-2017,2013,TV-14,Dec,1 Season
s7327,Movie,"Lock, Stock and Two Smoking Barrels",Jan-1-2019,1998,R,Jan,108 min
s7328,Movie,Locke,Jul-15-2018,2013,R,Jul,85 min
s7329,Movie,Lockout,May-7-2020,2012,PG-13,May,95 min
s7330,Movie,Loco Love,Jul-30-2017,2017,TV-MA,Jul,103 min
s7331,Movie,Logan's Run,Nov-1-2019,1976,PG,Nov,118 min
s7332,TV Show,LoliRock," May 1, 2018",2016,TV-Y,May,2 Seasons
s7333,Movie,Lolita,Nov-1-2019,1962,R,Nov,153 min
s7334,TV Show,London Spy,Mar-31-2017,2015,TV-MA,Mar,1 Season
s7335,Movie,Long Time Running,Nov-12-2017,2017,TV-14,Nov,96 min
s7336,Movie,"Look Out, Officer",Aug-16-2018,1990,TV-14,Aug,88 min
s7337,Movie,Look Who's Back,Apr-9-2016,2015,NR,Apr,116 min
s7338,Movie,Lorai: Play to Live,Sep-1-2017,2015,TV-14,Sep,155 min
s7339,TV Show,Los 10 años de Peter Capusotto,Jun-29-2018,2015,TV-MA,Jun,1 Season
s7340,Movie,Los Niños Héroes de Chapultepec,Dec-15-2017,2017,TV-14,Dec,88 min
s7341,TV Show,Los tiempos de Pablo Escobar,Aug-1-2018,2012,TV-14,Aug,1 Season
s7342,Movie,Losing Sight of Shore,May-1-2017,2017,TV-14,May,92 min
s7343,TV Show,Lost Girl," April 17, 2016",2015,TV-14,Apr,5 Seasons
s7344,TV Show,Love Cuisine,Aug-1-2016,2015,TV-MA,Aug,1 Season
s7345,Movie,Love Dot Com: The Social Experiment,Feb-17-2020,2019,TV-MA,Feb,98 min
s7346,Movie,Love In A Puff,Aug-1-2018,2010,TV-MA,Aug,103 min
s7347,Movie,Love Ni Bhavai,May-1-2018,2017,TV-14,May,163 min
s7348,Movie,Love on Delivery,Aug-16-2018,1994,TV-14,Aug,93 min
s7349,TV Show,Love Rain,May-1-2018,2012,TV-PG,May,1 Season
s7350,TV Show,Love Rhythms - Accidental Daddy,Jun-18-2018,2016,TV-MA,Jun,1 Season
s7351,Movie,Love Shot,Jul-15-2019,2018,TV-MA,Jul,77 min
s7352,Movie,Love Station,Apr-25-2019,2011,TV-14,Apr,97 min
s7353,Movie,Love You... Love You Not,Jan-5-2019,2015,TV-14,Jan,115 min
s7354,TV Show,Love Your Garden,Jul-26-2019,2013,TV-G,Jul,1 Season
s7355,Movie,"Love, Rosie",Nov-20-2019,2014,R,Nov,103 min
s7356,Movie,LoveTrue,May-7-2017,2016,TV-MA,May,82 min
s7357,Movie,Loving Annabelle,Jul-1-2018,2006,TV-MA,Jul,77 min
s7358,Movie,Loving You,Aug-16-2018,1995,TV-14,Aug,79 min
s7359,Movie,Lucha: Playing the Impossible,Jul-15-2018,2016,TV-PG,Jul,98 min
s7360,TV Show,Lucky Days,Sep-1-2016,2010,TV-PG,Sep,1 Season
s7361,Movie,Lucky: No Time for Love,Nov-15-2017,2005,TV-14,Nov,131 min
s7362,Movie,Lupt,Apr-5-2019,2018,TV-14,Apr,110 min
s7363,Movie,Lusers,Jul-15-2016,2015,TV-MA,Jul,100 min
s7364,Movie,Ma Chu Ka,Jul-1-2018,2017,TV-14,Jul,117 min
s7365,Movie,Maacher Jhol,Jan-1-2018,2017,TV-PG,Jan,107 min
s7366,Movie,Mac & Devin Go to High School,Apr-20-2016,2012,R,Apr,76 min
s7367,Movie,Macchli Jal Ki Rani Hai,Oct-15-2017,2014,TV-MA,Oct,118 min
s7368,Movie,Mad Max,Aug-1-2020,1979,R,Aug,93 min
s7369,TV Show,Mad Men," March 22, 2015",2014,TV-14,Mar,7 Seasons
s7370,Movie,Mad Money,Nov-1-2019,2008,PG-13,Nov,99 min
s7371,Movie,Mad Ron's Prevues from Hell,Nov-1-2010,1987,NR,Nov,84 min
s7372,Movie,Mad World,Sep-20-2018,2016,TV-MA,Sep,102 min
s7373,Movie,Madaari,Feb-17-2017,2016,TV-14,Feb,134 min
s7374,Movie,Maddman: The Steve Madden Story,Jan-1-2018,2017,TV-MA,Jan,78 min
s7375,Movie,Madre,Aug-26-2017,2016,TV-MA,Aug,95 min
s7376,TV Show,Maggie & Bianca: Fashion Friends,Mar-31-2019,2017,TV-Y7,Mar,1 Season
s7377,TV Show,Magi: Adventure of Sinbad,Jul-14-2016,2016,TV-14,Jul,1 Season
s7378,Movie,Magic Snowflake,Dec-20-2015,2013,TV-Y,Dec,73 min
s7379,Movie,Magnetic,Jun-12-2020,2018,TV-14,Jun,110 min
s7380,Movie,Magnus,Feb-22-2017,2016,TV-PG,Feb,75 min
s7381,Movie,Mahabharat,Aug-1-2018,2013,TV-14,Aug,119 min
s7382,TV Show,Maharakshak Devi,Apr-15-2017,2015,TV-14,Apr,1 Season
s7383,TV Show,Maharakshak: Aryan,Apr-1-2017,2014,TV-14,Apr,1 Season
s7384,TV Show,Mahi Way,Mar-1-2018,2010,TV-14,Mar,1 Season
s7385,Movie,Mahjong Heroes,Aug-16-2018,1981,TV-PG,Aug,92 min
s7386,TV Show,Mahmut & Meryem,Dec-26-2016,2013,TV-14,Dec,1 Season
s7387,Movie,Maine Pyaar Kyun Kiya,Dec-31-2019,2005,TV-14,Dec,137 min
s7388,Movie,Maine Pyar Kiya,Jan-1-2018,1989,TV-PG,Jan,192 min
s7389,Movie,Mala Kahich Problem Nahi,Nov-15-2018,2017,TV-PG,Nov,132 min
s7390,Movie,Malicious,Feb-1-2019,2018,TV-MA,Feb,91 min
s7391,Movie,Man of Tai Chi,Jul-26-2018,2013,R,Jul,105 min
s7392,Movie,Man Up,Sep-4-2018,2015,R,Sep,88 min
s7393,TV Show,Man vs Wild with Sunny Leone,Dec-1-2018,2018,TV-PG,Dec,1 Season
s7394,Movie,Mandi,Jan-1-2020,1983,TV-MA,Jan,155 min
s7395,Movie,Mandobasar Galpo,Apr-1-2018,2017,TV-14,Apr,103 min
s7396,Movie,Manglehorn,Apr-16-2017,2014,PG-13,Apr,97 min
s7397,Movie,Mango Dreams,Mar-15-2018,2016,TV-14,Mar,92 min
s7398,Movie,Manhattan Romance,Sep-8-2017,2014,TV-14,Sep,98 min
s7399,Movie,Manolo: The Boy Who Made Shoes for Lizards,Jan-15-2018,2017,TV-MA,Jan,89 min
s7400,Movie,Mansfield Park,Jan-1-2020,1999,PG-13,Jan,112 min
s7401,Movie,Mantostaan,Dec-15-2017,2017,TV-MA,Dec,75 min
s7402,Movie,Mantra,Dec-15-2017,2017,TV-14,Dec,89 min
s7403,Movie,Mara,Jan-5-2019,2017,TV-MA,Jan,99 min
s7404,Movie,Marauders,Dec-1-2020,2016,R,Dec,107 min
s7405,TV Show,Marching Orders,Aug-3-2018,2018,TV-14,Aug,1 Season
s7406,Movie,Mark Gatiss: A Study in Sherlock,May-1-2016,2016,TV-14,May,29 min
s7407,TV Show,Maron,,2016,TV-MA,Jan,4 Seasons
s7408,Movie,Maroon,Feb-1-2017,2016,TV-MA,Feb,94 min
s7409,TV Show,Married at First Sight,Apr-13-2020,2019,TV-14,Apr,1 Season
s7410,TV Show,Mars," November 1, 2019",2018,TV-PG,Nov,2 Seasons
s7411,Movie,Martial Arts of Shaolin,Aug-16-2018,1986,R,Aug,90 min
s7412,Movie,Martin Lawrence Live: Runteldat,Dec-1-2019,2002,R,Dec,104 min
s7413,Movie,Martin Luther: The Idea that Changed the World,Jan-1-2018,2017,TV-PG,Jan,55 min
s7414,Movie,Martyrs of Marriage,Mar-15-2018,2016,TV-14,Mar,83 min
s7415,Movie,Marvel & ESPN Films Present: 1 of 1: Genesis,Mar-15-2015,2014,TV-PG,Mar,77 min
s7416,Movie,Marvel's Iron Man & Hulk: Heroes United,Feb-16-2014,2013,PG,Feb,72 min
s7417,Movie,Mary and the Witch's Flower,Jul-17-2018,2017,PG,Jul,103 min
s7418,Movie,Mary Poppins Returns,Jul-9-2019,2018,PG,Jul,131 min
s7419,TV Show,Mary Portas: Secret Shopper,Jul-26-2019,2016,TV-14,Jul,1 Season
s7420,Movie,Masoom,Dec-31-2019,1983,TV-14,Dec,138 min
s7421,Movie,Master,Feb-1-2018,2016,NR,Feb,143 min
s7422,Movie,Mater,Aug-1-2018,2017,TV-MA,Aug,80 min
s7423,Movie,Matichya Chuli,Feb-15-2018,2006,TV-14,Feb,132 min
s7424,Movie,Max Rose,Jan-15-2017,2013,TV-14,Jan,84 min
s7425,Movie,May We Chat,Aug-26-2018,2014,TV-MA,Aug,99 min
s7426,Movie,May You Prosper,Jul-20-2019,2017,TV-14,Jul,93 min
s7427,Movie,Maya Angelou: And Still I Rise,May-1-2017,2016,TV-PG,May,114 min
s7428,Movie,Maynard,Sep-2-2018,2017,TV-PG,Sep,100 min
s7429,Movie,Maza Pati Karodpati,Jan-1-2018,1988,TV-PG,Jan,132 min
s7430,Movie,Me and the Alien,Feb-14-2017,2016,TV-MA,Feb,83 min
s7431,Movie,Mean Dreams,Jul-1-2019,2016,R,Jul,105 min
s7432,Movie,Mean Streets,Jul-1-2019,1973,R,Jul,112 min
s7433,Movie,Meditation Park,Mar-9-2018,2017,TV-PG,Mar,94 min
s7434,Movie,Medium,Oct-1-2019,1985,TV-MA,Oct,90 min
s7435,Movie,Meet the Trumps: From Immigrant to President,Oct-25-2017,2017,TV-14,Oct,48 min
s7436,TV Show,Mega Food,Jul-12-2019,2013,TV-G,Jul,1 Season
s7437,TV Show,MegaTruckers,Jul-12-2019,2012,TV-PG,Jul,1 Season
s7438,Movie,Melle,Aug-1-2018,2017,TV-PG,Aug,110 min
s7439,TV Show,Melodies of Life - Born This Way,Jun-21-2019,2016,TV-14,Jun,1 Season
s7440,Movie,Melvin Goes to Dinner,Jul-1-2018,2003,R,Jul,84 min
s7441,Movie,Memoir of a Murderer,Feb-19-2018,2017,TV-MA,Feb,118 min
s7442,Movie,Memory Games,Jun-19-2019,2018,TV-14,Jun,86 min
s7443,Movie,Men in Black,Oct-19-2019,1997,PG-13,Oct,98 min
s7444,Movie,Men in Black II,Oct-1-2019,2002,PG-13,Oct,88 min
s7445,Movie,Menorca,Aug-27-2017,2016,TV-MA,Aug,81 min
s7446,Movie,Merantau,Feb-13-2019,2009,R,Feb,112 min
s7447,TV Show,Mere Papa Hero Hiralal,May-1-2018,2018,TV-14,May,1 Season
s7448,TV Show,Merlí,Dec-1-2016,2015,TV-MA,Dec,1 Season
s7449,Movie,Merry Men: The Real Yoruba Demons,Sep-21-2019,2018,TV-MA,Sep,106 min
s7450,TV Show,Mexico Diseña,Feb-1-2017,2016,TV-PG,Feb,1 Season
s7451,Movie,Mi Shivajiraje Bhosale Boltoy,Jan-1-2018,2009,TV-14,Jan,148 min
s7452,Movie,MI-5,Aug-1-2019,2015,R,Aug,105 min
s7453,Movie,Middle School: The Worst Years of My Life,Mar-3-2019,2016,PG,Mar,92 min
s7454,TV Show,Midnight Misadventures With Mallika Dua,Apr-1-2019,2018,TV-14,Apr,1 Season
s7455,Movie,Midnight Special,Sep-7-2020,2016,PG-13,Sep,112 min
s7456,TV Show,Mighty Morphin Alien Rangers,Jan-1-2016,1996,TV-Y7,Jan,1 Season
s7457,Movie,Milk,Feb-16-2017,2008,R,Feb,128 min
s7458,TV Show,Mini Wolf," September 16, 2018",2014,TV-G,Sep,2 Seasons
s7459,Movie,Minnaminugu the FireFly,Aug-1-2018,2017,TV-14,Aug,128 min
s7460,TV Show,Minute to Win It,Dec-15-2018,2013,TV-PG,Dec,1 Season
s7461,Movie,Miracle,Jun-1-2018,2004,PG,Jun,136 min
s7462,Movie,Mirror Mirror,Apr-24-2020,2012,PG,Apr,106 min
s7463,Movie,Mirzya,Feb-20-2017,2016,TV-MA,Feb,129 min
s7464,TV Show,Miss Dynamite,May-5-2018,2015,TV-14,May,1 Season
s7465,Movie,Miss Hokusai,Oct-1-2017,2015,PG-13,Oct,90 min
s7466,Movie,Miss Julie,Sep-2-2015,2014,PG-13,Sep,130 min
s7467,Movie,Miss Me This Christmas,Dec-19-2017,2017,TV-14,Dec,85 min
s7468,Movie,Miss Representation,Oct-20-2017,2011,NR,Oct,90 min
s7469,TV Show,Miss Rose,Aug-1-2016,2015,TV-MA,Aug,1 Season
s7470,Movie,Miss Sharon Jones!,Jan-7-2017,2015,TV-MA,Jan,94 min
s7471,Movie,Miss Stevens,Dec-19-2016,2016,NR,Dec,86 min
s7472,Movie,Mission Control: The Unsung Heroes of Apollo,Aug-13-2017,2017,TV-14,Aug,100 min
s7473,Movie,Mission of Honor,Jul-29-2019,2018,TV-MA,Jul,107 min
s7474,Movie,Mission: Destroy Love,Aug-7-2017,2014,TV-PG,Aug,93 min
s7475,Movie,Mississippi Grind,Jul-26-2018,2015,R,Jul,109 min
s7476,Movie,Moh Maya Money,May-1-2017,2016,TV-MA,May,109 min
s7477,Movie,Mohawk,Jun-30-2018,2017,TV-MA,Jun,92 min
s7478,Movie,Mojave,Jul-26-2018,2015,R,Jul,93 min
s7479,Movie,Mokalik (Mechanic),Sep-1-2019,2019,TV-14,Sep,100 min
s7480,Movie,Molly's Game,Apr-1-2020,2017,R,Apr,141 min
s7481,TV Show,Momo Salon,Jul-1-2017,2014,TV-14,Jul,1 Season
s7482,Movie,Mona Lisa Smile,Jan-1-2019,2003,PG-13,Jan,119 min
s7483,Movie,Money,Oct-15-2017,2016,R,Oct,84 min
s7484,TV Show,Money for Nothing,Jul-12-2019,2015,TV-PG,Jul,1 Season
s7485,Movie,Money Talks,Nov-1-2019,1997,R,Nov,96 min
s7486,TV Show,Monkey Planet,Mar-31-2017,2014,TV-PG,Mar,1 Season
s7487,Movie,Monkey Up,Mar-19-2016,2016,PG,Mar,83 min
s7488,Movie,Monopoly (The Bank Of Luck),Jun-15-2019,2017,TV-MA,Jun,117 min
s7489,Movie,Monster Family,Apr-4-2018,2017,PG,Apr,93 min
s7490,Movie,Monster High 13 Wishes,Mar-1-2018,2013,TV-Y7,Mar,73 min
s7491,Movie,"Monster High: Boo York, Boo York",Sep-29-2015,2015,TV-Y7,Sep,72 min
s7492,Movie,Monster High: Escape from Skull Shores,Jan-1-2018,2012,TV-Y7,Jan,46 min
s7493,Movie,Monster High: Freaky Fusion,Jan-30-2018,2014,TV-Y7,Jan,74 min
s7494,Movie,Monster High: Friday Night Frights,Jan-1-2018,2013,TV-Y7,Jan,46 min
s7495,Movie,Monster High: Fright On!,Jan-1-2018,2011,TV-Y7,Jan,46 min
s7496,Movie,"Monster High: Frights, Camera, Action!",Jan-1-2018,2014,TV-Y7,Jan,74 min
s7497,Movie,Monster High: Ghouls Rule,Mar-1-2018,2012,TV-Y7,Mar,71 min
s7498,Movie,Monster High: Great Scarrier Reef,Oct-1-2017,2016,TV-Y7,Oct,72 min
s7499,Movie,Monster High: Haunted,Mar-24-2018,2015,TV-Y7,Mar,76 min
s7500,Movie,Monster High: New Ghoul at School,Oct-1-2017,2010,TV-Y7,Oct,23 min
s7501,Movie,"Monster High: Scaris, City of Frights",Jul-7-2015,2013,TV-G,Jul,60 min
s7502,Movie,Monster High: Why Do Ghouls Fall in Love?,Jan-1-2018,2013,TV-Y7,Jan,46 min
s7503,TV Show,Monster Math Squad,May-15-2020,2012,TV-Y,May,2 Seasons
s7504,Movie,Monster-in-Law,Jan-1-2020,2005,PG-13,Jan,101 min
s7505,TV Show,Monty Don's French Gardens,Jul-26-2019,2013,TV-G,Jul,1 Season
s7506,TV Show,Monty Don's Italian Gardens,Jul-26-2019,2011,TV-G,Jul,1 Season
s7507,Movie,Moon,Jan-1-2020,2009,R,Jan,97 min
s7508,Movie,Moonlight,May-21-2019,2016,R,May,111 min
s7509,Movie,Moonwalkers,Sep-8-2017,2015,R,Sep,96 min
s7510,Movie,Moor,Nov-1-2017,2015,TV-14,Nov,135 min
s7511,Movie,Morris from America,Nov-1-2018,2016,R,Nov,91 min
s7512,Movie,Mortified Nation,Feb-1-2018,2013,TV-MA,Feb,84 min
s7513,Movie,Morya,Feb-15-2018,2011,TV-14,Feb,121 min
s7514,Movie,Motu Patlu: King of Kings,Jul-6-2017,2016,TV-Y7-FV,Jul,109 min
s7515,Movie,Mountain,Oct-1-2018,2017,PG,Oct,74 min
s7516,Movie,Movie 43,Apr-9-2019,2013,R,Apr,94 min
s7517,Movie,Mr. Church,Dec-22-2018,2016,PG-13,Dec,105 min
s7518,Movie,Mr. Deeds,Aug-1-2020,2002,PG-13,Aug,97 min
s7519,Movie,Mr. Gaga: A True Story of Love and Dance,Jun-15-2017,2015,TV-14,Jun,102 min
s7520,Movie,Mr. Virgin,Aug-16-2018,1984,TV-14,Aug,86 min
s7521,Movie,Mr. Woodcock,Sep-1-2019,2007,PG-13,Sep,88 min
s7522,TV Show,Mr. Young," April 16, 2019",2013,TV-G,Apr,2 Seasons
s7523,Movie,Ms. Mammy,Jun-6-2019,2012,TV-14,Jun,90 min
s7524,Movie,Mud,Jan-1-2021,2012,PG-13,Jan,131 min
s7525,Movie,Mujhse Shaadi Karogi,Dec-31-2019,2004,TV-PG,Dec,158 min
s7526,Movie,Mune: Guardian of the Moon,Jan-26-2018,2014,PG,Jan,85 min
s7527,Movie,Muppets Most Wanted,Sep-1-2020,2014,PG,Sep,110 min
s7528,Movie,Murder Party,Sep-1-2018,2007,NR,Sep,79 min
s7529,TV Show,Murderous Affairs,Apr-17-2018,2017,TV-MA,Apr,3 Seasons
s7530,TV Show,Mutant Busters," June 1, 2017",2017,TV-PG,Jun,2 Seasons
s7531,Movie,Mutiny on the Bounty,Nov-1-2019,1962,TV-PG,Nov,185 min
s7532,Movie,My Babysitter's a Vampire: The Movie,Oct-17-2018,2010,TV-PG,Oct,80 min
s7533,Movie,My Brother ... Nikhil,Oct-30-2018,2005,TV-PG,Oct,116 min
s7534,Movie,My Daddy is in Heaven,Jun-12-2018,2017,TV-14,Jun,95 min
s7535,Movie,My Dog is My Guide,Apr-18-2019,2013,TV-14,Apr,99 min
s7536,Movie,My Entire High School Sinking Into the Sea,Jan-23-2018,2016,PG-13,Jan,77 min
s7537,Movie,My Ex-Ex,Aug-15-2017,2015,TV-MA,Aug,91 min
s7538,Movie,My Honor Was Loyalty,Mar-1-2017,2015,,Mar,115 min
s7539,TV Show,My Hotter Half,Jul-22-2019,2017,TV-PG,Jul,1 Season
s7540,Movie,My Life as a Zucchini,Oct-1-2017,2016,PG-13,Oct,68 min
s7541,TV Show,My Life My Story,Nov-1-2017,2017,TV-14,Nov,1 Season
s7542,Movie,My Little Pony Equestria Girls: Friendship Games,Dec-1-2015,2015,TV-Y,Dec,72 min
s7543,Movie,My Little Pony Equestria Girls: Rainbow Rocks,Dec-17-2014,2014,TV-Y,Dec,73 min
s7544,Movie,My Only Mother,Mar-4-2019,2013,TV-14,Mar,104 min
s7545,Movie,"My Schoolmate, the Barbarian",Aug-16-2018,2001,TV-14,Aug,90 min
s7546,Movie,My Scientology Movie,Jul-13-2017,2015,TV-MA,Jul,99 min
s7547,Movie,My Sister's Keeper,Sep-1-2019,2009,PG-13,Sep,109 min
s7548,TV Show,My Tattoo Addiction,Feb-1-2019,2013,TV-MA,Feb,1 Season
s7549,Movie,My True Friend,Jul-25-2018,2012,TV-MA,Jul,108 min
s7550,Movie,My Week with Marilyn,May-30-2019,2011,R,May,99 min
s7551,Movie,My Wife and My Wifey,Apr-18-2019,2014,TV-14,Apr,99 min
s7552,TV Show,Mystery Science Theater 3000,Mar-15-2018,1999,TV-14,Mar,1 Season
s7553,Movie,Mythily Veendum Varunnu,Aug-1-2018,2017,TV-PG,Aug,88 min
s7554,Movie,Nacho Libre,Nov-1-2019,2006,PG,Nov,92 min
s7555,Movie,Naga The Eternal Yogi,Feb-5-2017,2016,TV-PG,Feb,73 min
s7556,Movie,Nails,Mar-10-2018,2017,TV-MA,Mar,85 min
s7557,Movie,Naledi: A Baby Elephant's Tale,May-28-2020,2016,TV-PG,May,91 min
s7558,Movie,Namak Halaal,Dec-31-2019,1982,TV-14,Dec,171 min
s7559,Movie,Namour,Mar-15-2017,2016,NR,Mar,80 min
s7560,Movie,Naruto Shippuden : Blood Prison,Sep-1-2017,2011,TV-14,Sep,102 min
s7561,Movie,Natalia Valdebenito: Gritona,Nov-10-2017,2017,TV-MA,Nov,76 min
s7562,Movie,National Bird,May-8-2017,2016,TV-MA,May,92 min
s7563,Movie,National Lampoon's Loaded Weapon 1,Nov-1-2019,1993,PG-13,Nov,82 min
s7564,Movie,National Parks Adventure,Feb-1-2018,2016,TV-G,Feb,42 min
s7565,Movie,National Treasure,Jun-1-2018,2004,PG,Jun,131 min
s7566,Movie,Natsamrat - Asa Nat Hone Nahi,Jun-1-2018,2016,TV-14,Jun,165 min
s7567,Movie,Natural Born Pranksters,Sep-15-2016,2016,R,Sep,91 min
s7568,Movie,Natural Selection,Dec-1-2016,2015,R,Dec,101 min
s7569,TV Show,Nature: Animals With Cameras,Oct-1-2018,2018,TV-PG,Oct,1 Season
s7570,TV Show,NATURE: Natural Born Hustlers,Mar-1-2017,2016,TV-G,Mar,1 Season
s7571,Movie,Nature: Raising the Dinosaur Giant,Mar-1-2017,2016,TV-G,Mar,53 min
s7572,TV Show,Nature's Great Events (2009),Oct-10-2015,2009,TV-PG,Oct,1 Season
s7573,TV Show,Nature's Great Events: Diaries,Apr-22-2015,2009,TV-PG,Apr,1 Season
s7574,TV Show,Nature's Great Race,Oct-1-2017,2016,TV-PG,Oct,1 Season
s7575,TV Show,Nature's Weirdest Events," September 1, 2019",2015,TV-PG,Sep,3 Seasons
s7576,Movie,Nazi Concentration Camps,Mar-31-2017,1945,TV-MA,Mar,59 min
s7577,TV Show,Nazi Mega Weapons," March 1, 2017",2016,TV-PG,Mar,3 Seasons
s7578,Movie,Neruda,Jun-26-2017,2016,R,Jun,108 min
s7579,Movie,Never Heard,Feb-15-2019,2018,TV-PG,Feb,89 min
s7580,Movie,New York Minute,Jan-1-2020,2004,PG,Jan,91 min
s7581,Movie,Newtown,Apr-7-2017,2016,NR,Apr,84 min
s7582,Movie,Next,Jul-1-2019,2007,PG-13,Jul,96 min
s7583,Movie,Nibunan,May-1-2018,2017,TV-14,May,124 min
s7584,Movie,Night Comes On,Aug-27-2020,2018,TV-MA,Aug,87 min
s7585,Movie,Night Moves,Jun-30-2019,2013,R,Jun,113 min
s7586,Movie,Nightcrawler,Aug-10-2020,2014,R,Aug,118 min
s7587,TV Show,"Nightmare Tenants, Slum Landlords"," July 12, 2019",2016,TV-MA,Jul,2 Seasons
s7588,Movie,Nights in Rodanthe,Jul-1-2019,2008,PG-13,Jul,97 min
s7589,TV Show,Ninja Hattori,Dec-23-2018,1981,TV-Y7,Dec,1 Season
s7590,TV Show,Ninja Turtles: The Next Mutation,Jan-1-2016,1997,TV-G,Jan,1 Season
s7591,Movie,No Entry,Mar-1-2018,2005,TV-PG,Mar,161 min
s7592,Movie,No Estoy Loca,May-4-2018,2018,TV-MA,May,116 min
s7593,Movie,No Reservations,Oct-1-2019,2007,PG,Oct,104 min
s7594,TV Show,Nobel,Dec-10-2016,2016,R,Dec,1 Season
s7595,Movie,Norm of the North: Family Vacation,May-25-2020,2020,TV-Y7,May,89 min
s7596,Movie,Norm of the North: Keys to the Kingdom,Aug-21-2020,2019,TV-PG,Aug,92 min
s7597,Movie,Norm of the North: King Sized Adventure,Sep-9-2019,2019,TV-PG,Sep,90 min
s7598,TV Show,North & South,Mar-31-2017,2004,NR,Mar,1 Season
s7599,Movie,Not Alone,Jan-1-2018,2017,TV-14,Jan,50 min
s7600,Movie,NOVA: Bird Brain,Jul-1-2019,2017,TV-G,Jul,53 min
s7601,Movie,NOVA: Black Hole Apocalypse,Jul-1-2019,2018,TV-G,Jul,113 min
s7602,Movie,NOVA: Building Chernobyl's MegaTomb,Jul-1-2019,2017,TV-PG,Jul,53 min
s7603,Movie,NOVA: Chinese Chariot Revealed,Jul-1-2019,2017,TV-PG,Jul,54 min
s7604,Movie,NOVA: Day the Dinosaurs Died,Jul-1-2019,2017,TV-PG,Jul,53 min
s7605,Movie,NOVA: Death Dive to Saturn,Jul-1-2019,2017,TV-G,Jul,54 min
s7606,Movie,NOVA: Decoding the Weather Machine,Jul-1-2019,2018,TV-14,Jul,113 min
s7607,Movie,NOVA: Eclipse Over America,Jul-1-2019,2017,TV-G,Jul,53 min
s7608,Movie,NOVA: Extreme Animal Weapons,Jul-1-2019,2017,TV-PG,Jul,53 min
s7609,Movie,NOVA: First Face of America,Jul-1-2019,2018,TV-PG,Jul,53 min
s7610,Movie,NOVA: Holocaust Escape Tunnel,Jul-1-2019,2017,TV-14,Jul,54 min
s7611,Movie,NOVA: Killer Floods,Jul-1-2019,2017,TV-PG,Jul,54 min
s7612,Movie,NOVA: Killer Hurricanes,Jul-1-2019,2017,TV-PG,Jul,52 min
s7613,Movie,NOVA: Killer Volcanoes,Jul-1-2019,2017,TV-PG,Jul,54 min
s7614,Movie,NOVA: Poisoned Water,Jul-1-2019,2017,TV-PG,Jul,54 min
s7615,Movie,NOVA: Prediction by the Numbers,Jul-1-2019,2018,TV-G,Jul,53 min
s7616,Movie,NOVA: Secrets of the Shining Knight,Jul-1-2019,2017,TV-PG,Jul,53 min
s7617,Movie,NOVA: Thai Cave Rescue,Jul-1-2019,2018,TV-PG,Jul,53 min
s7618,Movie,NOVA: The Impossible Flight,Jul-1-2019,2018,TV-PG,Jul,113 min
s7619,Movie,Nova: Ultimate Mars Challenge,Jul-1-2019,2012,TV-G,Jul,53 min
s7620,Movie,November Criminals,Jul-3-2020,2017,PG-13,Jul,86 min
s7621,Movie,Now and Then,Aug-2-2019,1995,PG-13,Aug,102 min
s7622,Movie,Now More Than Ever: The History of Chicago,Jan-1-2018,2016,TV-MA,Jan,114 min
s7623,Movie,Nowhere Boy,Apr-14-2018,2009,R,Apr,99 min
s7624,TV Show,NSU German History X,Jul-7-2016,2016,TV-MA,Jul,1 Season
s7625,TV Show,Nuestra Lucha Libre,Aug-15-2018,2018,TV-MA,Aug,1 Season
s7626,Movie,Numbered,Dec-31-2017,2012,TV-PG,Dec,55 min
s7627,Movie,Numero Zero. The Roots of Italian Rap,Apr-15-2018,2015,TV-MA,Apr,91 min
s7628,TV Show,Nura: Rise of the Yokai Clan: Demon Capital,Dec-1-2016,2011,TV-MA,Dec,1 Season
s7629,TV Show,Nurse Jackie," December 31, 2015",2015,TV-MA,Dec,7 Seasons
s7630,TV Show,Nurses Who Kill,Aug-1-2017,2016,TV-14,Aug,1 Season
s7631,Movie,Nymphomaniac: Volume 1,Jan-1-2018,2013,NR,Jan,117 min
s7632,Movie,Nymphomaniac: Volume II,Aug-25-2018,2013,TV-MA,Aug,124 min
s7633,TV Show,"O-Negative, Love Can’t Be Designed",Apr-13-2018,2016,TV-MA,Apr,1 Season
s7634,Movie,Oasis: Supersonic,Dec-28-2018,2016,R,Dec,122 min
s7635,Movie,Obvious Child,Jul-19-2018,2014,R,Jul,84 min
s7636,Movie,Océans,Sep-19-2019,2009,G,Sep,84 min
s7637,Movie,Occupation,Jan-3-2019,2018,R,Jan,120 min
s7638,Movie,Ocean's Eleven,Nov-1-2019,1960,TV-PG,Nov,127 min
s7639,Movie,Ocean's Thirteen,Oct-1-2019,2007,PG-13,Oct,122 min
s7640,Movie,Ocean's Twelve,Oct-1-2019,2004,PG-13,Oct,125 min
s7641,TV Show,OCTB,Feb-5-2018,2017,TV-14,Feb,1 Season
s7642,Movie,Off Course,Sep-1-2016,2015,TV-MA,Sep,107 min
s7643,Movie,Officer Downe,Mar-30-2017,2016,R,Mar,91 min
s7644,Movie,Oh My Ghost 2,Jul-25-2018,2011,TV-MA,Jul,103 min
s7645,Movie,Oh My Ghost 3,Aug-16-2018,2012,TV-MA,Aug,103 min
s7646,Movie,Oh My Ghost 4,Jul-25-2018,2015,TV-MA,Jul,106 min
s7647,TV Show,Oh No! It's an Alien Invasion," May 31, 2015",2014,TV-Y7-FV,May,2 Seasons
s7648,Movie,Oklahoma City,Apr-19-2017,2017,TV-14,Apr,102 min
s7649,TV Show,Oliver Stone's Untold History of the United States,Nov-15-2016,2013,TV-PG,Nov,1 Season
s7650,TV Show,Ollie & Moon,Mar-28-2018,2018,TV-Y,Mar,1 Season
s7651,Movie,Omar and Salma 3,Apr-25-2019,2012,TV-MA,Apr,97 min
s7652,Movie,On the Wrong Track,Aug-2-2018,1983,TV-14,Aug,89 min
s7653,Movie,On Yoga The Architecture of Peace,Jan-10-2018,2017,TV-14,Jan,92 min
s7654,Movie,Onaatah,May-1-2018,2016,TV-14,May,107 min
s7655,Movie,Once In A Lifetime Sessions with Moby,Aug-1-2018,2018,TV-14,Aug,86 min
s7656,Movie,Once In A Lifetime Sessions with Nile Rodgers,Aug-1-2018,2018,TV-PG,Aug,70 min
s7657,Movie,Once In A Lifetime Sessions with Noel Gallagher,Aug-1-2018,2018,TV-MA,Aug,66 min
s7658,Movie,Once In A Lifetime Sessions with TLC,Aug-1-2018,2018,TV-PG,Aug,72 min
s7659,Movie,Once Upon a Time in London,Apr-15-2020,2019,TV-MA,Apr,111 min
s7660,Movie,Once Upon a Time in the West,Nov-20-2019,1968,PG-13,Nov,166 min
s7661,Movie,One Day,Sep-5-2018,2016,TV-PG,Sep,135 min
s7662,Movie,One Direction: This Is Us,Oct-1-2019,2013,PG,Oct,92 min
s7663,Movie,One Heart: The A.R. Rahman Concert Film,Nov-1-2017,2017,TV-G,Nov,87 min
s7664,Movie,One Last Thing,Aug-25-2019,2018,TV-MA,Aug,92 min
s7665,Movie,One More Shot,Jan-15-2018,2017,TV-MA,Jan,89 min
s7666,Movie,One Night Stand,Oct-15-2017,2016,TV-MA,Oct,93 min
s7667,TV Show,One Strange Rock,Feb-2-2019,2018,TV-PG,Feb,1 Season
s7668,Movie,Only God Forgives,May-15-2018,2013,R,May,90 min
s7669,Movie,Only the Dead,Nov-15-2018,2015,TV-MA,Nov,76 min
s7670,Movie,Open Season,Sep-1-2019,2006,PG,Sep,86 min
s7671,Movie,Operation Chromite,Jan-15-2018,2016,NR,Jan,111 min
s7672,TV Show,Operation Gold Rush,Feb-1-2019,2016,TV-14,Feb,1 Season
s7673,Movie,Operation Mekong,Aug-5-2017,2016,TV-MA,Aug,124 min
s7674,Movie,Operation Odessa,Apr-1-2020,2018,TV-MA,Apr,93 min
s7675,TV Show,Operation Ouch!,Aug-1-2020,2012,TV-PG,Aug,1 Season
s7676,TV Show,Operation Proposal,Jul-1-2016,2012,TV-PG,Jul,1 Season
s7677,Movie,Operation Red Sea,Nov-27-2018,2018,TV-MA,Nov,139 min
s7678,Movie,Operator,Feb-16-2017,2016,TV-MA,Feb,91 min
s7679,Movie,Opium and the Kung Fu Master,Aug-16-2018,1984,TV-MA,Aug,86 min
s7680,TV Show,Origins Collection," July 20, 2018",2018,TV-PG,Jul,3 Seasons
s7681,Movie,Oru Vishsheshapetta Biryani Kissa,Aug-1-2018,2017,TV-14,Aug,122 min
s7682,Movie,OtherLife,Oct-15-2017,2017,TV-MA,Oct,96 min
s7683,Movie,Ottaal,Mar-15-2017,2014,TV-PG,Mar,88 min
s7684,Movie,Our Godfather,Sep-10-2019,2019,TV-MA,Sep,93 min
s7685,Movie,Our House,Jun-1-2020,2018,PG-13,Jun,90 min
s7686,Movie,Our Shining Days,Jul-1-2018,2017,TV-PG,Jul,103 min
s7687,Movie,Outlawed,Feb-15-2019,2018,TV-MA,Feb,102 min
s7688,Movie,P,May-31-2019,2006,TV-MA,May,105 min
s7689,Movie,P Se PM Tak,Aug-1-2018,2015,TV-14,Aug,117 min
s7690,TV Show,P. King Duckling,Nov-7-2017,2016,TV-Y,Nov,1 Season
s7691,Movie,P.S. I Love You,Apr-1-2019,2007,PG-13,Apr,126 min
s7692,Movie,Paathi,Jul-1-2018,2017,TV-14,Jul,89 min
s7693,Movie,Pablo Escobar: Angel or Demon?,Mar-23-2018,2007,NR,Mar,82 min
s7694,TV Show,Pacific Heat,Dec-2-2016,2016,TV-14,Dec,1 Season
s7695,Movie,Pahuyut Fighting Beat,Jul-26-2018,2007,TV-MA,Jul,82 min
s7696,Movie,Paid in Full,Nov-1-2019,2002,R,Nov,98 min
s7697,Movie,Paint It Black,Feb-1-2018,2016,R,Feb,96 min
s7698,Movie,Painted Faces,Aug-16-2018,1988,TV-PG,Aug,108 min
s7699,TV Show,Pajanimals,Mar-31-2020,2011,TV-Y,Mar,1 Season
s7700,Movie,Palio,Jun-30-2016,2015,TV-14,Jun,91 min
s7701,Movie,Palm Trees in the Snow,May-1-2016,2015,TV-MA,May,163 min
s7702,Movie,Panic Room,Aug-1-2019,2002,R,Aug,112 min
s7703,Movie,Papa the Great,Dec-8-2017,2000,TV-PG,Dec,137 min
s7704,Movie,Paper Year,Apr-20-2019,2018,TV-MA,Apr,89 min
s7705,Movie,Paranormal Activity,Jan-1-2020,2007,R,Jan,86 min
s7706,TV Show,Paranormal Survivor," August 4, 2017",2016,TV-14,Aug,2 Seasons
s7707,Movie,Pardes,Mar-1-2018,1997,TV-14,Mar,187 min
s7708,Movie,Pareeth Pandaari,Jul-1-2018,2017,TV-PG,Jul,109 min
s7709,Movie,Paris Is Burning,Feb-1-2017,1990,R,Feb,77 min
s7710,TV Show,Parks and Recreation," January 13, 2016",2015,TV-14,Jan,7 Seasons
s7711,TV Show,Pasión de Gavilanes,May-4-2017,2003,TV-14,May,1 Season
s7712,Movie,Passenger 57,Jan-1-2021,1992,R,Jan,84 min
s7713,Movie,Patiala House,Oct-22-2017,2011,TV-PG,Oct,140 min
s7714,Movie,Patient Seventeen,Jan-29-2018,2017,TV-14,Jan,68 min
s7715,Movie,Patriot Games,Jan-1-2020,1992,R,Jan,117 min
s7716,Movie,Patron Mutlu Son Istiyor,Mar-10-2017,2014,TV-MA,Mar,105 min
s7717,Movie,Paul Blart: Mall Cop,Nov-1-2020,2009,PG,Nov,91 min
s7718,Movie,Paulettante Veedu,Jul-1-2018,2016,TV-14,Jul,104 min
s7719,TV Show,Pawn Stars,Sep-15-2019,2010,TV-14,Sep,1 Season
s7720,Movie,Paying Guests,Jul-1-2018,2009,TV-14,Jul,114 min
s7721,Movie,Pee Mak,Sep-1-2018,2013,TV-MA,Sep,112 min
s7722,TV Show,Pee-wee's Playhouse," December 18, 2014",1990,TV-PG,Dec,5 Seasons
s7723,Movie,Pee-wee's Playhouse: Christmas Special,Dec-18-2014,1988,TV-PG,Dec,48 min
s7724,Movie,Pekak,Aug-25-2017,2016,TV-MA,Aug,95 min
s7725,Movie,Penelope,Apr-1-2019,2006,PG,Apr,89 min
s7726,TV Show,Penny Dreadful,Sep-17-2016,2016,TV-MA,Sep,3 Seasons
s7727,Movie,People You May Know,Feb-28-2017,2016,TV-MA,Feb,108 min
s7728,Movie,Perfect Bid: The Contestant Who Knew Too Much,Apr-30-2019,2017,TV-MA,Apr,72 min
s7729,Movie,Perfect Stranger,Jan-1-2019,2007,R,Jan,109 min
s7730,TV Show,Person of Interest," September 22, 2016",2016,TV-14,Sep,5 Seasons
s7731,Movie,Personal Shopper,Feb-1-2019,2016,R,Feb,105 min
s7732,Movie,Peter and the Farm,Mar-9-2017,2016,TV-MA,Mar,92 min
s7733,Movie,Peter Rabbit,Aug-18-2018,2018,PG,Aug,95 min
s7734,Movie,Phamous,Dec-31-2019,2018,TV-MA,Dec,108 min
s7735,Movie,Phantom Boy,Oct-1-2017,2015,PG,Oct,85 min
s7736,Movie,Philadelphia,Jul-1-2019,1993,PG-13,Jul,126 min
s7737,Movie,Phir Se,Jan-15-2018,2015,TV-14,Jan,118 min
s7738,Movie,Phobia 2,Sep-5-2018,2009,TV-MA,Sep,125 min
s7739,Movie,Phone Swap,Sep-1-2019,2012,TV-14,Sep,112 min
s7740,Movie,Phullu,Dec-31-2019,2017,TV-14,Dec,96 min
s7741,Movie,Pick of the Litter,Aug-2-2020,2018,TV-PG,Aug,81 min
s7742,Movie,Pierre Jackson,Jun-29-2019,2018,TV-MA,Jun,81 min
s7743,Movie,Pimpal,Nov-15-2018,2017,TV-PG,Nov,92 min
s7744,TV Show,Pioneers of African-American Cinema,Feb-1-2017,1946,TV-14,Feb,1 Season
s7745,Movie,Pitaah,Mar-1-2018,2002,TV-MA,Mar,127 min
s7746,Movie,"Pizza, birra, faso",Mar-15-2018,1998,TV-MA,Mar,81 min
s7747,Movie,"Plaire, aimer et courir vite",Jul-13-2019,2018,TV-MA,Jul,133 min
s7748,TV Show,Planet Earth II,Dec-25-2017,2016,TV-G,Dec,1 Season
s7749,TV Show,Planet Earth: The Complete Collection,Apr-22-2015,2006,TV-PG,Apr,1 Season
s7750,Movie,Planet Hulk,Jun-1-2020,2010,TV-14,Jun,81 min
s7751,Movie,Planetarium,Jan-1-2018,2016,TV-MA,Jan,108 min
s7752,Movie,Platoon,Nov-1-2020,1986,R,Nov,120 min
s7753,Movie,Playing for Time,Dec-1-2017,1980,TV-14,Dec,149 min
s7754,Movie,Playing Hard,Apr-5-2019,2018,TV-MA,Apr,92 min
s7755,Movie,Pope Francis: A Man of His Word,Jan-3-2019,2018,PG,Jan,96 min
s7756,Movie,Popeye,Nov-24-2019,1980,PG,Nov,114 min
s7757,TV Show,Portlandia,Sep-25-2019,2018,TV-14,Sep,8 Seasons
s7758,Movie,Porto,Apr-16-2018,2016,TV-MA,Apr,77 min
s7759,Movie,Postcards from London,Feb-19-2019,2018,TV-MA,Feb,90 min
s7760,TV Show,Powder,Feb-15-2018,2010,TV-14,Feb,1 Season
s7761,TV Show,Power Battle Watch Car,Jun-1-2017,2016,TV-Y7,Jun,1 Season
s7762,TV Show,Power Rangers Dino Charge,Dec-2-2015,2015,TV-Y7,Dec,1 Season
s7763,TV Show,Power Rangers Dino Super Charge,Oct-15-2016,2016,TV-Y7,Oct,1 Season
s7764,TV Show,Power Rangers Dino Thunder,Jan-1-2016,2004,TV-Y7,Jan,1 Season
s7765,TV Show,Power Rangers in Space,Jan-1-2016,1998,TV-Y7,Jan,1 Season
s7766,TV Show,Power Rangers Jungle Fury,Jan-1-2016,2008,TV-Y7,Jan,1 Season
s7767,TV Show,Power Rangers Lightspeed Rescue,Jan-1-2016,2000,TV-Y7,Jan,1 Season
s7768,TV Show,Power Rangers Lost Galaxy,Jan-1-2016,1999,TV-Y7,Jan,1 Season
s7769,TV Show,Power Rangers Mystic Force,Jan-1-2016,2006,TV-Y7,Jan,1 Season
s7770,TV Show,Power Rangers Ninja Storm,Jan-1-2016,2003,TV-Y7,Jan,1 Season
s7771,TV Show,Power Rangers Operation Overdrive,Jan-1-2016,2007,TV-Y7,Jan,1 Season
s7772,TV Show,Power Rangers RPM,Jan-1-2016,2009,TV-Y7,Jan,1 Season
s7773,TV Show,Power Rangers S.P.D.,Jan-1-2016,2005,TV-Y7,Jan,1 Season
s7774,TV Show,Power Rangers Samurai,Jan-1-2016,2011,TV-Y7,Jan,1 Season
s7775,Movie,"Power Rangers Samurai: Christmas Together, Friends Forever (Christmas Special)",Jan-1-2016,2011,TV-Y7,Jan,24 min
s7776,Movie,Power Rangers Samurai: Clash of the Red Rangers,Jan-1-2016,2011,TV-Y7,Jan,46 min
s7777,Movie,Power Rangers Samurai: Party Monsters (Halloween Special),Jan-1-2016,2011,TV-Y7,Jan,24 min
s7778,TV Show,Power Rangers Super Megaforce,Jan-1-2016,2014,TV-Y7,Jan,1 Season
s7779,Movie,Power Rangers Super Megaforce: The Legendary Battle (Extended),Jan-1-2016,2014,TV-Y7,Jan,55 min
s7780,TV Show,Power Rangers Super Samurai,Jan-1-2016,2012,TV-Y7,Jan,1 Season
s7781,Movie,Power Rangers Super Samurai: Stuck on Christmas,Jan-1-2016,2012,TV-Y7,Jan,24 min
s7782,Movie,Power Rangers Super Samurai: Trickster Treat,Jan-1-2016,2012,TV-Y7,Jan,23 min
s7783,TV Show,Power Rangers Time Force,Jan-1-2016,2001,TV-Y7,Jan,1 Season
s7784,TV Show,Power Rangers Turbo,Jan-1-2016,1997,TV-Y7,Jan,1 Season
s7785,TV Show,Power Rangers Wild Force,Jan-1-2016,2002,TV-Y7,Jan,1 Season
s7786,TV Show,Power Rangers Zeo,Jan-1-2016,1996,TV-Y7,Jan,1 Season
s7787,TV Show,Power Rangers: Megaforce,Jan-1-2016,2013,TV-Y7,Jan,1 Season
s7788,Movie,Power Rangers: Megaforce: Raising Spirits,Jan-1-2016,2013,TV-Y7,Jan,24 min
s7789,Movie,Power Rangers: Megaforce: The Robo Knight Before Christmas,Jan-1-2016,2013,TV-Y7,Jan,24 min
s7790,Movie,Prague,Dec-1-2017,2013,TV-MA,Dec,106 min
s7791,Movie,Prelude to War,Mar-31-2017,1942,TV-14,Mar,52 min
s7792,Movie,Premachi Goshta,Feb-15-2018,2013,TV-14,Feb,127 min
s7793,Movie,Prescription Thugs,Apr-15-2016,2015,NR,Apr,86 min
s7794,Movie,Primal Fear,Dec-1-2019,1996,R,Dec,131 min
s7795,Movie,Prince Charming,Aug-31-2018,1984,TV-14,Aug,93 min
s7796,TV Show,Prince Jai Aur Dumdaar Viru,Oct-18-2020,2017,TV-Y,Oct,1 Season
s7797,Movie,Princess Cyd,Feb-5-2018,2017,TV-MA,Feb,97 min
s7798,Movie,Professor Mack,Aug-6-2019,2018,TV-MA,Aug,84 min
s7799,TV Show,Prohibition: A Film by Ken Burns and Lynn Novick,Feb-22-2017,2011,TV-PG,Feb,1 Season
s7800,Movie,Prosecuting Evil: The Extraordinary World of Ben Ferencz,Jun-1-2019,2019,TV-MA,Jun,83 min
s7801,TV Show,Psiconautas,Apr-15-2018,2016,TV-MA,Apr,2 Seasons
s7802,Movie,Pukar,Mar-1-2018,2000,TV-14,Mar,165 min
s7803,Movie,Pulp Fiction,Jan-1-2019,1994,R,Jan,154 min
s7804,Movie,Punjab 1984,Nov-1-2017,2014,TV-14,Nov,158 min
s7805,Movie,Pusher,Dec-27-2017,2012,R,Dec,89 min
s7806,Movie,Pyaar Ka Punchnama,May-1-2017,2011,TV-14,May,149 min
s7807,TV Show,Pyaar Tune Kya Kiya," June 1, 2017",2014,TV-14,Jun,3 Seasons
s7808,Movie,Q Ball,Mar-11-2020,2019,TV-MA,Mar,96 min
s7809,TV Show,Qué pena tu serie,Nov-4-2016,2015,TV-MA,Nov,1 Season
s7810,Movie,Quantum of Solace,Aug-31-2020,2008,PG-13,Aug,106 min
s7811,TV Show,Queen of No Marriage,Aug-1-2016,2009,TV-MA,Aug,1 Season
s7812,Movie,Queen of the Desert,Apr-6-2019,2015,PG-13,Apr,128 min
s7813,TV Show,Queens of Comedy,May-1-2018,2017,TV-MA,May,1 Season
s7814,TV Show,Queens vs. Kings,Oct-25-2018,2018,TV-14,Oct,1 Season
s7815,Movie,R.L. Stine's Mostly Ghostly,Aug-1-2018,2008,PG,Aug,98 min
s7816,TV Show,Rab Se Sohna Isshq,Jun-1-2017,2012,TV-14,Jun,1 Season
s7817,Movie,Race to Witch Mountain,Jul-1-2019,2009,PG,Jul,99 min
s7818,Movie,Rachel Getting Married,Sep-1-2019,2008,R,Sep,113 min
s7819,Movie,Radical: the Controversial Saga of Dada Figueiredo,Apr-12-2017,2013,TV-MA,Apr,71 min
s7820,Movie,Radiopetti,Jan-1-2017,2015,TV-PG,Jan,83 min
s7821,Movie,Raging Bull,Oct-1-2019,1980,R,Oct,129 min
s7822,Movie,Rahasya,Mar-1-2018,2015,TV-14,Mar,117 min
s7823,Movie,Raiders!: The Story of the Greatest Fan Film Ever Made,Sep-16-2016,2015,NR,Sep,93 min
s7824,Movie,Railroad Tigers,Aug-19-2017,2016,TV-14,Aug,124 min
s7825,Movie,Raja Hindustani,May-1-2017,1996,TV-14,May,177 min
s7826,Movie,Rajnigandha,Dec-31-2019,1974,TV-PG,Dec,104 min
s7827,Movie,Ralph Breaks the Internet: Wreck-It Ralph 2,Jun-11-2019,2018,PG,Jun,113 min
s7828,Movie,Ram Teri Ganga Maili,Dec-31-2019,1985,TV-14,Dec,178 min
s7829,TV Show,Ramayan,Apr-1-2018,2012,TV-14,Apr,1 Season
s7830,Movie,Ramen Shop,Jul-31-2019,2018,TV-PG,Jul,90 min
s7831,Movie,Ramji Londonwaley,Dec-31-2019,2005,TV-14,Dec,154 min
s7832,Movie,Rampant,May-26-2019,2018,TV-MA,May,122 min
s7833,Movie,Ranbhool,Mar-15-2018,2010,TV-MA,Mar,115 min
s7834,Movie,Rangreza,Aug-1-2018,2017,TV-14,Aug,126 min
s7835,Movie,Rats,Dec-16-2016,2016,NR,Dec,88 min
s7836,TV Show,Razia Sultan,Apr-1-2017,2015,TV-14,Apr,1 Season
s7837,Movie,Reaction,Jun-20-2019,2011,TV-14,Jun,99 min
s7838,Movie,Ready,Oct-22-2017,2011,TV-PG,Oct,144 min
s7839,TV Show,Reality of Dream,Jul-31-2018,2015,TV-MA,Jul,1 Season
s7840,Movie,Rebel Without a Cause,Nov-1-2019,1955,PG-13,Nov,111 min
s7841,TV Show,Rebelde,Dec-31-2017,2004,TV-14,Dec,1 Season
s7842,Movie,Recall,Jun-25-2019,2018,TV-MA,Jun,73 min
s7843,TV Show,Rectify,Mar-4-2017,2016,TV-MA,Mar,4 Seasons
s7844,Movie,Red Christmas,Dec-11-2017,2016,TV-MA,Dec,81 min
s7845,Movie,Red Dawn,Dec-31-2019,1984,PG-13,Dec,114 min
s7846,Movie,Red Oleanders Raktokarobi,Sep-15-2018,2017,TV-14,Sep,112 min
s7847,Movie,Red Trees,Mar-24-2018,2017,TV-PG,Mar,80 min
s7848,TV Show,Red vs. Blue,,2015,NR,Jan,13 Seasons
s7849,Movie,Refugee,Mar-10-2017,2016,TV-PG,Mar,24 min
s7850,Movie,Regatta,May-9-2019,2015,TV-MA,May,100 min
s7851,TV Show,Reggie Yates Outside Man," December 15, 2017",2017,TV-MA,Dec,2 Seasons
s7852,Movie,Reincarnated,Jun-13-2016,2012,R,Jun,96 min
s7853,Movie,Rembat,Aug-21-2017,2015,TV-PG,Aug,88 min
s7854,Movie,Remember,Jul-26-2018,2015,R,Jul,95 min
s7855,Movie,Remember Me,Aug-1-2020,2010,PG-13,Aug,112 min
s7856,Movie,Rememory,Jun-1-2020,2017,PG-13,Jun,112 min
s7857,TV Show,Republic of Doyle,May-28-2020,2014,TV-14,May,6 Seasons
s7858,Movie,Resident Evil: Afterlife,Jan-1-2020,2010,R,Jan,97 min
s7859,Movie,Residente,Jan-1-2018,2017,TV-MA,Jan,97 min
s7860,Movie,Restless Creature: Wendy Whelan,Sep-26-2017,2016,TV-MA,Sep,94 min
s7861,Movie,Return To The 36th Chamber,Aug-16-2018,1980,R,Aug,97 min
s7862,Movie,Revelations,Mar-1-2017,2016,NR,Mar,118 min
s7863,TV Show,Revenge,May-2-2019,2017,TV-MA,May,1 Season
s7864,Movie,Revenge of the Green Dragons,Jul-21-2018,2014,R,Jul,95 min
s7865,TV Show,Revolting Rhymes,Feb-1-2018,2017,TV-PG,Feb,1 Season
s7866,Movie,Revolutionary Road,Nov-1-2019,2008,R,Nov,120 min
s7867,Movie,Rezeta,Dec-3-2016,2012,NR,Dec,84 min
s7868,TV Show,"Rica, Famosa, Latina",Apr-26-2019,2016,TV-MA,Apr,4 Seasons
s7869,Movie,Righteous Kill,Jun-1-2019,2008,R,Jun,101 min
s7870,Movie,Ringan,May-1-2018,2015,TV-14,May,103 min
s7871,TV Show,Ripper Street,Sep-8-2017,2017,TV-MA,Sep,5 Seasons
s7872,Movie,Rise of the Zombie,Dec-15-2017,2013,TV-MA,Dec,83 min
s7873,TV Show,Rishta.com,Mar-15-2018,2010,TV-14,Mar,1 Season
s7874,Movie,Rivaaz,Nov-1-2017,2011,TV-MA,Nov,107 min
s7875,Movie,Road to Sangam,Dec-31-2019,2010,TV-14,Dec,136 min
s7876,Movie,Road to Yesterday,Jul-1-2016,2015,TV-14,Jul,96 min
s7877,Movie,Roberto Saviano: Writing Under Police Protection,May-1-2018,2016,TV-14,May,45 min
s7878,Movie,Robin Hood: The Rebellion,May-1-2019,2018,TV-14,May,92 min
s7879,TV Show,Robotech,Oct-1-2016,1985,TV-MA,Oct,1 Season
s7880,Movie,Rocky,Aug-1-2019,1976,PG,Aug,120 min
s7881,Movie,Rocky II,Aug-1-2019,1979,PG,Aug,119 min
s7882,Movie,Rocky III,Aug-1-2019,1982,PG,Aug,100 min
s7883,Movie,Rocky IV,Aug-1-2019,1985,PG,Aug,92 min
s7884,Movie,Rocky V,Aug-1-2019,1990,PG-13,Aug,104 min
s7885,Movie,Roger Corman's Death Race 2050,Jan-17-2017,2017,R,Jan,93 min
s7886,Movie,Roh's Beauty,Apr-19-2019,2014,TV-MA,Apr,98 min
s7887,Movie,Roll Red Roll,Aug-8-2019,2018,TV-MA,Aug,80 min
s7888,Movie,Rolling Papers,Sep-8-2017,2015,TV-MA,Sep,79 min
s7889,Movie,Romeo Ranjha,Nov-1-2017,2014,TV-14,Nov,122 min
s7890,Movie,Room,Jul-19-2018,2015,R,Jul,118 min
s7891,Movie,Room for Rent,Mar-1-2019,2017,TV-MA,Mar,89 min
s7892,Movie,Room on the Broom,Jul-1-2019,2012,TV-Y7,Jul,26 min
s7893,TV Show,Roonpi Secret Love,Jun-21-2019,2016,TV-14,Jun,3 Seasons
s7894,Movie,Roots,Nov-1-2017,2016,TV-PG,Nov,62 min
s7895,Movie,Rosemary's Baby,Nov-1-2019,1968,R,Nov,137 min
s7896,Movie,Rounders,Nov-1-2019,1998,R,Nov,121 min
s7897,TV Show,Royal Pains," May 18, 2017",2016,TV-PG,May,8 Seasons
s7898,TV Show,Rubi,Dec-31-2017,2004,TV-PG,Dec,1 Season
s7899,Movie,Rukh,Apr-1-2018,2017,TV-MA,Apr,103 min
s7900,Movie,Rumble,Sep-15-2017,2016,TV-MA,Sep,92 min
s7901,Movie,Rumble in the Bronx,Nov-1-2019,1995,R,Nov,89 min
s7902,Movie,Rumor Has It,Aug-1-2019,2005,PG-13,Aug,97 min
s7903,Movie,Run,Mar-1-2018,2004,TV-14,Mar,134 min
s7904,Movie,Runaway Bride,Dec-1-2020,1999,PG,Dec,116 min
s7905,Movie,Running for Grace,Jun-19-2019,2018,TV-14,Jun,110 min
s7906,Movie,Running Out Of Time,Aug-1-2019,2018,TV-14,Aug,88 min
s7907,TV Show,Rurouni Kenshin," January 1, 2020",1998,TV-14,Jan,3 Seasons
s7908,Movie,Russell Madness,May-10-2015,2015,PG,May,93 min
s7909,TV Show,Russell Peters vs. the World,Oct-14-2013,2013,NR,Oct,1 Season
s7910,Movie,Russell Peters: Notorious,Oct-14-2013,2013,NR,Oct,72 min
s7911,Movie,Rustom,Jan-6-2017,2016,TV-14,Jan,141 min
s7912,Movie,S Is for Stanley,Jun-15-2017,2016,TV-MA,Jun,82 min
s7913,Movie,S.W.A.T.,Jan-1-2021,2003,PG-13,Jan,117 min
s7914,Movie,Saath Saath,Dec-31-2019,1982,TV-14,Dec,118 min
s7915,Movie,Sacro GRA,Mar-21-2017,2013,TV-MA,Mar,91 min
s7916,Movie,Sadece Sen,Mar-10-2017,2014,TV-MA,Mar,105 min
s7917,Movie,Sadie's Last Days on Earth,Aug-22-2017,2016,TV-14,Aug,94 min
s7918,Movie,Sadma,Dec-31-2019,1983,TV-14,Dec,137 min
s7919,TV Show,Sadqay Tumhare,Dec-15-2016,2014,TV-PG,Dec,1 Season
s7920,Movie,Saeed Mirza: The Leftist Sufi,May-1-2017,2016,TV-MA,May,61 min
s7921,Movie,Safety Not Guaranteed,Aug-13-2020,2012,R,Aug,86 min
s7922,Movie,Saheb Bibi Golaam,Jan-1-2017,2016,TV-MA,Jan,118 min
s7923,Movie,Sairat,Apr-1-2018,2016,TV-14,Apr,173 min
s7924,Movie,Sakhi,Feb-15-2018,2007,TV-PG,Feb,152 min
s7925,Movie,Salem: His Sister's Father,Jun-22-2019,2014,TV-14,Jun,99 min
s7926,Movie,Samantaral,Sep-15-2018,2017,TV-MA,Sep,110 min
s7927,Movie,Samarppanam,Mar-1-2018,2017,TV-PG,Mar,116 min
s7928,Movie,Sameer Abu Alneel,Jun-6-2019,2013,TV-14,Jun,107 min
s7929,Movie,Samson,Dec-14-2018,2018,PG-13,Dec,109 min
s7930,Movie,Samudri Lootere,Jun-18-2019,2018,TV-Y,Jun,65 min
s7931,Movie,San Pietro,Mar-31-2017,1945,TV-14,Mar,32 min
s7932,Movie,Sanai Choughade,Jan-1-2018,2008,TV-14,Jan,122 min
s7933,Movie,Sangam,Dec-31-2019,1964,TV-14,Dec,228 min
s7934,Movie,Santa Claws,Nov-17-2017,2014,TV-PG,Nov,86 min
s7935,Movie,Santa's Apprentice,Dec-20-2015,2010,TV-G,Dec,72 min
s7936,Movie,Sarah's Key,Sep-21-2019,2010,PG-13,Sep,102 min
s7937,Movie,Sardaar ji,Dec-1-2017,2015,TV-14,Dec,140 min
s7938,Movie,Sardaarji 2,Oct-15-2017,2016,TV-PG,Oct,145 min
s7939,Movie,Sarivar Sari,Feb-15-2018,2005,TV-14,Feb,126 min
s7940,Movie,Sarvopari Palakkaran,Jul-1-2018,2017,TV-14,Jul,133 min
s7941,Movie,Sat Sri Akal,Jan-30-2019,2008,TV-14,Jan,141 min
s7942,Movie,Satan & Adam,Jun-1-2019,2018,TV-MA,Jun,78 min
s7943,TV Show,Satrangi,Apr-1-2017,2014,TV-PG,Apr,1 Season
s7944,Movie,Satrangi Re,Mar-15-2018,2012,TV-14,Mar,150 min
s7945,Movie,Satte Pe Satta,Dec-31-2019,1982,TV-14,Dec,153 min
s7946,Movie,Saturday Church,Oct-6-2020,2017,TV-MA,Oct,83 min
s7947,Movie,Savage Dog,Nov-1-2017,2017,TV-MA,Nov,95 min
s7948,Movie,Savage Raghda,Jun-13-2019,2018,TV-MA,Jun,93 min
s7949,TV Show,Save Our Shelter,Aug-18-2018,2015,TV-G,Aug,1 Season
s7950,Movie,Saving Mr. Banks,Mar-2-2019,2013,PG-13,Mar,126 min
s7951,Movie,Saving Zoë,Jan-15-2020,2019,R,Jan,95 min
s7952,Movie,Say When,Jul-19-2018,2014,R,Jul,99 min
s7953,Movie,Scales: Mermaids Are Real,Jan-23-2020,2017,PG,Jan,93 min
s7954,TV Show,Scandal," May 19, 2018",2018,TV-14,May,7 Seasons
s7955,Movie,Scandal in Sorrento,Nov-13-2020,1955,TV-PG,Nov,93 min
s7956,Movie,Scary Movie,Jan-1-2020,2000,R,Jan,88 min
s7957,Movie,Scary Movie 5,Aug-12-2020,2013,PG-13,Aug,88 min
s7958,Movie,Schindler's List,Apr-1-2018,1993,R,Apr,195 min
s7959,Movie,School Daze,Nov-1-2020,1988,R,Nov,120 min
s7960,Movie,Scooby-Doo on Zombie Island,Dec-15-2019,1998,TV-PG,Dec,77 min
s7961,Movie,Scott Pilgrim vs. the World,Sep-16-2018,2010,PG-13,Sep,112 min
s7962,Movie,Scream 2,Oct-1-2019,1997,R,Oct,121 min
s7963,Movie,Scream 3,Jul-1-2019,2000,R,Jul,117 min
s7964,Movie,Seal Team Six: The Raid on Osama Bin Laden,Jan-1-2020,2012,TV-MA,Jan,90 min
s7965,Movie,Searching for Bobby Fischer,Dec-7-2020,1993,PG,Dec,110 min
s7966,Movie,Searching for Sugar Man,Dec-1-2019,2012,PG-13,Dec,86 min
s7967,Movie,Season of the Witch,Apr-26-2019,2011,PG-13,Apr,95 min
s7968,Movie,Secret,Jul-1-2018,2007,TV-PG,Jul,101 min
s7969,TV Show,Secret Affair,May-22-2017,2014,TV-14,May,1 Season
s7970,Movie,Secret in Their Eyes,Apr-1-2018,2015,PG-13,Apr,111 min
s7971,Movie,Secrets of Althorp - The Spencers,Apr-22-2017,2013,TV-PG,Apr,54 min
s7972,Movie,Secrets of Chatsworth,Feb-22-2017,2013,TV-PG,Feb,54 min
s7973,Movie,Secrets of Henry VIII's Palace: Hampton Court,Feb-22-2017,2013,TV-PG,Feb,54 min
s7974,Movie,Secrets of Her Majesty's Secret Service,Feb-22-2017,2014,TV-PG,Feb,55 min
s7975,Movie,Secrets of Highclere Castle,Feb-22-2017,2013,TV-PG,Feb,54 min
s7976,Movie,Secrets of Scotland Yard,Apr-22-2017,2013,TV-14,Apr,55 min
s7977,Movie,Secrets of Selfridges,Apr-22-2017,2014,TV-PG,Apr,55 min
s7978,Movie,Secrets of the Tower of London,Feb-22-2017,2013,TV-PG,Feb,55 min
s7979,Movie,Secrets of Underground London,Apr-22-2017,2014,TV-PG,Apr,55 min
s7980,Movie,Secrets of Westminster,Apr-22-2017,2014,TV-PG,Apr,55 min
s7981,Movie,Sen Kimsin?,Mar-10-2017,2012,TV-14,Mar,102 min
s7982,Movie,Senna,Oct-1-2019,2010,PG-13,Oct,106 min
s7983,TV Show,Sensitive Skin," December 1, 2019",2016,TV-MA,Dec,1 Season
s7984,Movie,"Septiembre, un llanto en silencio",Mar-10-2018,2017,TV-MA,Mar,69 min
s7985,TV Show,Servant of the People,Mar-1-2017,2015,TV-14,Mar,1 Season
s7986,Movie,Set Up,Jan-10-2020,2011,R,Jan,85 min
s7987,Movie,Sex and the City 2,Jan-1-2021,2010,R,Jan,146 min
s7988,Movie,Sex and the City: The Movie,Jan-1-2021,2008,R,Jan,145 min
s7989,Movie,Sex Doll,Jul-10-2017,2016,UR,Jul,103 min
s7990,Movie,"Sexo, Pudor y Lagrimas",Dec-15-2017,1999,R,Dec,111 min
s7991,Movie,SGT. Will Gardner,May-19-2019,2019,TV-MA,May,125 min
s7992,TV Show,Shadow of Truth,Jan-27-2017,2016,TV-MA,Jan,1 Season
s7993,Movie,Shahanpan Dega Deva,Jan-1-2018,2011,TV-14,Jan,115 min
s7994,TV Show,Shaka Zulu,Jan-10-2019,1986,TV-14,Jan,1 Season
s7995,Movie,Shakti: The Power,Mar-1-2018,2002,TV-MA,Mar,168 min
s7996,Movie,Shanghai,Mar-1-2018,2012,TV-14,Mar,109 min
s7997,Movie,Shararat,Mar-1-2018,2002,TV-PG,Mar,148 min
s7998,Movie,Shark Busters,Aug-16-2018,2002,TV-14,Aug,92 min
s7999,Movie,Shark Night,Nov-2-2019,2011,PG-13,Nov,91 min
s8000,Movie,Shaurya: It Takes Courage to Make Right... Right,Mar-1-2018,2008,TV-14,Mar,135 min
s8001,Movie,She Did That,Feb-4-2020,2019,TV-PG,Feb,71 min
s8002,Movie,Shelter,Dec-29-2017,2010,R,Dec,112 min
s8003,TV Show,Sherlock,May-15-2017,2017,TV-14,May,4 Seasons
s8004,Movie,Sherlock Holmes,Jan-1-2021,2009,PG-13,Jan,128 min
s8005,Movie,Shiva,Dec-31-2019,1990,TV-MA,Dec,168 min
s8006,Movie,Shopkins: Chef Club,Nov-15-2018,2016,TV-Y,Nov,45 min
s8007,Movie,Shopkins: Wild,Nov-15-2018,2018,TV-Y,Nov,75 min
s8008,Movie,Shopkins: World Vacation,Nov-15-2018,2017,TV-Y,Nov,71 min
s8009,Movie,Shorgul,Oct-30-2018,2016,TV-14,Oct,122 min
s8010,Movie,Short Term 12,Jul-18-2019,2013,R,Jul,97 min
s8011,Movie,Shorts,Jul-1-2019,2009,PG,Jul,89 min
s8012,Movie,SHOT! The Psycho-Spiritual Mantra of Rock,Aug-10-2017,2016,TV-MA,Aug,98 min
s8013,Movie,Shuddhi,Mar-1-2018,2017,TV-14,Mar,115 min
s8014,Movie,Shutter,Sep-5-2018,2004,TV-MA,Sep,96 min
s8015,Movie,Sicilian Ghost Story,Jul-6-2019,2017,TV-MA,Jul,119 min
s8016,TV Show,Sid the Science Kid,Mar-31-2020,2008,TV-Y,Mar,1 Season
s8017,Movie,Siddhant,Oct-30-2018,2014,TV-G,Oct,105 min
s8018,Movie,Silencer,Dec-3-2018,2018,TV-MA,Dec,88 min
s8019,Movie,Silent Hill: Revelation,Dec-13-2019,2012,R,Dec,94 min
s8020,Movie,Silicon Cowboys,Apr-1-2017,2016,TV-PG,Apr,77 min
s8021,TV Show,Silver Spoon,Sep-15-2017,2015,TV-MA,Sep,2 Seasons
s8022,TV Show,Sin senos no hay paraíso,May-15-2017,2008,TV-14,May,1 Season
s8023,TV Show,Sin Senos sí Hay Paraíso," January 11, 2019",2018,TV-MA,Jan,3 Seasons
s8024,Movie,Singh Saab the Great,Jul-15-2017,2013,TV-14,Jul,143 min
s8025,Movie,Single,Sep-28-2018,2015,TV-PG,Sep,127 min
s8026,Movie,Singularity,Jun-1-2018,2017,PG-13,Jun,92 min
s8027,Movie,Sinister Circle,Oct-1-2019,2017,TV-MA,Oct,87 min
s8028,Movie,Siren,Jan-1-2020,2016,TV-MA,Jan,83 min
s8029,Movie,Sister Code,Feb-14-2016,2015,R,Feb,95 min
s8030,Movie,Skin Trade,Dec-17-2018,2014,R,Dec,96 min
s8031,TV Show,Skin Wars,Oct-1-2016,2016,TV-14,Oct,3 Seasons
s8032,TV Show,Skin Wars: Fresh Paint,Dec-15-2018,2016,TV-14,Dec,1 Season
s8033,Movie,Skiptrace,Jul-4-2019,2016,PG-13,Jul,107 min
s8034,Movie,Sky on Fire,Aug-5-2017,2016,TV-MA,Aug,100 min
s8035,Movie,Skydancers,Jun-27-2018,2014,TV-G,Jun,49 min
s8036,Movie,Skyline,Jan-16-2019,2010,PG-13,Jan,94 min
s8037,Movie,Sleeping with Other People,Oct-2-2017,2015,R,Oct,101 min
s8038,Movie,Sleepover,Mar-1-2020,2004,PG,Mar,89 min
s8039,Movie,Sling Blade,Nov-1-2019,1996,R,Nov,135 min
s8040,Movie,Sliver,Jan-1-2020,1993,R,Jan,107 min
s8041,TV Show,Slobby's World,Dec-31-2018,2018,TV-MA,Dec,1 Season
s8042,Movie,Slow West,Jul-26-2018,2015,R,Jul,84 min
s8043,Movie,Small Soldiers,Jun-1-2019,1998,PG-13,Jun,110 min
s8044,Movie,Smart People,Jul-12-2019,2008,R,Jul,95 min
s8045,Movie,Smash: Motorized Mayhem,May-15-2017,2017,TV-MA,May,66 min
s8046,Movie,SMOSH: The Movie,Sep-22-2015,2015,PG-13,Sep,83 min
s8047,Movie,Sniper: Special Ops,Jan-10-2020,2016,R,Jan,86 min
s8048,Movie,Socha Na Tha,Jul-1-2018,2005,TV-14,Jul,137 min
s8049,Movie,Social Animals,Mar-19-2019,2018,TV-MA,Mar,87 min
s8050,Movie,Soekarno,Jan-5-2019,2013,TV-MA,Jan,142 min
s8051,Movie,Solo Con Tu Pareja,Sep-1-2018,1991,NR,Sep,94 min
s8052,Movie,Solo: A Star Wars Story,Jan-9-2019,2018,PG-13,Jan,135 min
s8053,Movie,Solo: A Star Wars Story (Spanish Version),Jan-9-2019,2018,PG-13,Jan,135 min
s8054,Movie,Solomon Kane,Feb-15-2018,2009,R,Feb,104 min
s8055,Movie,Some Freaks,Dec-18-2017,2017,TV-MA,Dec,97 min
s8056,Movie,Something's Gotta Give,Aug-1-2019,2003,PG-13,Aug,128 min
s8057,Movie,Son of a Gun,Jul-19-2018,2014,R,Jul,109 min
s8058,Movie,Sons of Ben,Dec-10-2016,2016,NR,Dec,73 min
s8059,TV Show,Sotus The Series,May-25-2019,2016,TV-MA,May,1 Season
s8060,Movie,Soul Surfer,May-17-2020,2011,PG,May,106 min
s8061,Movie,Soul to Keep,Jul-1-2019,2019,TV-MA,Jul,94 min
s8062,Movie,Sour Grapes,Nov-18-2016,2016,NR,Nov,85 min
s8063,TV Show,Space Racers,Mar-31-2020,2014,TV-Y,Mar,1 Season
s8064,Movie,Sparkle,Nov-1-2019,1976,PG,Nov,98 min
s8065,TV Show,Spartacus," February 1, 2015",2013,TV-MA,Feb,4 Seasons
s8066,Movie,Speech & Debate,Jul-6-2017,2017,PG-13,Jul,96 min
s8067,Movie,Speed Is My Need,Jan-9-2020,2019,TV-14,Jan,75 min
s8068,Movie,Spider-Man 3,Nov-1-2019,2007,PG-13,Nov,139 min
s8069,Movie,Spider-Man: Into the Spider-Verse,Jun-26-2019,2018,PG,Jun,117 min
s8070,Movie,Spitfire: The Plane that Saved the World,Nov-1-2019,2018,TV-14,Nov,95 min
s8071,TV Show,Splash and Bubbles," August 13, 2018",2018,TV-Y,Aug,2 Seasons
s8072,Movie,Spotlight,Jul-22-2020,2015,R,Jul,129 min
s8073,Movie,Spring Breakers,Jan-10-2021,2012,R,Jan,94 min
s8074,Movie,Sprinter,Apr-15-2020,2018,TV-MA,Apr,112 min
s8075,Movie,Spy Kids,Apr-1-2019,2001,PG,Apr,88 min
s8076,Movie,Spy Kids 2: The Island of Lost Dreams,Mar-8-2019,2002,PG,Mar,100 min
s8077,Movie,Spy Kids 3: Game Over,Apr-1-2019,2003,PG,Apr,83 min
s8078,Movie,Spy Time,Jun-1-2016,2015,TV-MA,Jun,93 min
s8079,Movie,St. Agatha,Aug-8-2019,2018,TV-MA,Aug,103 min
s8080,Movie,Staged Killer,Jun-28-2019,2019,TV-14,Jun,88 min
s8081,Movie,Standoff,Dec-11-2018,2015,R,Dec,86 min
s8082,Movie,Star Men,Feb-5-2017,2015,TV-14,Feb,88 min
s8083,Movie,Star Wars: Episode VIII: The Last Jedi,Jun-26-2018,2017,PG-13,Jun,152 min
s8084,TV Show,Star-Crossed,Apr-16-2015,2014,TV-14,Apr,1 Season
s8085,Movie,Starred Up,Aug-29-2019,2013,TV-MA,Aug,106 min
s8086,TV Show,Station Horizon,Sep-1-2016,2015,TV-MA,Sep,1 Season
s8087,Movie,Stealing History,Jul-1-2016,2006,TV-PG,Jul,52 min
s8088,Movie,Step Brothers,Nov-1-2019,2008,R,Nov,98 min
s8089,Movie,Step Outside,Jun-6-2019,2018,TV-14,Jun,89 min
s8090,Movie,Stephanie,Sep-1-2018,2017,R,Sep,86 min
s8091,Movie,Sthaniya Sambaad,Mar-15-2018,2010,TV-14,Mar,106 min
s8092,Movie,Still,Sep-14-2018,2010,TV-MA,Sep,100 min
s8093,Movie,Stink!,Nov-1-2018,2015,TV-PG,Nov,91 min
s8094,TV Show,Stoked,Dec-16-2017,2010,TV-PG,Dec,1 Season
s8095,TV Show,Stone Age,Jul-1-2019,2017,TV-Y7,Jul,1 Season
s8096,Movie,Stonehearst Asylum,Sep-8-2017,2014,PG-13,Sep,113 min
s8097,Movie,Stop at Nothing: The Lance Armstrong Story,Feb-15-2015,2014,NR,Feb,100 min
s8098,TV Show,Storage Wars: Northern Treasures,Jul-22-2019,2015,TV-MA,Jul,1 Season
s8099,Movie,Story of an Egg,Oct-15-2017,2017,TV-PG,Oct,132 min
s8100,Movie,Straight Up,Jun-26-2020,2020,TV-MA,Jun,96 min
s8101,Movie,Strange but True,Aug-30-2020,2019,PG-13,Aug,96 min
s8102,Movie,Stranger than Fiction,Oct-1-2020,2006,PG-13,Oct,113 min
s8103,TV Show,Strawberry Shortcake: Berry Bitty Adventures,Jan-1-2016,2015,TV-Y,Jan,1 Season
s8104,Movie,Strictly Ballroom,Jan-1-2020,1992,PG,Jan,95 min
s8105,Movie,Strike a Pose,Apr-7-2017,2016,TV-MA,Apr,85 min
s8106,Movie,Stripes,Sep-1-2019,1981,R,Sep,106 min
s8107,Movie,Striptease,Jan-1-2021,1996,R,Jan,117 min
s8108,TV Show,Strong Girl Bong-soon,Nov-24-2019,2017,TV-14,Nov,1 Season
s8109,Movie,Stronger Than the World,Feb-11-2017,2016,NR,Feb,123 min
s8110,TV Show,Strongland,Jan-18-2019,2018,TV-PG,Jan,1 Season
s8111,Movie,Stuart Little 2,Jan-1-2020,2002,PG,Jan,78 min
s8112,Movie,Submission,Nov-11-2019,2019,TV-MA,Nov,95 min
s8113,Movie,Suburra,Oct-14-2015,2015,NR,Oct,135 min
s8114,Movie,Suckseed,Sep-5-2018,2011,TV-MA,Sep,130 min
s8115,Movie,Sudani from Nigeria,Aug-1-2018,2018,TV-14,Aug,115 min
s8116,Movie,Suicide (Hitabdut),Jul-1-2016,2014,TV-MA,Jul,114 min
s8117,Movie,Suite Française,Jun-5-2017,2014,TV-MA,Jun,107 min
s8118,TV Show,Suits,Dec-1-2019,2018,TV-MA,Dec,1 Season
s8119,Movie,Summer Night,Mar-19-2020,2019,TV-MA,Mar,93 min
s8120,Movie,Summer of '92,Jul-10-2016,2015,TV-MA,Jul,94 min
s8121,Movie,Sunrise,Mar-15-2017,2014,TV-MA,Mar,85 min
s8122,TV Show,Super Bheem,Jun-28-2019,2019,TV-Y,Jun,1 Season
s8123,Movie,Super Bheem Bana Vajraveer,Jun-18-2019,2018,TV-Y7,Jun,63 min
s8124,Movie,Super Dark Times,Jan-1-2018,2017,TV-MA,Jan,104 min
s8125,Movie,Super Nani,Mar-1-2018,2014,TV-PG,Mar,127 min
s8126,TV Show,Super Wings,Dec-1-2020,2020,TV-Y,Dec,3 Seasons
s8127,Movie,Superbad,Jan-1-2021,2007,R,Jan,113 min
s8128,Movie,Superfly,Nov-1-2019,1972,R,Nov,91 min
s8129,Movie,Superman Returns,Oct-1-2019,2006,PG-13,Oct,154 min
s8130,TV Show,SuperNature: Wild Flyers,Mar-1-2017,2016,TV-PG,Mar,1 Season
s8131,Movie,Superstar,Nov-20-2019,1999,PG-13,Nov,82 min
s8132,Movie,Surat Dari Praha,Oct-9-2018,2016,TV-14,Oct,98 min
s8133,TV Show,Surviving R. Kelly Part II: The Reckoning,Apr-13-2020,2020,TV-MA,Apr,1 Season
s8134,Movie,Survivors Guide to Prison,May-24-2018,2017,TV-MA,May,103 min
s8135,Movie,Susanne Bartsch: On Top,Dec-10-2018,2017,TV-MA,Dec,86 min
s8136,Movie,Sustainable,Mar-1-2017,2016,TV-G,Mar,92 min
s8137,Movie,Swami,Dec-31-2019,1977,TV-PG,Dec,123 min
s8138,TV Show,Swami Baba Ramdev: The Untold Story,May-1-2018,2018,TV-14,May,1 Season
s8139,Movie,Sweeney Todd: The Demon Barber of Fleet Street,Jan-1-2020,2007,R,Jan,116 min
s8140,Movie,Sweet Virginia,Dec-1-2019,2017,R,Dec,93 min
s8141,Movie,Swiss Army Man,Jan-30-2019,2016,R,Jan,97 min
s8142,Movie,Sword Master,Jun-10-2017,2016,TV-MA,Jun,108 min
s8143,Movie,Sword Masters: Two Champions of Shaolin,Aug-16-2018,1980,R,Aug,101 min
s8144,TV Show,Sym-Bionic Titan,Dec-15-2019,2010,TV-PG,Dec,1 Season
s8145,Movie,Taal,Mar-1-2018,1999,TV-PG,Mar,177 min
s8146,Movie,Tahaan,Jul-15-2018,2008,TV-14,Jul,95 min
s8147,Movie,Take Me Home Tonight,May-16-2019,2011,R,May,97 min
s8148,TV Show,Taken," January 12, 2019",2018,TV-14,Jan,2 Seasons
s8149,TV Show,Tales of the City (1993),Jun-28-2019,1993,TV-MA,Jun,1 Season
s8150,Movie,Tamanchey,Oct-15-2017,2014,TV-MA,Oct,111 min
s8151,Movie,Tarif de nuit,Mar-1-2018,2015,TV-MA,Mar,81 min
s8152,Movie,Tarzan,Jun-23-2018,1999,G,Jun,89 min
s8153,Movie,Tarzan 2,Jun-23-2017,2005,G,Jun,72 min
s8154,Movie,Tattah,May-9-2019,2013,TV-14,May,112 min
s8155,Movie,Tayo the Little Bus Movie: Mission Ace,Jul-1-2019,2016,TV-Y7,Jul,48 min
s8156,Movie,Teach Us All,Sep-25-2017,2017,TV-14,Sep,81 min
s8157,Movie,Teen Patti,Mar-1-2018,2010,TV-PG,Mar,137 min
s8158,Movie,Teenage Cocktail,Jan-15-2017,2016,TV-MA,Jan,89 min
s8159,Movie,Teenage Mutant Ninja Turtles,May-1-2019,2007,PG,May,87 min
s8160,Movie,Teenage Mutant Ninja Turtles II: The Secret of the Ooze,Jan-1-2020,1991,PG,Jan,88 min
s8161,Movie,Teenage Mutant Ninja Turtles: The Movie,Jan-1-2020,1990,PG,Jan,94 min
s8162,Movie,Tees Maar Khan,Aug-2-2018,2010,TV-PG,Aug,125 min
s8163,Movie,Tellur Aliens,Dec-1-2016,2016,TV-Y7,Dec,67 min
s8164,Movie,Temporada de Caza,Jul-15-2018,2017,TV-MA,Jul,108 min
s8165,Movie,Ten Years,Feb-12-2019,2015,TV-MA,Feb,102 min
s8166,TV Show,Teresa,Dec-31-2017,2010,TV-PG,Dec,1 Season
s8167,Movie,Terminator 3: Rise of the Machines,Jan-1-2020,2003,R,Jan,109 min
s8168,Movie,Terminator Salvation,Jan-1-2020,2009,PG-13,Jan,115 min
s8169,Movie,Terra,May-1-2016,2015,TV-PG,May,98 min
s8170,Movie,Terrifier,Sep-1-2018,2017,TV-MA,Sep,84 min
s8171,Movie,Teshan,Oct-15-2017,2016,TV-PG,Oct,133 min
s8172,Movie,Tezz,Dec-1-2017,2012,TV-MA,Dec,121 min
s8173,TV Show,Th Eena Meena Deeka Chase Comedy Show,Mar-31-2018,2015,TV-Y7,Mar,1 Season
s8174,TV Show,Thackeray,May-25-2019,2019,TV-MA,May,1 Season
s8175,TV Show,That '70s Show," November 1, 2017",2005,TV-14,Nov,8 Seasons
s8176,TV Show,The 2000s,Feb-19-2019,2018,TV-MA,Feb,1 Season
s8177,Movie,The 24 Hour War,Nov-15-2019,2016,TV-MA,Nov,100 min
s8178,Movie,The 4th Company,Apr-6-2018,2016,TV-MA,Apr,117 min
s8179,Movie,The Accountant of Auschwitz,Jul-1-2019,2018,TV-14,Jul,78 min
s8180,Movie,The Adderall Diaries,Jul-15-2018,2015,R,Jul,87 min
s8181,TV Show,The Adjusters,Sep-18-2017,2010,TV-PG,Sep,2 Seasons
s8182,Movie,The Adventure Club,May-10-2017,2016,TV-Y7,May,88 min
s8183,TV Show,The Adventures of Figaro Pho,,2015,TV-Y7,Jan,2 Seasons
s8184,Movie,The Adventures of Sharkboy and Lavagirl,Dec-2-2020,2005,PG,Dec,93 min
s8185,Movie,The Adventures of Tintin,Nov-20-2019,2011,PG,Nov,107 min
s8186,Movie,The Aerial,Apr-1-2018,2007,TV-MA,Apr,99 min
s8187,Movie,The Age of Shadows,Jan-1-2018,2016,TV-MA,Jan,140 min
s8188,Movie,The American President,Jan-1-2021,1995,PG-13,Jan,113 min
s8189,Movie,The Amityville Horror,Jan-1-2020,2005,R,Jan,89 min
s8190,TV Show,The Andy Griffith Show," July 1, 2017",1967,TV-G,Jul,8 Seasons
s8191,Movie,The Angry Birds Movie 2,Feb-27-2020,2019,PG,Feb,97 min
s8192,Movie,The Animal People,Mar-11-2020,2019,TV-MA,Mar,97 min
s8193,Movie,The Ant's Scream,Jun-13-2019,2010,TV-14,Jun,108 min
s8194,TV Show,The Apartment," December 14, 2018",2014,TV-PG,Dec,2 Seasons
s8195,Movie,The Apostate,May-10-2017,2015,TV-MA,May,80 min
s8196,Movie,The Art of the Steal,Dec-8-2018,2013,R,Dec,90 min
s8197,Movie,The Art of War,Jul-1-2020,2000,R,Jul,117 min
s8198,Movie,The Assignment,Mar-15-2020,2016,R,Mar,95 min
s8199,Movie,The Autopsy of Jane Doe,Dec-30-2018,2016,R,Dec,86 min
s8200,TV Show,The Bachelor,Dec-1-2019,2009,TV-14,Dec,1 Season
s8201,Movie,The Bachelors,Feb-21-2018,2017,TV-14,Feb,100 min
s8202,Movie,The Bad Education Movie,Dec-15-2018,2015,TV-MA,Dec,87 min
s8203,Movie,The Bad Kids,Apr-1-2017,2016,TV-MA,Apr,101 min
s8204,Movie,The Bare-Footed Kid,Aug-16-2018,1993,TV-14,Aug,83 min
s8205,Movie,The Basement,Apr-9-2019,2018,TV-MA,Apr,89 min
s8206,Movie,The Battle of Midway,Mar-31-2017,1942,TV-14,Mar,18 min
s8207,TV Show,The Beat,Sep-18-2017,2012,TV-MA,Sep,1 Season
s8208,TV Show,The Beginning of Life: The Series,Nov-11-2016,2016,TV-PG,Nov,1 Season
s8209,TV Show,The Bible's Buried Secrets,Feb-1-2019,2011,TV-14,Feb,1 Season
s8210,TV Show,The Big Catch,Feb-1-2019,2015,TV-PG,Feb,1 Season
s8211,Movie,The Bill Murray Stories: Life Lessons Learned From a Mythical Man,Dec-31-2018,2018,TV-MA,Dec,72 min
s8212,Movie,The Black Room,Aug-7-2017,2016,TV-MA,Aug,95 min
s8213,Movie,The Blackcoat's Daughter,May-18-2019,2015,R,May,95 min
s8214,Movie,The Bleeder,Mar-29-2019,2016,R,Mar,98 min
s8215,TV Show,The Blue Planet: A Natural History of the Oceans,Oct-10-2015,2001,TV-G,Oct,1 Season
s8216,Movie,The Bomb,Aug-1-2017,2016,TV-14,Aug,59 min
s8217,TV Show,The Bomb Squad,Feb-1-2019,2011,TV-MA,Feb,1 Season
s8218,Movie,The Book of Eli,Jul-1-2019,2010,R,Jul,118 min
s8219,Movie,The Boss's Daughter,Mar-10-2017,2015,TV-MA,Mar,98 min
s8220,Movie,The Bounty Hunter,Oct-1-2019,2010,PG-13,Oct,111 min
s8221,Movie,The Box,Jun-1-2019,2009,PG-13,Jun,116 min
s8222,Movie,The Boy,Jun-1-2020,2016,PG-13,Jun,97 min
s8223,Movie,The Boy in the Striped Pajamas,Jan-1-2019,2008,PG-13,Jan,95 min
s8224,Movie,The Brave One,Nov-1-2019,2007,R,Nov,122 min
s8225,Movie,The Brawler,May-18-2019,2019,TV-MA,May,95 min
s8226,Movie,The Breadwinner,Feb-20-2018,2017,PG-13,Feb,93 min
s8227,Movie,The Break-Up,Jul-16-2019,2006,PG-13,Jul,107 min
s8228,Movie,The Bridge,Sep-1-2019,2017,TV-14,Sep,119 min
s8229,Movie,The Brothers Grimm,Jul-1-2019,2005,PG-13,Jul,119 min
s8230,Movie,The Bucket List,Oct-1-2019,2007,PG-13,Oct,97 min
s8231,Movie,The Bulbul's Nest,May-9-2019,2013,TV-MA,May,96 min
s8232,Movie,The Bund,Sep-20-2018,1983,TV-14,Sep,103 min
s8233,Movie,The Bye Bye Man,Apr-1-2019,2017,PG-13,Apr,96 min
s8234,Movie,The Bygone,Mar-23-2020,2019,TV-MA,Mar,106 min
s8235,Movie,The Cakemaker,Dec-4-2018,2017,TV-14,Dec,109 min
s8236,TV Show,The Calling,Apr-1-2019,2018,TV-MA,Apr,1 Season
s8237,Movie,The Captive,Jul-20-2018,2014,R,Jul,112 min
s8238,Movie,The Car,Jun-1-2020,1977,PG,Jun,96 min
s8239,Movie,The Carter Effect,May-1-2018,2017,TV-MA,May,60 min
s8240,Movie,The Case for Christ,Nov-21-2017,2017,TV-PG,Nov,113 min
s8241,Movie,The Cell,Jun-13-2019,2017,TV-MA,Jun,126 min
s8242,Movie,The CEO,Sep-1-2019,2016,TV-14,Sep,109 min
s8243,Movie,The Charnel House,Feb-4-2017,2016,R,Feb,93 min
s8244,TV Show,The Chefs' Line,Aug-1-2019,2017,TV-14,Aug,1 Season
s8245,Movie,The Chord,Jun-20-2019,2010,TV-MA,Jun,101 min
s8246,Movie,The Chosen,Apr-14-2017,2016,TV-14,Apr,111 min
s8247,Movie,The Chosen Ones,May-8-2016,2015,TV-MA,May,107 min
s8248,Movie,The Christmas Candle,Nov-1-2019,2013,PG,Nov,100 min
s8249,Movie,The Christmas Project,Mar-1-2019,2016,TV-PG,Mar,92 min
s8250,Movie,The Cincinnati Kid,Nov-1-2019,1965,TV-14,Nov,103 min
s8251,TV Show,The Code,Feb-1-2018,2011,TV-PG,Feb,1 Season
s8252,Movie,The Company Men,Jul-28-2018,2010,R,Jul,105 min
s8253,Movie,The Competition,Jul-23-2019,2018,TV-14,Jul,103 min
s8254,Movie,The Confirmation,Feb-6-2019,2016,PG-13,Feb,101 min
s8255,Movie,The Congress,Aug-23-2019,2013,TV-MA,Aug,123 min
s8256,Movie,The Consul's Son,Apr-25-2019,2011,TV-14,Apr,114 min
s8257,Movie,The Craft,Jan-1-2020,1996,R,Jan,101 min
s8258,TV Show,The Cravings," April 20, 2017",2016,TV-14,Apr,2 Seasons
s8259,Movie,The Croods,Jul-29-2019,2013,PG,Jul,99 min
s8260,Movie,The Crow,Jan-1-2019,1994,R,Jan,102 min
s8261,Movie,The Cruise,Oct-1-2019,1970,TV-PG,Oct,66 min
s8262,Movie,The Crying Game,Jan-1-2020,1992,R,Jan,112 min
s8263,TV Show,The Curse of Oak Island,Sep-15-2019,2016,TV-PG,Sep,1 Season
s8264,Movie,The D Train,Apr-2-2017,2015,R,Apr,101 min
s8265,Movie,The Damned Rain,Jan-1-2018,2009,TV-14,Jan,99 min
s8266,Movie,The Dancer,Dec-8-2018,2011,TV-MA,Dec,105 min
s8267,Movie,The Dark Crystal,May-1-2019,1982,PG,May,93 min
s8268,Movie,The Dark Side of Life: Mumbai City,Dec-31-2019,2018,TV-MA,Dec,121 min
s8269,Movie,The Darkest Dawn,Jun-23-2018,2016,TV-MA,Jun,75 min
s8270,Movie,The Daughter,Apr-26-2017,2015,TV-MA,Apr,95 min
s8271,Movie,The Dawn Wall,Mar-4-2019,2017,TV-MA,Mar,100 min
s8272,TV Show,The Day My Butt Went Psycho!," June 30, 2015",2015,TV-Y7,Jun,2 Seasons
s8273,Movie,The Departed,Jan-1-2021,2006,R,Jan,151 min
s8274,Movie,The Desert Bride,Nov-8-2018,2017,TV-14,Nov,78 min
s8275,Movie,The Detained,Feb-15-2019,2017,TV-14,Feb,85 min
s8276,Movie,The Devil and Father Amorth,Jul-23-2018,2017,TV-PG,Jul,69 min
s8277,Movie,The Devil Inside,Nov-20-2019,2012,R,Nov,84 min
s8278,TV Show,The Devil Is a Part-Timer!,Apr-1-2019,2013,TV-14,Apr,1 Season
s8279,Movie,The Devil We Know,Jan-15-2019,2018,TV-14,Jan,88 min
s8280,Movie,The Diabolical,Aug-1-2018,2015,TV-MA,Aug,86 min
s8281,Movie,The Dreamer,Oct-4-2018,2009,TV-PG,Oct,121 min
s8282,Movie,The Drowning,Sep-1-2017,2016,TV-MA,Sep,99 min
s8283,TV Show,The Drunk and on Drugs Happy Funtime Hour,Aug-24-2018,2011,TV-MA,Aug,1 Season
s8284,Movie,The Duel,Jun-2-2019,2016,R,Jun,110 min
s8285,Movie,The Dukes of Hazzard,Jan-1-2020,2005,PG-13,Jan,104 min
s8286,Movie,The Dukes of Hazzard: The Beginning,Jan-1-2020,2007,R,Jan,95 min
s8287,Movie,The Eichmann Show,Aug-31-2017,2015,TV-MA,Aug,96 min
s8288,TV Show,The Eighties,Sep-30-2018,2016,TV-PG,Sep,1 Season
s8289,Movie,The End of the Tour,Jul-26-2018,2015,R,Jul,106 min
s8290,Movie,The Endless,Sep-19-2018,2017,TV-MA,Sep,112 min
s8291,Movie,The Evil Dead,Jan-10-2020,1981,TV-MA,Jan,85 min
s8292,Movie,The Exception,Jul-26-2019,2016,R,Jul,107 min
s8293,Movie,The Eyes of My Mother,Apr-6-2017,2016,R,Apr,76 min
s8294,TV Show,The Fear,Mar-31-2017,2012,TV-MA,Mar,1 Season
s8295,Movie,The Fear of 13,Jun-1-2016,2015,TV-MA,Jun,95 min
s8296,Movie,The Feels,Jul-1-2018,2018,TV-MA,Jul,88 min
s8297,Movie,The Fighter,Jan-13-2019,2010,R,Jan,116 min
s8298,Movie,The Figurine (Araromire),Oct-1-2019,2009,TV-14,Oct,121 min
s8299,Movie,The Final Destination,Jan-1-2020,2009,R,Jan,82 min
s8300,Movie,The First Line,Sep-20-2016,2014,TV-14,Sep,87 min
s8301,Movie,The First Temptation of Christ,Dec-3-2019,2019,TV-MA,Dec,46 min
s8302,Movie,The First Wives Club,Nov-20-2019,1996,PG,Nov,103 min
s8303,TV Show,The Five,Sep-15-2017,2016,TV-MA,Sep,1 Season
s8304,Movie,The Five Venoms,Jul-31-2018,1978,R,Jul,97 min
s8305,Movie,The Flintstones,Oct-1-2019,1994,PG,Oct,91 min
s8306,Movie,The Flintstones in Viva Rock Vegas,Oct-1-2019,2000,PG,Oct,91 min
s8307,Movie,The Flying Guillotine,Jul-28-2018,1975,TV-MA,Jul,101 min
s8308,Movie,The Forbidden Kingdom,Jul-1-2019,2008,PG-13,Jul,104 min
s8309,Movie,The Force,Jan-29-2018,2017,TV-MA,Jan,92 min
s8310,Movie,The Foreigner,Feb-14-2020,2017,R,Feb,113 min
s8311,Movie,The Forgotten,Sep-11-2017,2014,TV-MA,Sep,89 min
s8312,TV Show,The Fosters," October 5, 2017",2017,TV-14,Oct,5 Seasons
s8313,Movie,The Founder,Aug-21-2020,2016,PG-13,Aug,115 min
s8314,Movie,The Free Man,Oct-1-2017,2016,TV-PG,Oct,84 min
s8315,Movie,The Frozen Ground,Aug-27-2020,2013,R,Aug,106 min
s8316,TV Show,The Furchester Hotel," February 1, 2017",2015,TV-Y,Feb,2 Seasons
s8317,TV Show,The Future of Water,Jul-1-2016,2007,TV-PG,Jul,1 Season
s8318,Movie,The Gathering,Dec-8-2018,2003,TV-14,Dec,124 min
s8319,Movie,The Gentleman Driver,Jan-31-2019,2018,TV-MA,Jan,83 min
s8320,Movie,The Ghost Who Walks,Apr-7-2020,2019,TV-MA,Apr,107 min
s8321,Movie,The Girl with the Dragon Tattoo,Jan-5-2021,2011,R,Jan,158 min
s8322,TV Show,The Golden Years with Javed Akhtar,Jun-1-2017,2016,TV-G,Jun,1 Season
s8323,Movie,The Golem,Jun-26-2019,2018,TV-MA,Jun,95 min
s8324,Movie,The Good Catholic,Jan-24-2018,2017,PG-13,Jan,97 min
s8325,Movie,The Good Neighbor,Dec-5-2016,2016,TV-MA,Dec,97 min
s8326,Movie,"The Goods: Live Hard, Sell Hard",Nov-20-2019,2009,R,Nov,89 min
s8327,Movie,The Gospel of John,Oct-20-2018,2014,TV-14,Oct,161 min
s8328,Movie,The Gospel of Luke,Oct-19-2018,2015,TV-14,Oct,205 min
s8329,Movie,The Gospel of Mark,Oct-19-2018,2015,TV-14,Oct,123 min
s8330,Movie,The Gospel of Matthew,Oct-19-2018,2014,TV-14,Oct,190 min
s8331,Movie,The Great Battle,Apr-8-2019,2018,TV-MA,Apr,136 min
s8332,TV Show,The Great British Baking Show: Masterclass,Dec-1-2018,2018,TV-PG,Dec,4 Seasons
s8333,Movie,The Great Gambler,Dec-31-2019,1979,TV-14,Dec,161 min
s8334,Movie,The Great Raid,Nov-1-2019,2005,R,Nov,133 min
s8335,TV Show,The Great Train Robbery,Mar-31-2017,2013,NR,Mar,1 Season
s8336,Movie,The Green Hornet,Apr-18-2020,2011,PG-13,Apr,119 min
s8337,TV Show,The Guild,Mar-2-2019,2013,TV-MA,Mar,1 Season
s8338,Movie,The Hatred,Dec-11-2017,2017,R,Dec,94 min
s8339,Movie,The Haunting of Molly Hartley,Oct-4-2018,2008,PG-13,Oct,85 min
s8340,Movie,The Healer,Jun-1-2020,2017,TV-14,Jun,108 min
s8341,Movie,The Heat: A Kitchen (R)evolution,May-7-2019,2018,TV-MA,May,71 min
s8342,Movie,The Help,Jun-1-2020,2011,PG-13,Jun,147 min
s8343,Movie,The Heretics,Sep-4-2019,2017,TV-MA,Sep,88 min
s8344,Movie,The Heroes of Evil,Jun-1-2016,2015,TV-MA,Jun,99 min
s8345,Movie,The Heyday of the Insensitive Bastards,Feb-26-2018,2017,TV-MA,Feb,96 min
s8346,Movie,The Hollow Point,Mar-16-2017,2016,R,Mar,97 min
s8347,Movie,The Holy Man,Jul-25-2018,2005,TV-14,Jul,92 min
s8348,TV Show,The Homecoming,Jun-2-2017,2015,TV-PG,Jun,1 Season
s8349,Movie,The House on Coco Road,Jun-30-2017,2016,TV-14,Jun,79 min
s8350,TV Show,The House That Made Me,Mar-31-2017,2015,TV-PG,Mar,3 Seasons
s8351,Movie,The Human Factor: The Untold Story of the Bombay Film Orchestras,Apr-1-2017,2013,TV-PG,Apr,53 min
s8352,Movie,The Humanity Bureau,Dec-18-2018,2017,R,Dec,94 min
s8353,Movie,The Hundred-Foot Journey,Jan-31-2019,2014,PG,Jan,123 min
s8354,TV Show,The Hunt,May-14-2017,2015,TV-PG,May,1 Season
s8355,Movie,The Hurricane Heist,Sep-26-2018,2018,PG-13,Sep,103 min
s8356,Movie,The Hurt Business,Feb-1-2017,2016,PG-13,Feb,111 min
s8357,Movie,The Imaginarium of Doctor Parnassus,Mar-8-2019,2009,PG-13,Mar,123 min
s8358,TV Show,The Inbetweeners," January 1, 2018",2010,TV-MA,Jan,3 Seasons
s8359,Movie,The Incident,Jun-19-2017,2014,TV-MA,Jun,100 min
s8360,Movie,The Incredible Story of the Giant Pear,Mar-1-2019,2018,TV-G,Mar,75 min
s8361,Movie,The Incredibles 2,Jan-30-2019,2018,PG,Jan,118 min
s8362,Movie,The Indian in the Cupboard,Nov-1-2020,1995,PG,Nov,96 min
s8363,Movie,The Informant!,Aug-1-2018,2009,R,Aug,108 min
s8364,Movie,The Intent,May-15-2017,2016,TV-MA,May,99 min
s8365,Movie,The Intent 2: The Come Up,Feb-21-2019,2018,TV-MA,Feb,103 min
s8366,Movie,The Invention of Lying,Jan-1-2020,2009,PG-13,Jan,99 min
s8367,TV Show,The Investigator: A British Crime Story,Mar-5-2020,2018,TV-MA,Mar,2 Seasons
s8368,Movie,The Invitation,Jul-8-2016,2015,TV-MA,Jul,100 min
s8369,TV Show,The Irish Mob,Dec-1-2016,2008,TV-MA,Dec,1 Season
s8370,Movie,The Iron Lady,Jul-7-2019,2011,PG-13,Jul,105 min
s8371,Movie,The Jack King Affair,Jan-2-2018,2015,TV-14,Jan,52 min
s8372,TV Show,The Jaime Maussan Show,Dec-1-2017,2010,TV-PG,Dec,1 Season
s8373,Movie,The Jane Austen Book Club,Mar-8-2019,2007,PG-13,Mar,106 min
s8374,TV Show,The Jungle Book,May-11-2019,2010,TV-Y7,May,1 Season
s8375,Movie,The Jungle School,Oct-30-2018,2013,TV-PG,Oct,90 min
s8376,Movie,The Keeping Hours,Sep-1-2018,2017,PG-13,Sep,95 min
s8377,TV Show,The Kindness Diaries,May-1-2019,2019,TV-PG,May,1 Season
s8378,Movie,The King's Speech,Jun-2-2018,2010,R,Jun,118 min
s8379,TV Show,The L Word," March 20, 2018",2009,TV-MA,Mar,6 Seasons
s8380,TV Show,The Lady in Dignity,Jan-30-2018,2017,TV-MA,Jan,1 Season
s8381,Movie,The Lake House,Sep-1-2019,2006,PG,Sep,98 min
s8382,Movie,The Lamb,Jun-4-2018,2017,PG,Jun,86 min
s8383,Movie,The Land of the Enlightened,Jan-1-2017,2016,TV-MA,Jan,84 min
s8384,Movie,The Last Days of Chez Nous,Nov-1-2016,1992,R,Nov,93 min
s8385,Movie,The Last Exorcism,Sep-1-2019,2010,PG-13,Sep,88 min
s8386,Movie,The Last Face,Jan-13-2020,2016,R,Jan,131 min
s8387,Movie,The Last Hangover,Dec-21-2018,2018,TV-MA,Dec,44 min
s8388,Movie,The Last Man on the Moon,May-26-2016,2014,TV-PG,May,96 min
s8389,Movie,The Last Resort,Apr-21-2019,2018,TV-14,Apr,70 min
s8390,Movie,The Last Whistle,Oct-26-2019,2019,PG,Oct,88 min
s8391,Movie,The Legend of 420,Dec-1-2017,2017,TV-MA,Dec,87 min
s8392,Movie,The Legend of Michael Mishra,Apr-1-2019,2016,TV-14,Apr,118 min
s8393,TV Show,The Liar,Oct-21-2017,2013,TV-14,Oct,1 Season
s8394,Movie,The Little Hours,Dec-23-2018,2017,R,Dec,89 min
s8395,Movie,The Little Mermaid,Dec-1-2018,2018,PG,Dec,85 min
s8396,Movie,The Little Prince,Nov-6-2020,2015,PG,Nov,107 min
s8397,Movie,The Lives of Others,Mar-15-2019,2006,R,Mar,138 min
s8398,TV Show,The Lizzie Borden Chronicles,Feb-1-2016,2015,TV-14,Feb,1 Season
s8399,Movie,The Lobster,Dec-2-2018,2015,R,Dec,119 min
s8400,Movie,The Lodgers,Aug-23-2018,2017,R,Aug,93 min
s8401,Movie,The Long Goodbye: The Kara Tippetts Story,Jun-23-2019,2019,TV-PG,Jun,87 min
s8402,Movie,The Longest Yard,Nov-20-2019,1974,R,Nov,121 min
s8403,Movie,The Longshots,Jan-30-2019,2008,PG,Jan,95 min
s8404,Movie,The Look of Silence,Feb-26-2016,2014,PG-13,Feb,103 min
s8405,Movie,The Lord of the Rings: The Return of the King,Jan-1-2020,2003,PG-13,Jan,201 min
s8406,Movie,The Lord of the Rings: The Two Towers,Jan-1-2020,2002,PG-13,Jan,179 min
s8407,Movie,The Love Guru,Nov-20-2019,2008,PG-13,Nov,87 min
s8408,Movie,The Lovers and the Despot,Feb-23-2017,2016,TV-14,Feb,98 min
s8409,Movie,The lynx,Oct-1-2019,1982,TV-14,Oct,82 min
s8410,Movie,The Mad Monk,Aug-16-2018,1993,TV-14,Aug,85 min
s8411,Movie,The Magic Pill,Apr-24-2018,2017,TV-PG,Apr,90 min
s8412,TV Show,The Making of Frozen Planet,Jan-28-2016,2012,TV-PG,Jan,1 Season
s8413,Movie,The Man Who Would Be Polka King,Jan-12-2018,2009,TV-14,Jan,68 min
s8414,Movie,The Mask of Zorro,Jan-1-2020,1998,PG-13,Jan,138 min
s8415,Movie,The Matrix,Nov-1-2019,1999,R,Nov,136 min
s8416,Movie,The Matrix Reloaded,Nov-1-2019,2003,R,Nov,138 min
s8417,Movie,The Matrix Revolutions,Nov-1-2019,2003,R,Nov,129 min
s8418,Movie,The Mayo Clinic,Apr-19-2019,2018,TV-14,Apr,116 min
s8419,Movie,The Mayor,Sep-30-2017,2017,TV-MA,Sep,130 min
s8420,Movie,"The Memphis Belle: A Story of a
Flying Fortress",Mar-31-2017,1944,TV-PG,Mar,40 min
s8421,Movie,The Men Who Stare at Goats,Jun-4-2019,2009,R,Jun,94 min
s8422,TV Show,The Messengers,Apr-17-2016,2015,TV-14,Apr,1 Season
s8423,TV Show,The Mind of a Chef," November 1, 2017",2016,TV-PG,Nov,5 Seasons
s8424,TV Show,The Minimighty Kids," April 15, 2018",2012,TV-G,Apr,2 Seasons
s8425,TV Show,The Ministry of Time," January 28, 2018",2017,TV-MA,Jan,3 Seasons
s8426,Movie,The Model,Dec-6-2016,2016,TV-MA,Dec,104 min
s8427,Movie,The Monster,Jan-9-2019,2016,R,Jan,91 min
s8428,Movie,The Monster of Mangatiti,Dec-15-2015,2015,TV-MA,Dec,70 min
s8429,TV Show,The Mortified Guide,Feb-14-2018,2018,TV-MA,Feb,1 Season
s8430,TV Show,The Most Beautiful Hands of Delhi,Jul-20-2017,2017,TV-MA,Jul,1 Season
s8431,Movie,The Muppets,Sep-1-2020,2011,PG,Sep,104 min
s8432,TV Show,The Murder Detectives,Mar-31-2017,2015,TV-MA,Mar,1 Season
s8433,Movie,The Music of Silence,Jul-1-2018,2017,TV-PG,Jul,115 min
s8434,Movie,The Naked Gun 2 1/2: The Smell of Fear,Jan-1-2020,1991,PG-13,Jan,85 min
s8435,Movie,The Naked Gun: From the Files of Police Squad!,Jan-1-2021,1988,PG-13,Jan,85 min
s8436,Movie,The Natural,Jan-1-2020,1984,PG,Jan,138 min
s8437,Movie,The Negro Soldier,Mar-31-2017,1944,TV-14,Mar,40 min
s8438,TV Show,The Netflix Afterparty,Jan-2-2021,2021,TV-MA,Jan,1 Season
s8439,Movie,The New Romantic,Apr-15-2019,2018,TV-MA,Apr,82 min
s8440,TV Show,The Nineties,Sep-30-2018,2017,TV-14,Sep,1 Season
s8441,Movie,The NSU-Complex,Dec-28-2016,2016,TV-14,Dec,90 min
s8442,Movie,The Nutcracker and the Four Realms,May-28-2019,2018,PG,May,99 min
s8443,TV Show,The Office (U.S.)," January 1, 2016",2012,TV-14,Jan,9 Seasons
s8444,Movie,The One I Love,May-30-2019,2014,R,May,91 min
s8445,Movie,The Only Mother To You All,Feb-27-2019,2008,TV-PG,Feb,106 min
s8446,Movie,The Other Guys,Feb-1-2020,2010,PG-13,Feb,108 min
s8447,Movie,The Parole Officer,Aug-1-2018,2001,R,Aug,94 min
s8448,Movie,The Pass,Jan-1-2019,2016,NR,Jan,87 min
s8449,Movie,The Peacemaker,Jan-1-2020,1997,R,Jan,124 min
s8450,Movie,The Pelican Brief,Nov-1-2019,1993,PG-13,Nov,141 min
s8451,Movie,The Perfect Day,Sep-1-2018,2018,TV-14,Sep,93 min
s8452,Movie,The Perks of Being a Wallflower,Apr-1-2020,2012,PG-13,Apr,103 min
s8453,Movie,The Phantom of the Opera,Jun-1-2019,2004,PG-13,Jun,141 min
s8454,Movie,The Physician,Jul-15-2015,2013,R,Jul,155 min
s8455,Movie,The Pink Panther,Jul-1-2019,2006,PG,Jul,93 min
s8456,Movie,The Pirate Fairy,Jun-15-2014,2014,G,Jun,78 min
s8457,Movie,The Pirates of Somalia,Mar-1-2018,2017,R,Mar,118 min
s8458,Movie,The Pirates! Band of Misfits,Oct-1-2020,2012,PG,Oct,88 min
s8459,Movie,The Place Beyond the Pines,May-16-2017,2012,R,May,140 min
s8460,Movie,The Plan,Mar-1-2018,2015,TV-MA,Mar,124 min
s8461,Movie,The Player,Jun-20-2019,2012,TV-MA,Jun,110 min
s8462,Movie,The Polar Express,Jan-1-2021,2004,G,Jan,100 min
s8463,Movie,The Power of Grayskull: The Definitive History of He-Man and the Masters of the Universe,Aug-24-2018,2017,TV-14,Aug,96 min
s8464,Movie,The President's Barber,Oct-1-2017,2004,TV-MA,Oct,116 min
s8465,Movie,The Prince,Feb-22-2019,2014,R,Feb,91 min
s8466,Movie,The Prince & Me,Oct-1-2020,2004,PG,Oct,111 min
s8467,Movie,The Princess and the Frog,Jul-16-2019,2009,G,Jul,98 min
s8468,Movie,The Prison,Nov-18-2017,2017,TV-MA,Nov,125 min
s8469,Movie,The Pursuit,Aug-7-2019,2019,TV-14,Aug,76 min
s8470,Movie,The Pursuit of Happyness,Oct-1-2019,2006,PG-13,Oct,117 min
s8471,Movie,The Push,Jun-7-2019,2018,TV-MA,Jun,90 min
s8472,TV Show,The Pyramid Code,Feb-8-2016,2009,TV-PG,Feb,1 Season
s8473,Movie,The Rainbow Troops,Oct-21-2018,2008,TV-PG,Oct,119 min
s8474,Movie,The Rainmaker,Nov-20-2019,1997,PG-13,Nov,136 min
s8475,TV Show,The Rap Game,Sep-15-2019,2016,TV-14,Sep,1 Season
s8476,Movie,The Rat Race,Jan-1-2017,2010,TV-PG,Jan,52 min
s8477,TV Show,The Real Football Factories,Dec-29-2017,2006,TV-MA,Dec,1 Season
s8478,Movie,The Real Miyagi,Jun-16-2017,2015,TV-PG,Jun,81 min
s8479,Movie,The Rebound,Feb-28-2019,2016,TV-MA,Feb,77 min
s8480,Movie,The Redeemed and the Dominant: Fittest on Earth,Jul-1-2018,2017,TV-14,Jul,120 min
s8481,Movie,The Rehearsal,Jan-1-2018,2016,TV-MA,Jan,102 min
s8482,Movie,The Republic of Imbaba,Jun-6-2019,2015,TV-14,Jun,90 min
s8483,TV Show,The Returned,Feb-17-2019,2015,TV-MA,Feb,1 Season
s8484,Movie,The Rezort,Jan-16-2017,2016,TV-MA,Jan,90 min
s8485,Movie,The Rift: The Dark Side of the Moon,Feb-26-2018,2016,TV-MA,Feb,92 min
s8486,Movie,The Right One,Jun-13-2019,2011,TV-14,Jun,93 min
s8487,Movie,The Ring,Jan-1-2020,2002,PG-13,Jan,116 min
s8488,Movie,The Riot Club,Mar-16-2017,2014,R,Mar,107 min
s8489,Movie,The River Thief,Jan-14-2017,2016,NR,Jan,87 min
s8490,Movie,The River Wild,Sep-1-2018,1994,PG-13,Sep,111 min
s8491,TV Show,The Road to Calvary,Sep-1-2018,2017,TV-14,Sep,1 Season
s8492,Movie,The Rolling Stones: Olé Olé Olé! A Trip Across Latin America,Mar-22-2019,2016,TV-MA,Mar,101 min
s8493,Movie,The Roommate,Apr-1-2020,2011,PG-13,Apr,91 min
s8494,Movie,The Rover,Jul-19-2018,2014,R,Jul,103 min
s8495,Movie,THE RUM DIARY,Dec-6-2019,2011,R,Dec,120 min
s8496,Movie,The Runner,Sep-8-2017,2015,R,Sep,90 min
s8497,Movie,The Salvation,Mar-2-2017,2014,R,Mar,92 min
s8498,Movie,The Sapphires,Apr-26-2019,2012,PG-13,Apr,99 min
s8499,Movie,The Score,Nov-28-2019,2001,R,Nov,124 min
s8500,Movie,The Sea of Trees,Nov-8-2018,2015,PG-13,Nov,111 min
s8501,Movie,The Search for Life in Space,Apr-1-2018,2016,TV-G,Apr,32 min
s8502,Movie,The Secret Life of Pets 2,Dec-27-2019,2019,PG,Dec,86 min
s8503,Movie,The Seven Five,Apr-14-2017,2014,R,Apr,104 min
s8504,TV Show,The Seventies,Sep-30-2018,2015,TV-PG,Sep,1 Season
s8505,Movie,The Shaukeens,Mar-1-2018,2014,TV-MA,Mar,123 min
s8506,Movie,The Show,Jun-1-2020,2017,TV-MA,Jun,105 min
s8507,Movie,The Sign of Venus,Nov-13-2020,1955,TV-14,Nov,97 min
s8508,Movie,The Signal,Jul-13-2018,2014,PG-13,Jul,97 min
s8509,Movie,The Similars,Jan-15-2017,2015,NR,Jan,90 min
s8510,Movie,The Sinking Of Van Der Wijck,Sep-28-2018,2013,TV-14,Sep,163 min
s8511,TV Show,The Sniffer," June 1, 2018",2017,TV-MA,Jun,3 Seasons
s8512,Movie,The Social Network,Apr-1-2020,2010,PG-13,Apr,121 min
s8513,Movie,The Space Between Us,Jun-1-2019,2016,PG-13,Jun,120 min
s8514,Movie,The Spectacular Now,Jul-15-2018,2013,R,Jul,95 min
s8515,Movie,The spiral,Oct-1-2019,1978,TV-MA,Oct,84 min
s8516,Movie,The Spy Next Door,Nov-1-2020,2010,PG,Nov,94 min
s8517,Movie,The Spy Who Fell to Earth,Apr-5-2019,2019,TV-MA,Apr,94 min
s8518,Movie,The Stanford Prison Experiment,Jun-17-2017,2015,R,Jun,122 min
s8519,TV Show,The Story of God with Morgan Freeman," February 1, 2019",2017,TV-14,Feb,2 Seasons
s8520,TV Show,The Story of Us with Morgan Freeman,Feb-1-2019,2017,TV-14,Feb,1 Season
s8521,Movie,The Student,Mar-15-2019,2017,TV-14,Mar,90 min
s8522,Movie,The Sunshine Makers,Mar-9-2017,2015,TV-MA,Mar,91 min
s8523,Movie,The Super,Feb-16-2019,2017,R,Feb,89 min
s8524,TV Show,The Super Mario Bros. Super Show!,May-22-2016,1989,TV-Y7,May,1 Season
s8525,Movie,The Surrounding Game,Aug-30-2018,2018,TV-14,Aug,98 min
s8526,Movie,The Taking of Pelham 123,Sep-1-2019,2009,R,Sep,106 min
s8527,Movie,The Talented Mr. Ripley,Jan-1-2020,1999,R,Jan,139 min
s8528,Movie,The Texas Chainsaw Massacre,Oct-22-2019,1974,R,Oct,83 min
s8529,Movie,The Thief and the Imbecile,Jun-6-2019,2013,TV-14,Jun,96 min
s8530,Movie,The Tiger Hunter,Apr-9-2018,2016,TV-14,Apr,94 min
s8531,Movie,The Tigers of Scotland,Nov-1-2018,2017,TV-G,Nov,58 min
s8532,Movie,The Time Machine,Nov-23-2019,2002,PG-13,Nov,96 min
s8533,Movie,The Time Traveler's Wife,Oct-1-2019,2009,PG-13,Oct,107 min
s8534,TV Show,The Traffickers,Jan-22-2018,2016,TV-MA,Jan,1 Season
s8535,Movie,The Tribes of Palos Verdes,Dec-1-2019,2017,R,Dec,104 min
s8536,Movie,The Trigger Effect,Jan-1-2018,1996,R,Jan,94 min
s8537,Movie,The Trip to Spain,Dec-12-2017,2016,TV-MA,Dec,108 min
s8538,Movie,The Trust,Apr-1-2019,2015,R,Apr,91 min
s8539,Movie,The Truth About Alcohol,Aug-1-2017,2016,TV-14,Aug,58 min
s8540,TV Show,The Tudors," January 8, 2018",2010,TV-MA,Jan,4 Seasons
s8541,Movie,The Tuxedo,Nov-1-2019,2002,PG-13,Nov,99 min
s8542,TV Show,The Twilight Zone (Original Series),Jul-1-2017,1963,TV-14,Jul,4 Seasons
s8543,Movie,The Ugly Truth,Apr-25-2019,2009,R,Apr,96 min
s8544,Movie,The Unborn Child,Jul-30-2018,2011,TV-MA,Jul,93 min
s8545,TV Show,The Underwear,Jun-19-2018,2017,TV-MA,Jun,1 Season
s8546,TV Show,The Universe,Sep-15-2019,2009,TV-14,Sep,1 Season
s8547,Movie,The Unknown Girl,Dec-12-2017,2016,TV-MA,Dec,106 min
s8548,Movie,The Unknown Known,Feb-22-2019,2013,PG-13,Feb,103 min
s8549,Movie,The Vatican Tapes,Apr-20-2020,2015,PG-13,Apr,91 min
s8550,TV Show,The Vietnam War: A Film by Ken Burns and Lynn Novick,Jun-20-2018,2017,TV-MA,Jun,1 Season
s8551,Movie,The Walls of the Moon,Apr-18-2019,2015,TV-14,Apr,98 min
s8552,TV Show,The War: A Film by Ken Burns and Lynn Novick,Feb-22-2017,2007,TV-14,Feb,1 Season
s8553,Movie,The Water Diviner,Oct-7-2019,2014,R,Oct,111 min
s8554,Movie,The Water Horse: Legend of the Deep,Nov-1-2018,2007,PG,Nov,112 min
s8555,Movie,The Waterboy,Mar-8-2017,1998,PG-13,Mar,90 min
s8556,Movie,The Wedding Curse,Mar-21-2019,2006,TV-PG,Mar,101 min
s8557,Movie,The Wedding Party 2: Destination Dubai,Sep-21-2019,2017,TV-14,Sep,98 min
s8558,TV Show,The West Wing," December 25, 2015",2005,TV-14,Dec,7 Seasons
s8559,Movie,The Witch,Sep-17-2018,2015,R,Sep,92 min
s8560,Movie,The Witch Files,Feb-1-2019,2018,TV-14,Feb,88 min
s8561,TV Show,The Womanizer,Sep-1-2016,2010,TV-MA,Sep,1 Season
s8562,Movie,The Women Who Kill Lions,Aug-1-2017,2016,TV-MA,Aug,47 min
s8563,Movie,The Women's Balcony,Dec-19-2017,2016,TV-PG,Dec,100 min
s8564,Movie,The Workshop,Nov-10-2018,2017,TV-MA,Nov,114 min
s8565,Movie,The World Is Not Enough,Dec-31-2019,1999,PG-13,Dec,128 min
s8566,Movie,The World's Most Wanted Animal,Apr-1-2019,2018,TV-PG,Apr,53 min
s8567,Movie,The Wrong Babysitter,Jun-18-2019,2017,TV-14,Jun,89 min
s8568,TV Show,The Year of Happiness and Love,Sep-1-2016,2009,TV-PG,Sep,1 Season
s8569,Movie,The Young Offenders,Mar-9-2017,2016,TV-MA,Mar,83 min
s8570,Movie,The Young Vagabond,Aug-16-2018,1985,TV-14,Aug,85 min
s8571,Movie,Theater of Life,Jul-18-2017,2016,TV-PG,Jul,94 min
s8572,Movie,Theeram,Jul-1-2018,2017,TV-14,Jul,104 min
s8573,Movie,"Thelonious Monk: Straight, No Chaser",Nov-1-2019,1988,PG-13,Nov,89 min
s8574,Movie,Theo Who Lived,Dec-16-2016,2016,TV-14,Dec,86 min
s8575,TV Show,ThirTEEN Terrors,Mar-1-2019,2014,TV-14,Mar,1 Season
s8576,TV Show,This Is My Love,May-22-2017,2015,TV-14,May,1 Season
s8577,Movie,This Is Not What I Expected,Oct-14-2017,2017,TV-PG,Oct,107 min
s8578,Movie,This Was Tomorrow,Dec-15-2015,2015,NR,Dec,77 min
s8579,Movie,Thithi,Mar-9-2017,2015,TV-MA,Mar,123 min
s8580,Movie,Thong Dee Fun Khao,Jan-15-2018,2017,TV-MA,Jan,122 min
s8581,Movie,Thor: Ragnarok,Jun-5-2018,2017,PG-13,Jun,131 min
s8582,Movie,Thor: Tales of Asgard,Apr-15-2020,2011,TV-Y7,Apr,77 min
s8583,Movie,Thorne: Scaredy Cat,Nov-2-2016,2010,NR,Nov,125 min
s8584,Movie,Thorne: Sleepyhead,Nov-2-2016,2010,NR,Nov,125 min
s8585,Movie,Three,Jun-3-2017,2016,TV-MA,Jun,88 min
s8586,Movie,Three-Quarters Decent,Jun-20-2019,2010,TV-14,Jun,96 min
s8587,Movie,Thumper,Feb-5-2018,2017,TV-MA,Feb,93 min
s8588,Movie,Thunderbolt,Mar-31-2017,1947,TV-PG,Mar,42 min
s8589,TV Show,Tientsin Mystic,Feb-9-2018,2017,TV-14,Feb,1 Season
s8590,Movie,Tik Tok,Jul-1-2017,2016,TV-14,Jul,108 min
s8591,Movie,Tikli and Laxmi Bomb,Aug-1-2018,2017,TV-MA,Aug,151 min
s8592,Movie,Time Please,Jan-1-2018,2013,TV-14,Jan,125 min
s8593,TV Show,Timeless Season,Sep-18-2017,2009,TV-14,Sep,1 Season
s8594,TV Show,Timeline,Feb-23-2018,2014,TV-14,Feb,1 Season
s8595,Movie,Tinker Bell and the Legend of the NeverBeast,May-17-2015,2014,G,May,78 min
s8596,Movie,Tinker',Mar-19-2019,2018,TV-14,Mar,97 min
s8597,TV Show,Tip the Mouse,Sep-1-2017,2014,TV-Y,Sep,1 Season
s8598,Movie,To Be a Miss,Jan-1-2017,2016,TV-14,Jan,84 min
s8599,Movie,"To Wong Foo, Thanks for Everything! Julie Newmar",Aug-1-2019,1995,PG-13,Aug,108 min
s8600,TV Show,Toast of London,Sep-1-2017,2015,TV-MA,Sep,3 Seasons
s8601,TV Show,Tobot,Sep-11-2019,2018,TV-Y7,Sep,2 Seasons
s8602,Movie,Tokyo Idols,Oct-1-2017,2017,TV-14,Oct,89 min
s8603,Movie,Tom and Jerry: The Magic Ring,Dec-15-2019,2001,TV-Y7,Dec,60 min
s8604,Movie,Tomorrow Never Dies,Dec-31-2019,1997,PG-13,Dec,119 min
s8605,TV Show,Top 10 Secrets and Mysteries,Mar-15-2019,2018,TV-14,Mar,1 Season
s8606,TV Show,Top Grier,Dec-31-2018,2018,TV-MA,Dec,3 Seasons
s8607,Movie,Tope: The Bait,Mar-1-2018,2016,TV-14,Mar,87 min
s8608,Movie,Tortilla Soup,Sep-15-2020,2001,PG-13,Sep,104 min
s8609,Movie,Total Frat Movie,Dec-19-2016,2016,NR,Dec,94 min
s8610,TV Show,Towies,Dec-27-2017,2016,TV-MA,Dec,1 Season
s8611,Movie,Tracers,Oct-22-2019,2015,PG-13,Oct,94 min
s8612,Movie,Traffic Signal,Dec-31-2019,2007,TV-MA,Dec,130 min
s8613,Movie,Train of the Dead,Jul-25-2018,2007,TV-MA,Jul,88 min
s8614,Movie,Train to Busan,Mar-18-2017,2016,TV-MA,Mar,118 min
s8615,Movie,Trainspotting,Oct-1-2019,1996,R,Oct,94 min
s8616,Movie,Traitor,Jul-1-2018,2008,PG-13,Jul,114 min
s8617,Movie,Transcendence,Nov-1-2018,2014,PG-13,Nov,119 min
s8618,Movie,Trash,Jan-1-2019,2014,R,Jan,114 min
s8619,Movie,Trash Fire,Feb-2-2017,2016,R,Feb,94 min
s8620,Movie,Treasures from the Wreck of the Unbelievable,Jan-1-2018,2017,TV-G,Jan,82 min
s8621,Movie,Tree Man,Nov-1-2016,2015,TV-PG,Nov,82 min
s8622,Movie,Tremors,Jan-1-2020,1990,PG-13,Jan,96 min
s8623,Movie,Tremors 2: Aftershocks,Jan-1-2020,1995,PG-13,Jan,100 min
s8624,Movie,Tremors 3: Back to Perfection,Jan-1-2020,2001,PG,Jan,104 min
s8625,Movie,Tremors 4: The Legend Begins,Jan-1-2020,2004,PG-13,Jan,101 min
s8626,Movie,Tremors 5:  Bloodline,Jan-1-2020,2015,PG-13,Jan,99 min
s8627,Movie,Tremors 6: A Cold Day in Hell,May-1-2018,2018,PG-13,May,98 min
s8628,Movie,Trespass Against Us,Feb-22-2019,2016,R,Feb,100 min
s8629,Movie,"Trikal (Past, Present, Future)",Dec-31-2019,1985,TV-14,Dec,134 min
s8630,Movie,Trimurti,Mar-1-2018,1995,TV-PG,Mar,173 min
s8631,Movie,Trip to Bhangarh: Asia's Most Haunted Place,Nov-1-2017,2014,TV-MA,Nov,113 min
s8632,Movie,Trixie Mattel: Moving Parts,Mar-27-2020,2019,TV-MA,Mar,91 min
s8633,Movie,Trophy,Feb-13-2018,2017,TV-MA,Feb,110 min
s8634,TV Show,Trotsky,Dec-10-2018,2017,TV-MA,Dec,1 Season
s8635,Movie,Troy: The Odyssey,Mar-12-2018,2017,TV-MA,Mar,90 min
s8636,Movie,True Grit,Jan-1-2020,1969,G,Jan,128 min
s8637,Movie,True to the Game,Mar-1-2018,2017,R,Mar,108 min
s8638,Movie,Trumbo,May-19-2020,2015,R,May,124 min
s8639,Movie,Tucker and Dale vs. Evil,Mar-29-2019,2010,R,Mar,89 min
s8640,Movie,Tukaram,Feb-15-2018,2012,TV-PG,Feb,162 min
s8641,Movie,Tunisian Victory,Mar-31-2017,1944,TV-14,Mar,76 min
s8642,Movie,Turbo,Sep-12-2019,2013,PG,Sep,96 min
s8643,Movie,Tusk,Jul-24-2018,2014,R,Jul,102 min
s8644,Movie,Twice,Dec-31-2017,2010,TV-14,Dec,53 min
s8645,TV Show,Twin Peaks,Jul-1-2017,1990,TV-14,Jul,2 Seasons
s8646,Movie,Twinsanity,Mar-15-2019,2018,TV-MA,Mar,86 min
s8647,TV Show,Twirlywoos,May-15-2020,2018,TV-Y,May,2 Seasons
s8648,Movie,"Twisted Trunk, Big Fat Body",Jan-15-2017,2015,TV-14,Jan,89 min
s8649,Movie,Two Graves,May-1-2019,2018,TV-MA,May,80 min
s8650,Movie,Two Lovers and a Bear,May-2-2017,2016,R,May,95 min
s8651,Movie,Tyke Elephant Outlaw,Dec-1-2015,2015,TV-14,Dec,78 min
s8652,Movie,Tyson,Mar-1-2019,2008,R,Mar,90 min
s8653,Movie,Ugly,Mar-1-2017,2013,NR,Mar,125 min
s8654,TV Show,Ugly Duckling,Feb-15-2019,2015,TV-14,Feb,4 Seasons
s8655,Movie,Una,Apr-1-2018,2016,R,Apr,94 min
s8656,Movie,Unaccompanied Minors,Oct-1-2019,2006,PG,Oct,90 min
s8657,Movie,Unacknowledged,Aug-21-2017,2017,TV-MA,Aug,104 min
s8658,Movie,Under an Arctic Sky,Dec-15-2017,2017,TV-14,Dec,40 min
s8659,Movie,Under The Skin,Jul-15-2018,2013,R,Jul,108 min
s8660,Movie,Undercover Grandpa,Nov-1-2017,2016,PG-13,Nov,94 min
s8661,Movie,Undercover: How to Operate Behind Enemy Lines,Mar-31-2017,1943,TV-PG,Mar,61 min
s8662,Movie,Unfinished Song,Jul-22-2019,2012,PG-13,Jul,94 min
s8663,Movie,Union Leader,Dec-31-2019,2017,TV-14,Dec,105 min
s8664,Movie,Unruly Friends,Jun-20-2019,2011,TV-14,Jun,83 min
s8665,Movie,Up in the Air,Jan-1-2020,2009,R,Jan,110 min
s8666,Movie,Urvi,Jan-15-2018,2017,TV-MA,Jan,121 min
s8667,Movie,Used Goods,Sep-1-2019,2018,TV-14,Sep,95 min
s8668,Movie,USS Indianapolis: Men of Courage,Sep-25-2019,2016,R,Sep,130 min
s8669,Movie,V for Vendetta,Oct-1-2018,2005,R,Oct,132 min
s8670,TV Show,V.R. Troopers,Jan-1-2016,1995,TV-G,Jan,2 Seasons
s8671,Movie,Vantage Point,Nov-1-2019,2008,PG-13,Nov,90 min
s8672,Movie,Veerappan,Oct-15-2017,2016,TV-14,Oct,117 min
s8673,Movie,Veerey Ki Wedding,Dec-31-2019,2018,TV-14,Dec,130 min
s8674,Movie,Vegas Baby,Jul-4-2017,2016,TV-14,Jul,78 min
s8675,Movie,Viceroy's House,Dec-12-2017,2017,NR,Dec,106 min
s8676,Movie,Victor,Jul-24-2017,2015,PG-13,Jul,110 min
s8677,Movie,Viking Destiny,Feb-2-2019,2018,R,Feb,91 min
s8678,Movie,Vikings Unearthed,Mar-1-2017,2016,TV-PG,Mar,113 min
s8679,Movie,Vincent N Roxxy,Sep-2-2017,2016,R,Sep,101 min
s8680,TV Show,ViR: The Robot Boy,Mar-31-2018,2013,TV-Y7,Mar,2 Seasons
s8681,Movie,Viswasapoorvam Mansoor,Jul-1-2018,2017,TV-14,Jul,125 min
s8682,Movie,Vitti Dandu,Jul-15-2017,2014,TV-14,Jul,116 min
s8683,Movie,Vizontele Tuuba,Mar-10-2017,2004,NR,Mar,106 min
s8684,Movie,Vodka Diaries,Dec-31-2019,2018,TV-14,Dec,113 min
s8685,TV Show,Vroomiz," August 1, 2017",2016,TV-Y,Aug,3 Seasons
s8686,Movie,VS.,Jun-19-2019,2018,TV-MA,Jun,99 min
s8687,Movie,Waar,Jul-1-2017,2013,TV-MA,Jul,130 min
s8688,Movie,Waarrior Savitri,Nov-1-2017,2016,TV-14,Nov,120 min
s8689,Movie,Waiting,May-1-2018,2015,TV-MA,May,94 min
s8690,Movie,Waiting...,Sep-23-2020,2005,R,Sep,94 min
s8691,TV Show,Wake Up,Mar-31-2018,2017,TV-14,Mar,2 Seasons
s8692,Movie,Wakefield,Mar-2-2019,2016,R,Mar,109 min
s8693,Movie,Walk with Me,Dec-26-2017,2017,TV-PG,Dec,94 min
s8694,Movie,Walking Out,Oct-1-2019,2017,PG-13,Oct,96 min
s8695,Movie,War,Apr-1-2019,2007,R,Apr,103 min
s8696,Movie,War Chhod Na Yaar,Mar-2-2019,2013,TV-14,Mar,109 min
s8697,Movie,War Horse,May-6-2019,2011,PG-13,May,147 min
s8698,Movie,War on Everyone,Dec-3-2019,2016,R,Dec,98 min
s8699,Movie,Warda,Apr-18-2019,2014,TV-14,Apr,73 min
s8700,Movie,Warehoused,Nov-1-2017,2015,TV-14,Nov,92 min
s8701,TV Show,Wartime Portraits,Sep-15-2016,2014,TV-MA,Sep,1 Season
s8702,Movie,Water & Power: A California Heist,Feb-1-2018,2017,PG,Feb,78 min
s8703,Movie,Waterschool,Jul-25-2018,2018,TV-G,Jul,68 min
s8704,Movie,We Are Your Friends,Jan-27-2020,2015,R,Jan,96 min
s8705,Movie,We Belong Together,Jul-16-2019,2018,TV-14,Jul,83 min
s8706,Movie,We Need to Talk,Sep-1-2016,2016,TV-MA,Sep,91 min
s8707,Movie,We the Animals,Feb-11-2019,2018,R,Feb,93 min
s8708,Movie,"We, the Marines",Jul-1-2018,2017,TV-PG,Jul,38 min
s8709,Movie,We're No Animals,Aug-15-2017,2015,TV-MA,Aug,94 min
s8710,Movie,Weather forecast,Oct-1-2019,1983,TV-MA,Oct,91 min
s8711,TV Show,Weeds,Apr-1-2014,2012,TV-MA,Apr,8 Seasons
s8712,Movie,Weeds on Fire,Sep-27-2018,2016,TV-MA,Sep,95 min
s8713,TV Show,Weird Wonders of the World," March 31, 2017",2016,TV-PG,Mar,2 Seasons
s8714,Movie,Welcome 2 Karachi,Mar-1-2018,2015,TV-MA,Mar,124 min
s8715,Movie,Welcome to Monster High: The Origin Story,Oct-1-2017,2016,TV-Y7,Oct,73 min
s8716,Movie,Welcome to New York,Mar-23-2017,2014,R,Mar,108 min
s8717,Movie,Welcome to Willits,Feb-6-2018,2017,TV-MA,Feb,84 min
s8718,Movie,Westerplatte Resists,Oct-1-2019,1967,TV-MA,Oct,93 min
s8719,Movie,Westside vs. the World,Aug-9-2019,2019,TV-MA,Aug,96 min
s8720,Movie,What a Wonderful Family!,Jul-1-2018,2017,TV-14,Jul,102 min
s8721,TV Show,What Happens to My Family,May-5-2017,2016,TV-14,May,1 Season
s8722,TV Show,What Is Love?,Jan-1-2017,2012,TV-14,Jan,1 Season
s8723,Movie,What Lies Beneath,Jan-1-2020,2000,PG-13,Jan,130 min
s8724,Movie,What Makes a Psychopath?,Feb-1-2019,2017,TV-14,Feb,52 min
s8725,Movie,What Still Remains,Dec-21-2018,2018,TV-14,Dec,91 min
s8726,Movie,What's Up With Love?,Dec-8-2018,2002,R,Dec,110 min
s8727,TV Show,When Calls the Heart,Dec-29-2018,2017,TV-PG,Dec,5 Seasons
s8728,Movie,When Hari Got Married,Dec-25-2016,2013,NR,Dec,75 min
s8729,Movie,When Two Worlds Collide,Nov-30-2016,2016,TV-14,Nov,103 min
s8730,Movie,Where the Money Is,Jan-15-2020,2000,PG-13,Jan,89 min
s8731,Movie,Where's the Money,Jan-22-2018,2017,R,Jan,86 min
s8732,Movie,While We're Young,Oct-23-2017,2015,R,Oct,97 min
s8733,Movie,White Chamber,Aug-1-2019,2018,TV-MA,Aug,89 min
s8734,Movie,White Island,Sep-25-2017,2016,TV-MA,Sep,91 min
s8735,Movie,Who the F**k Is That Guy?,Sep-1-2017,2017,TV-MA,Sep,78 min
s8736,Movie,Who's That Knocking at My Door?,Jul-1-2019,1967,R,Jul,90 min
s8737,TV Show,Who's the One,Jan-1-2017,2011,TV-14,Jan,1 Season
s8738,Movie,Why Are We Getting So Fat?,Feb-1-2019,2016,TV-14,Feb,50 min
s8739,Movie,Why Knot,Oct-15-2017,2016,TV-MA,Oct,84 min
s8740,Movie,Why We Fight: The Battle of Russia,Mar-31-2017,1943,TV-PG,Mar,82 min
s8741,TV Show,Wild Alaska,Mar-31-2017,2015,TV-PG,Mar,1 Season
s8742,TV Show,Wild Arabia,Mar-31-2017,2013,TV-PG,Mar,1 Season
s8743,Movie,Wild Wild West,Jan-1-2020,1999,PG-13,Jan,106 min
s8744,Movie,Wildlife,Sep-1-2020,2018,PG-13,Sep,105 min
s8745,Movie,Williams,Nov-4-2017,2017,TV-MA,Nov,105 min
s8746,Movie,Willy Wonka & the Chocolate Factory,Jan-1-2020,1971,G,Jan,100 min
s8747,Movie,Winnie,Feb-26-2018,2017,TV-14,Feb,85 min
s8748,TV Show,Winsanity,Dec-15-2018,2016,TV-G,Dec,1 Season
s8749,Movie,Winter of Our Dreams,Nov-1-2016,1981,NR,Nov,86 min
s8750,TV Show,Winter Sun,Aug-1-2017,2014,TV-MA,Aug,1 Season
s8751,Movie,Winter's Bone,Mar-1-2019,2010,R,Mar,100 min
s8752,Movie,Wish I Was Here,Aug-16-2018,2014,R,Aug,106 min
s8753,Movie,Wish Man,Dec-3-2019,2019,TV-14,Dec,108 min
s8754,Movie,Withdrawn,May-1-2018,2017,TV-MA,May,74 min
s8755,Movie,Wolves,Mar-29-2019,2016,R,Mar,109 min
s8756,TV Show,Women Behind Bars," November 1, 2016",2010,TV-14,Nov,3 Seasons
s8757,Movie,Woodstock,Aug-13-2019,2019,TV-MA,Aug,97 min
s8758,Movie,World Trade Center,Nov-20-2019,2006,PG-13,Nov,129 min
s8759,TV Show,World's Busiest Cities,Feb-1-2019,2017,TV-PG,Feb,1 Season
s8760,Movie,World's Weirdest Homes,Feb-1-2019,2015,TV-PG,Feb,49 min
s8761,Movie,Would You Rather,Jun-5-2019,2013,TV-MA,Jun,93 min
s8762,Movie,Wrong No.,Jul-1-2017,2015,TV-14,Jul,133 min
s8763,Movie,Wrong Side Raju,Oct-1-2017,2016,TV-MA,Oct,140 min
s8764,Movie,WWII: Report from the Aleutians,Mar-31-2017,1943,TV-PG,Mar,45 min
s8765,Movie,Wyatt Earp,Jan-1-2020,1994,PG-13,Jan,191 min
s8766,Movie,XX,Jun-22-2017,2017,R,Jun,81 min
s8767,Movie,XXx,Jan-1-2019,2002,PG-13,Jan,124 min
s8768,Movie,XXX: State of the Union,Jan-1-2019,2005,PG-13,Jan,101 min
s8769,Movie,Y Tu Mamá También,Jun-1-2017,2001,R,Jun,106 min
s8770,Movie,Y.M.I.: Yeh Mera India,Mar-1-2018,2008,TV-MA,Mar,137 min
s8771,Movie,Yaadein,Mar-1-2018,2001,TV-14,Mar,171 min
s8772,Movie,Yaara O Dildaara,Nov-1-2017,2011,TV-14,Nov,132 min
s8773,Movie,Yamla Pagla Deewana 2,May-1-2017,2013,TV-14,May,147 min
s8774,Movie,Yanda Kartavya Aahe,Jan-1-2018,2006,TV-PG,Jan,151 min
s8775,Movie,يوم الدين,Oct-22-2019,2018,TV-14,Oct,97 min
s8776,TV Show,Yeh Meri Family,Aug-31-2018,2018,TV-PG,Aug,1 Season
s8777,Movie,Yellowbird,Aug-5-2015,2014,PG,Aug,90 min
s8778,Movie,Yes or No,Dec-6-2018,2010,TV-PG,Dec,111 min
s8779,Movie,Yes or No 2,Nov-8-2018,2012,TV-PG,Nov,112 min
s8780,Movie,Yes or No 2.5,Nov-8-2018,2015,TV-PG,Nov,107 min
s8781,TV Show,Yo-Kai Watch,Apr-1-2016,2015,TV-Y7,Apr,1 Season
s8782,Movie,Yo-Kai Watch: The Movie,Dec-1-2016,2016,TV-Y7,Dec,96 min
s8783,Movie,Yoga Hosers,Dec-2-2016,2016,PG-13,Dec,88 min
s8784,TV Show,Yoko,Jun-23-2018,2016,TV-Y,Jun,1 Season
s8785,Movie,Yoko and His Friends,Jun-23-2018,2015,TV-Y,Jun,78 min
s8786,TV Show,YOM,Jun-7-2018,2016,TV-Y7,Jun,1 Season
s8787,Movie,You Can Tutu,Dec-31-2017,2017,TV-G,Dec,87 min
s8788,Movie,You Can’t Fight Christmas,Dec-19-2017,2017,TV-PG,Dec,85 min
s8789,Movie,You Carry Me,Jul-1-2016,2015,TV-MA,Jul,157 min
s8790,Movie,You Changed My Life,Feb-27-2019,2009,TV-PG,Feb,116 min
s8791,Movie,You Don't Mess with the Zohan,Sep-1-2019,2008,UR,Sep,113 min
s8792,Movie,Young Adult,Nov-20-2019,2011,R,Nov,94 min
s8793,Movie,Young Tiger,Nov-1-2016,1973,NR,Nov,81 min
s8794,Movie,"Yours, Mine and Ours",Nov-20-2019,2005,PG,Nov,88 min
s8795,Movie,اشتباك,Oct-11-2018,2016,TV-14,Oct,98 min
s8796,TV Show,Yu-Gi-Oh! Arc-V,May-1-2018,2015,TV-Y7,May,2 Seasons
s8797,TV Show,Yunus Emre,Jan-17-2017,2016,TV-PG,Jan,2 Seasons
s8798,TV Show,Zak Storm,Sep-13-2018,2016,TV-Y7,Sep,3 Seasons
s8799,Movie,Zed Plus,Dec-31-2019,2014,TV-MA,Dec,131 min
s8800,Movie,Zenda,Feb-15-2018,2009,TV-14,Feb,120 min
s8801,TV Show,Zindagi Gulzar Hai,Dec-15-2016,2012,TV-PG,Dec,1 Season
s8802,Movie,Zinzana,Mar-9-2016,2015,TV-MA,Mar,96 min
s8803,Movie,Zodiac,Nov-20-2019,2007,R,Nov,158 min
s8804,TV Show,Zombie Dumb,Jul-1-2019,2018,TV-Y7,Jul,2 Seasons
s8805,Movie,Zombieland,Nov-1-2019,2009,R,Nov,88 min
s8806,Movie,Zoom,Jan-11-2020,2006,PG,Jan,88 min
s8807,Movie,Zubaan,Mar-2-2019,2015,TV-14,Mar,111 min
